property_type,society,sector,price,price_per_sqft,bedRoom,bathroom,balcony,floorNum,agePossession,property_id,builtup_area,study room,pooja room,store room,servant room,others,furnishing_type,facility_score
house,independent,sector 25,4.35,32222.0,5,4,3,3.0,Old Property,R70162684,1350.0,0,0,0,1,0,0,49
flat,the close south,sector 50,3.1,12444.0,3,4,3+,4.0,Moderately Old,H69433380,2450.0,0,0,0,1,0,2,165
flat,signature global city 63a,sector 63a,1.65,15263.0,2,2,2,1.0,Under Construction,G69165782,978.0,0,0,0,0,0,0,0
flat,saan verdante,sector 95,2.0,10178.0,3,4,3+,5.0,New Property,U70096330,1964.0,0,0,0,1,0,0,49
flat,puri diplomatic greens,sector 111,3.9,13000.0,4,5,3+,6.0,Relatively New,S69742910,2996.0,0,0,0,1,0,1,160
flat,signature global city 63a,sector 63a,1.4,11336.0,2,2,2,3.0,Under Construction,I69037888,1372.0,0,0,0,0,1,0,0
flat,ansal heights 86,sector 86,1.05,5541.0,3,3,3,9.0,Under Construction,D26586124,1715.0,0,0,0,1,0,0,0
flat,kamroon court,sector 43,2.75,13750.0,3,4,3+,5.0,Moderately Old,K69957846,2222.0,0,0,0,1,1,2,49
house,uppal southend,sector 49,3.75,25562.0,2,6,3+,3.0,Moderately Old,H64867042,1467.0,1,0,0,0,0,2,26
flat,dlf regency park,sector 28,2.35,13224.0,3,3,2,18.0,Old Property,T69621608,1608.0,0,0,0,1,0,0,120
flat,vatika sovereign park,sector 99,3.2,9922.0,4,4,0,5.0,Under Construction,O69031232,3225.0,0,0,0,0,0,0,23
flat,signature global solera,sector 107,0.5,7751.0,3,2,2,6.0,Relatively New,B69309024,717.0,0,0,0,0,1,0,15
flat,czar mahira homes 63a,sector 63a,0.42,7407.0,3,2,2,1.0,Under Construction,J68575026,630.0,0,0,0,0,0,0,0
flat,trisara our homes 3,sohna road,0.34,5405.0,2,2,1,0.0,New Property,K68570962,699.0,0,0,0,0,0,0,0
flat,m3m heights,sector 65,3.29,17997.0,3,3,3,33.0,New Property,H68309416,1828.0,0,0,0,0,0,0,49
flat,ats tourmaline,sector 109,1.65,7674.0,3,3,3+,16.0,Relatively New,V69309850,1946.0,0,0,0,1,0,2,49
flat,godrej habitat,sector 3,1.35,12784.0,2,2,0,4.0,Old Property,M66302926,1056.0,0,0,0,0,0,0,60
flat,maxworth city residences,sector 10a,0.9,7083.0,2,2,3,9.0,New Property,E43520595,1086.0,0,0,0,0,1,0,52
flat,ss,sector 85,1.98,8222.0,3,4,3,6.0,Relatively New,E70087054,2300.0,0,0,0,0,0,0,42
flat,sare homes,sector 92,1.25,6200.0,4,3,0,16.0,Under Construction,D21293994,2040.0,0,0,0,0,0,0,49
flat,emaar mgf emerald floors,sector 65,3.2,10159.0,4,3,2,1.0,Relatively New,C69772638,3150.0,0,0,0,1,0,0,0
flat,"ganpati apartment  2, laxman vihar phase 1",sector 4,0.45,4705.0,2,2,1,0.0,Relatively New,M68320118,944.0,0,0,0,0,0,0,46
flat,dlf regal gardens,sector 90,1.78,8040.0,4,4,3+,12.0,Relatively New,P62070450,2005.0,0,0,0,0,0,0,61
flat,dlf icon,sector 43,5.8,20707.0,4,4,3+,18.0,Old Property,D69982940,2801.0,0,0,0,0,0,0,0
house,vipul tatvam villa,sector 48,8.4,21000.0,4,5,3+,2.0,Moderately Old,K69830898,4000.0,1,1,0,1,0,2,49
flat,om appartments,sector 3 phase 2,0.4,4444.0,3,2,1,3.0,Relatively New,U66576982,1000.0,0,0,0,0,0,0,7
flat,ats marigold,sector 89,1.85,8604.0,3,3,3+,12.0,New Property,W69990716,1946.0,0,0,0,1,0,0,37
flat,sare crescent parc,sector 92,0.8,4210.0,4,3,2,10.0,Relatively New,G46888525,1719.0,0,0,0,0,1,0,37
flat,shree vardhman victoria,sector 70,1.15,8518.0,2,2,3,8.0,Relatively New,N69685680,1222.0,1,0,0,0,1,0,49
flat,experion the heartsong,sector 108,1.6,7988.0,3,4,3+,3.0,Relatively New,F62011836,1500.29,0,0,0,1,0,2,60
flat,the crew bos chs manesar,manesar,0.85,3695.0,3,3,2,2.0,Moderately Old,T68196706,2556.0,0,0,0,0,0,0,44
flat,microtek greenburg,sector 86,1.3,8756.0,2,2,3,10.0,Relatively New,R70169300,1339.0,1,0,0,0,0,0,38
flat,emaar emerald hills,sector 65,1.95,13928.0,3,3,3+,1.0,New Property,V69831504,1556.0,0,0,1,0,0,2,117
house,anamika enclave,sector 12,6.0,14492.0,9,9,3+,3.0,Old Property,U64211740,9000.0,0,0,0,0,0,0,9
house,godrej meridien,sector 106,5.6,14000.0,5,4,3+,33.0,New Property,V69168320,4000.0,1,1,1,1,0,0,151
flat,experion windchants,sector 112,5.6,11529.0,4,6,3+,15.0,Moderately Old,M69125272,3662.34,0,0,0,1,0,2,157
flat,experion windchants,sector 112,2.8,11470.0,2,3,2,9.0,Relatively New,X69596172,2441.0,1,0,0,1,0,0,137
flat,smriti apartment,sector 56,0.52,10666.0,1,1,1,1.0,Old Property,R54552000,475.0,0,0,0,0,0,0,34
house,independent,sector 28,11.75,41315.0,4,5,3+,4.0,Relatively New,F69427624,2844.0,1,0,1,1,0,2,54
flat,gls arawali homes,sohna road,0.3,5291.0,2,2,2,10.0,Relatively New,D64840654,516.0,0,0,0,0,0,0,42
house,dlf city plots phase 4,sector 28,9.54,29444.0,6,5,3+,3.0,New Property,V69808282,3240.0,1,1,1,1,0,0,153
house,independent,sector 45,10.0,30864.0,6,6,3+,4.0,Moderately Old,I63177352,3240.0,1,1,1,1,0,2,70
flat,emaar imperial gardens,sector 102,1.91,9550.0,3,4,2,17.0,Relatively New,T69732882,1587.0,1,0,0,1,0,2,152
flat,shapoorji pallonji joyville gurugram,sector 102,1.25,9876.0,2,2,2,0.0,Relatively New,U69125000,1100.0,0,0,0,0,0,0,79
flat,ramprastha the edge towers,sector 37d,1.1,5528.0,3,3,3,9.0,Relatively New,R68957042,1990.0,0,0,0,0,0,0,63
flat,umang winter hills,sector 77,1.4,6340.0,3,3,3,10.0,Relatively New,C68021494,1735.0,0,0,0,0,0,0,28
flat,mapsko mount ville,sector 79,1.2,8052.0,3,3,3,9.0,Relatively New,L69631492,1321.0,1,0,0,0,0,2,104
flat,vatika gurgaon,sector 83,0.78,6265.0,2,2,2,3.0,Relatively New,V68896848,850.0,1,1,0,0,0,2,165
flat,godrej habitat,sector 3,1.25,8656.0,2,2,3,14.0,Under Construction,X66557286,1161.0,0,0,0,0,0,0,36
flat,emaar mgf palm hills,sector 77,1.65,8461.0,4,3,3,9.0,Relatively New,S70076870,1765.0,0,0,0,1,0,0,100
flat,emaar imperial gardens,sector 102,1.98,9900.0,3,3,3+,9.0,Relatively New,M69068068,2222.0,0,0,0,1,0,2,72
house,independent,sector 26,13.5,29880.0,5,5,3+,2.0,Relatively New,T70094424,4518.0,1,1,0,1,1,1,49
flat,ss the leaf,sector 85,1.08,6585.0,2,2,3,8.0,New Property,K68761724,1200.0,1,1,1,1,0,2,157
flat,signature global synera,sector 81,0.31,7434.0,1,1,1,13.0,Relatively New,B69809430,366.0,0,0,0,0,0,1,123
flat,smart world gems,sector 89,0.95,8600.0,2,2,2,4.0,New Property,R69024308,1226.0,1,0,0,1,0,0,38
flat,pareena mi casa,sector 68,1.0,8163.0,2,2,2,16.0,New Property,V69551604,1361.0,0,0,0,1,0,0,65
flat,suncity avenue,sector 102,0.47,8928.0,2,2,1,5.0,Relatively New,J69785340,582.0,0,0,1,0,0,0,142
house,independent,sector 38,8.0,25616.0,10,10,3+,1.0,Relatively New,L69856040,3123.0,0,0,0,0,0,0,0
flat,dlf regency park,sector 28,1.24,12400.0,2,2,3+,19.0,Moderately Old,T69689326,1050.0,0,1,0,0,0,2,157
flat,bestech park view ananda,sector 81,0.87,7951.0,2,2,3,8.0,Relatively New,I63351906,1300.0,0,0,0,0,0,0,95
flat,bestech park view residency,sector 2,0.98,6932.0,2,2,3,11.0,Moderately Old,N68401428,1281.0,0,0,0,0,0,0,83
flat,rof ananda,sector 95,0.26,6032.0,1,1,1,8.0,New Property,I65325074,406.0,0,0,0,0,0,0,49
flat,ramprastha skyz,sector 37d,1.25,7250.0,3,3,3+,2.0,Under Construction,R68021756,1725.0,0,0,0,0,0,0,8
house,dlf city plots,sector 26,17.0,37627.0,5,6,3,2.0,Old Property,L69941792,4518.0,0,1,1,1,0,2,87
flat,godrej aria,sector 79,1.1,7772.0,2,2,3+,4.0,New Property,R68188116,1223.0,0,0,0,0,0,2,49
flat,orchid petals,sector 49,4.21,11835.0,5,6,3+,14.0,Relatively New,I70022598,3219.0,0,1,0,1,0,0,35
flat,ashiana mulberry,sohna road,0.74,6200.0,2,2,3+,12.0,New Property,K68771888,1344.0,0,0,0,0,0,0,67
flat,spaze privy,sector 72,3.1,6692.0,4,5,3+,8.0,Moderately Old,Z69235626,3374.0,1,1,1,1,0,0,136
flat,sbtl caladium,sector 109,1.2,6382.0,3,2,2,8.0,Relatively New,R68625608,1701.0,0,0,0,0,0,0,151
flat,bptp terra,sector 37d,1.65,7530.0,4,3,3+,6.0,Relatively New,E70094810,2091.0,0,0,0,0,0,2,149
flat,pyramid urban homes 2,sector 86,0.44,7321.0,2,2,2,6.0,Relatively New,V69085664,668.0,0,0,0,0,0,2,63
flat,greenopolis,sector 89,0.8,4820.0,2,3,3,8.0,Under Construction,W31384819,1502.0,1,0,0,0,1,0,60
flat,sare crescent parc,sector 92,0.82,5384.0,3,3,3+,12.0,Relatively New,T68022426,1523.0,0,0,0,0,0,0,0
flat,spaze privy,sector 72,1.9,9620.0,3,3,3,10.0,Relatively New,T69753598,1975.0,0,0,0,0,0,0,0
house,independent,sector 43,8.5,31481.0,5,5,3,3.0,Moderately Old,V68392090,2700.0,0,0,0,1,0,2,113
house,vatika india next,sector 82,6.5,20062.0,4,3,0,2.0,Relatively New,O68021412,3240.0,0,0,0,0,0,0,0
flat,vatika gurgaon,sector 83,0.84,6746.0,2,2,2,7.0,Moderately Old,D70152358,1127.0,0,0,0,0,0,2,157
flat,la vida by tata housing,sector 113,1.55,11654.0,2,2,3,2.0,New Property,Y68450358,1276.0,0,0,0,0,0,0,174
flat,sidhartha ncr greens,sector 95,0.96,6201.0,3,3,3,8.0,New Property,P61617128,1720.0,0,1,1,0,0,0,8
flat,green court,sector 90,0.4,6389.0,2,2,1,8.0,New Property,S64064452,575.0,0,0,0,0,0,0,20
house,ansal sushant lok plots,sector 43,11.5,17692.0,7,8,3+,3.0,Old Property,V69310762,9000.0,0,1,1,1,0,2,31
flat,breez global heights,sohna road,0.42,6420.0,2,2,2,2.0,New Property,B64902914,564.0,0,0,0,0,0,0,73
flat,bptp terra,sector 37d,1.75,7987.0,4,4,3,7.0,Relatively New,F69267096,2100.0,0,0,0,0,1,2,120
house,independent,sector 2,3.65,23442.0,3,9,3+,3.0,New Property,B69812818,1557.0,0,1,0,1,0,2,116
house,independent,sector 9,1.1,6111.0,4,3,1,2.0,Old Property,O27405853,200.0,0,0,0,0,0,0,0
flat,m3m one key resiments,sector 67,0.8,13115.0,1,1,0,0.0,Relatively New,G68560058,610.0,0,0,0,0,0,0,0
flat,birla navya,sector 63a,2.1,16666.0,2,2,2,2.0,Under Construction,K70051610,1400.0,0,0,0,0,0,0,38
flat,signature global solera,sector 107,0.38,6333.0,2,2,2,3.0,Relatively New,Q69135694,627.0,0,0,0,0,0,1,23
flat,la vida by tata housing,sector 113,1.5,11755.0,2,2,2,13.0,New Property,I68564410,1155.0,0,0,0,0,0,0,60
flat,capital residences 360,sector 70a,1.66,8400.0,3,3,3+,8.0,New Property,I70084254,1900.0,0,0,0,1,0,0,132
house,independent,sector 37d,1.16,7539.0,1,1,0,1.0,Relatively New,I67433976,1535.0,0,0,0,0,0,0,0
flat,bestech park view grand spa,sector 81,2.35,8834.0,3,4,3+,10.0,Relatively New,H69427448,2511.0,0,0,0,1,0,0,109
house,international city by sobha phase 2,sector 109,7.0,11240.0,5,5,3+,2.0,Relatively New,E70108668,6228.0,0,0,0,1,0,0,129
flat,raheja sampada,sector 92,0.7,4453.0,3,3,0,7.0,Relatively New,L67904536,1572.0,0,0,0,0,0,0,0
flat,tulip violet,sector 69,1.32,8411.0,3,3,1,12.0,Relatively New,F69429866,1419.0,0,1,0,0,0,0,86
flat,dlf regal gardens,sector 90,1.29,7103.0,3,3,3+,12.0,Relatively New,Z69685130,1817.0,0,0,0,1,0,0,152
flat,bestech park view sanskruti,sector 92,1.55,9687.0,3,3,3,17.0,Relatively New,A57683322,1792.0,0,0,0,1,0,2,60
flat,emaar mgf emerald floors premier,sector 65,2.8,14177.0,4,4,3,2.0,Relatively New,S63409022,2194.0,1,0,0,1,0,2,108
house,emaar mgf marbella,sector 66,18.0,40000.0,5,6,3+,3.0,Relatively New,X69714856,4500.0,1,1,1,1,0,1,153
flat,malibu towers,sector 47,2.45,10698.0,3,4,2,1.0,Old Property,O69735740,2544.0,1,0,0,0,0,2,42
flat,adani aangan arcade,sector 88a,0.45,7200.0,2,2,1,3.0,New Property,R66070700,694.0,0,0,0,0,0,0,14
flat,adani brahma samsara vilasa,sector 63,3.0,16666.0,3,3,3,3.0,New Property,U69481564,2000.0,0,0,0,0,0,0,24
flat,raheja vanya,sector 99a,0.59,3975.0,2,2,3,1.0,Under Construction,P60026372,1133.0,0,0,0,0,1,0,96
flat,paras dews,sector 106,1.5,6369.0,4,6,3+,11.0,Relatively New,O69996360,1535.0,0,0,0,1,0,0,174
flat,unitech greenwood city,sector 45,2.4,12346.0,3,3,2,1.0,New Property,G69464840,195.0,0,0,0,1,0,2,19
house,independent,sector 12,1.4,8702.0,2,2,1,2.0,Old Property,Y67853988,166.0,0,0,0,0,0,0,0
house,international city by sobha phase 2,sector 109,6.8,12593.0,4,5,3,2.0,Relatively New,P70106010,5400.0,0,0,0,1,0,0,49
flat,ramprastha the edge towers,sector 37d,1.0,5649.0,3,3,3+,13.0,Moderately Old,U68986472,1602.0,0,0,0,0,0,0,38
flat,godrej nature plus,sector 33,1.75,8768.0,3,3,0,2.0,Under Construction,S68634010,1996.0,0,0,0,0,0,0,56
flat,orris carnation residency,sector 85,0.55,5788.0,2,2,2,5.0,Relatively New,I64885268,1050.0,0,0,0,0,1,0,174
house,smart world gems,sector 89,1.25,8784.0,3,3,2,1.0,Under Construction,A68634320,1423.0,1,0,0,0,1,0,45
flat,bestech park view residency,sector 2,1.51,7890.0,3,4,3+,8.0,Moderately Old,Y70072328,1738.0,0,0,0,1,0,0,92
house,international city by sobha phase 2,sector 109,12.5,26670.0,5,6,3,3.0,Relatively New,I69923532,4500.0,1,1,1,1,0,0,63
flat,m3m sierra 68,sector 68,1.1,8986.0,2,2,3,1.0,Relatively New,P69235928,1150.0,0,0,0,0,0,2,127
flat,godrej aria,sector 79,1.3,8843.0,2,2,2,7.0,Relatively New,I69290950,1330.0,1,0,0,0,0,2,116
flat,dhoot time residency,sector 63,3.0,18271.0,3,3,3+,14.0,Relatively New,P69192318,1642.0,0,0,0,1,0,2,0
flat,umang monsoon breeze,sector 78,0.62,5004.0,2,2,1,7.0,Moderately Old,T69662316,1115.0,0,0,1,0,0,0,111
house,independent,sector 26,5.8,12837.0,4,4,3+,4.0,Old Property,U70115748,4518.0,0,0,0,0,0,0,38
flat,ramprasta awho,sector 95,0.92,5257.0,3,3,3+,13.0,New Property,O64571990,1750.0,0,0,0,0,0,0,0
house,independent,sector 12,0.7,6034.0,3,3,0,1.0,Relatively New,T53379380,1160.0,0,0,0,0,0,0,23
flat,dlf the primus,sector 82a,2.95,11451.0,4,5,3+,10.0,Relatively New,U70012350,2110.0,0,0,0,1,0,1,174
flat,mittal cosmos executive apartments,sector 2,0.75,6550.0,2,2,2,15.0,Old Property,K65460496,1100.0,0,0,0,0,0,2,42
house,independent,sector 2,5.0,15384.0,6,6,2,1.0,Moderately Old,G69905858,3611.0,0,0,0,0,0,0,0
house,independent,sector 50,12.5,40611.0,6,5,3,4.0,Moderately Old,Y64066178,3078.0,1,1,0,1,0,2,23
flat,supertech araville,sector 79,1.45,7455.0,3,3,3,3.0,Relatively New,U68283872,2161.0,0,0,0,0,0,0,0
flat,ansal sushant lok ci,sector 43,2.0,15151.0,3,3,2,1.0,Old Property,V68773394,1467.0,0,0,0,1,0,1,15
flat,tulip violet,sector 69,1.38,8972.0,3,3,1,12.0,Relatively New,N68450700,1709.0,0,0,0,0,0,0,174
house,malibu towne,sector 47,1.15,4646.0,3,3,3,2.0,Old Property,G70106720,275.0,0,0,0,0,0,2,33
flat,shree vardhman flora,sector 90,0.65,5000.0,2,2,2,12.0,Old Property,B68311072,1176.0,1,0,0,0,0,0,103
flat,dlf the skycourt,sector 86,1.54,9221.0,3,3,3+,15.0,Relatively New,E69657538,1780.0,0,0,0,1,0,0,174
house,independent,sector 7,1.16,11693.0,2,4,2,3.0,Moderately Old,N69560152,1102.0,0,0,0,0,1,0,39
flat,shree vardhman victoria,sector 70,1.55,7948.0,3,5,3,8.0,Relatively New,G70133410,1527.0,0,0,0,1,0,0,174
flat,bptp terra,sector 37d,1.98,9036.0,3,3,3+,12.0,New Property,Q70028830,1983.0,1,0,0,0,0,2,49
flat,breez global heights,sohna road,0.4,6694.0,2,2,2,7.0,Relatively New,F69060286,762.0,0,0,0,0,0,0,57
flat,tulip monsella,sector 53,7.4,33199.0,4,4,3,21.0,Under Construction,A66658898,2477.0,0,0,0,0,0,0,35
house,international city by sobha phase 2,sector 109,6.5,12037.0,4,4,3+,1.0,New Property,W69832586,5400.0,0,0,0,1,0,2,160
flat,mapsko mount ville,sector 79,1.2,13837.0,3,3,3,18.0,Relatively New,U69665010,1165.0,1,1,0,0,0,2,160
flat,ashiana mulberry,sohna road,0.95,6485.0,2,2,3+,3.0,New Property,J68379968,1175.97,1,0,0,0,0,0,89
house,independent,sector 46,5.5,23061.0,8,8,3+,3.0,Moderately Old,W70005554,2385.0,1,0,0,0,1,2,32
flat,shapoorji pallonji joyville gurugram,sector 102,0.97,16454.0,2,2,2,10.0,Relatively New,T68619970,742.0,0,0,0,0,0,0,151
flat,antriksh heights,sector 84,0.73,6083.0,2,2,3+,4.0,Relatively New,K69055174,1026.0,1,1,1,0,0,0,158
flat,bestech altura,sector 79,2.55,9532.0,4,5,2,4.0,New Property,X69888856,2675.0,0,0,0,1,0,0,44
flat,pioneer araya,sector 62,7.56,18000.0,4,4,3+,23.0,Relatively New,I69408046,4200.0,0,1,0,1,0,2,87
flat,bestech park view grand spa,sector 81,2.2,8270.0,3,4,3+,8.0,Relatively New,R68344512,2481.0,0,0,0,1,0,2,165
flat,indiabulls centrum park,sector 103,1.9,5681.0,3,4,3+,10.0,Relatively New,D69120526,3716.0,1,1,0,1,1,2,49
flat,m3m heights,sector 65,2.1,16653.0,2,2,3,8.0,New Property,J69877808,1015.0,0,0,0,0,0,0,31
flat,dlf regal gardens,sector 90,1.3,7150.0,3,3,3+,7.0,Relatively New,L69622936,1700.0,0,0,0,0,0,0,141
flat,pareena mi casa,sector 68,1.7,8504.0,4,4,3,2.0,New Property,E68365074,1809.0,0,0,0,0,0,0,47
flat,eden landmark,manesar,0.5,3847.0,2,2,0,7.0,Under Construction,N24137865,1300.0,0,0,0,0,0,0,0
flat,spectrum centre,sector 82a,0.62,9538.0,1,1,0,6.0,Relatively New,C69239554,650.0,0,0,0,0,0,0,0
flat,dlf the ultima,sector 81,2.25,10699.0,3,3,3+,11.0,Relatively New,L69101800,1600.0,1,1,0,1,1,1,49
flat,denso haryana housing society,manesar,0.9,4308.0,3,3,3+,5.0,Moderately Old,U68196874,2321.0,0,0,0,1,0,0,7
flat,emaar mgf palm hills,sector 77,1.08,5400.0,3,4,3+,5.0,Relatively New,K69722888,1810.0,1,0,0,1,1,2,167
house,unitech espace,sector 50,10.3,31790.0,5,6,3+,3.0,Moderately Old,H69824454,3240.0,1,1,1,1,0,2,160
flat,vipul lavanya,sector 81,0.75,5966.0,2,2,2,7.0,Moderately Old,D69822664,1397.0,0,0,0,0,0,0,37
flat,parsvnath green ville,sector 48,1.6,8376.0,3,3,3+,8.0,Old Property,R69288018,1895.0,0,0,0,0,1,2,49
flat,bestech park view ananda,sector 81,1.45,8734.0,3,2,3+,3.0,Relatively New,A52657366,1352.0,0,0,0,0,1,0,45
flat,emaar mgf emerald floors premier,sector 65,2.7,16363.0,3,3,3,5.0,Relatively New,O69850120,1650.0,0,0,1,1,0,2,108
flat,dlf the ultima,sector 81,2.28,10841.0,3,3,3+,14.0,Relatively New,R69994518,1750.0,0,0,0,1,0,1,49
flat,residency grand,sector 52,5.0,7692.0,5,7,3+,1.0,Moderately Old,U36038313,5778.0,0,1,0,1,0,0,77
flat,ireo skyon,sector 60,2.65,13125.0,3,4,3+,7.0,Moderately Old,H68412308,2037.0,0,0,0,1,0,2,152
flat,krisumi waterfall residences,sector 36a,4.1,15500.0,3,4,3,30.0,New Property,N69444154,2820.0,1,0,0,0,0,1,49
flat,tulip leaf,sector 69,2.06,11386.0,3,3,3,16.0,Relatively New,B69392810,1640.0,0,0,0,0,0,0,49
house,vipul world,sector 48,3.35,5583.0,6,5,3+,3.0,Moderately Old,H67904184,6000.0,0,0,0,0,0,0,53
flat,m3m golfestate,sector 65,5.0,18518.0,3,3,3+,28.0,Relatively New,N69817180,2800.0,0,1,0,1,0,2,165
flat,tulip violet,sector 69,1.2,10909.0,2,3,0,0.0,Relatively New,W69926632,1100.0,0,0,0,0,0,0,54
flat,m3m skywalk,sector 74,2.25,13636.0,3,3,2,9.0,Relatively New,Z69139110,1938.0,0,0,0,1,0,2,174
flat,ireo skyon,sector 60,3.0,12484.0,3,3,3,5.0,Relatively New,O69439286,2400.0,0,0,0,1,0,2,174
flat,signature global park,sohna road,0.9,8035.0,3,2,2,2.0,Under Construction,E68637580,1014.0,0,0,0,0,0,0,144
flat,umang monsoon breeze,sector 78,0.69,5390.0,2,2,2,11.0,Moderately Old,K69682308,1422.0,0,0,0,0,0,0,60
flat,tulip violet,sector 69,1.9,9452.0,4,4,2,0.0,Relatively New,C69393158,1819.0,0,0,0,0,0,0,49
flat,hsiidc sidco aravali,manesar,0.9,3477.0,3,3,3,2.0,Old Property,L70035366,1900.0,0,0,0,1,0,1,21
house,ss hibiscus,sector 50,12.25,20940.0,5,7,3+,1.0,Relatively New,M69250532,5850.0,1,1,0,1,1,2,160
house,bptp visionnaire,sector 70a,5.4,20690.0,4,5,3+,3.0,Relatively New,H68309874,2610.0,1,1,1,1,0,2,136
flat,la vida by tata housing,sector 113,1.85,11716.0,3,2,2,7.0,New Property,F68295166,1429.0,0,0,0,0,0,0,13
house,independent,sector 7,0.27,12000.0,2,2,1,2.0,Moderately Old,Z57259810,225.0,0,0,0,0,0,0,12
flat,mvn athens,sohna road,0.27,5897.0,2,2,1,4.0,Relatively New,S68097944,509.0,0,0,0,0,1,2,35
flat,m3m merlin,sector 67,3.5,14583.0,3,4,3,17.0,Relatively New,H69409856,2225.0,0,0,1,1,0,2,167
flat,hcbs sports ville,sohna road,0.38,5067.0,2,2,2,9.0,Relatively New,O68368424,750.0,0,0,0,0,0,0,0
flat,corona gracieux,sector 76,1.46,5500.0,4,6,3+,8.0,New Property,M69166004,2398.0,0,0,0,1,0,0,58
flat,la vida by tata housing,sector 113,2.78,10334.0,3,4,3+,5.0,Relatively New,M68451874,2350.0,0,0,0,1,0,0,174
flat,shapoorji pallonji joyville gurugram,sector 102,1.05,11475.0,2,2,2,0.0,Under Construction,O68818592,1017.0,0,0,0,0,0,0,49
flat,la vida by tata housing,sector 113,1.38,12000.0,2,2,3,8.0,New Property,F68449364,1350.0,1,0,0,0,0,0,174
flat,la lagune,sector 54,6.75,21360.0,4,6,3+,11.0,Moderately Old,B66133960,2455.0,0,0,0,1,0,2,119
flat,raheja navodaya,sector 92,0.62,4807.0,2,2,2,5.0,New Property,B24118357,1498.0,0,0,0,0,0,0,0
flat,vipul lavanya,sector 81,1.28,7174.0,3,3,3,1.0,Moderately Old,H69882504,1982.0,0,1,0,1,0,2,49
flat,shree vardhman victoria,sector 70,1.07,7925.0,2,2,3,8.0,Relatively New,O69321428,1222.0,1,0,0,0,0,0,108
flat,emaar imperial gardens,sector 102,2.05,9876.0,3,4,3+,14.0,Relatively New,P68269824,2250.0,0,0,0,1,0,0,116
flat,conscient heritage max,sector 102,1.75,9062.0,3,4,3+,16.0,Relatively New,L59898308,1748.0,0,0,0,1,0,0,134
flat,mapsko royale ville,sector 82,1.22,7176.0,3,5,3+,10.0,Relatively New,K68544798,2000.0,0,1,0,1,0,2,76
flat,antriksh heights,sector 84,0.89,4370.0,3,3,3,8.0,Relatively New,D69973246,1833.0,0,1,0,0,0,0,67
flat,friends apartment,sector 52,2.0,8510.0,4,3,3,5.0,Moderately Old,Q69487782,2091.0,0,0,0,1,0,1,111
flat,cghs airport apartment,sector 47,1.65,7857.0,3,3,3,1.0,Old Property,A69847632,1906.0,0,0,0,0,1,2,136
flat,ild greens,sector 37c,0.78,5714.0,2,2,3,1.0,Moderately Old,H68779518,1068.1,0,0,0,0,0,2,103
flat,m3m heights,sector 65,2.78,15200.0,3,3,3,44.0,Relatively New,T69537078,1829.0,0,0,0,0,0,0,56
flat,pareena coban residences,sector 99a,1.3,6510.0,3,3,0,16.0,New Property,O68022476,1997.0,0,0,0,0,0,0,0
flat,umang winter hills,sector 77,0.71,5305.0,2,2,2,6.0,Relatively New,K68224474,1057.0,1,0,0,0,0,0,108
flat,sare green parc phase 3,sector 92,0.75,7142.0,3,2,2,3.0,New Property,B69104786,1298.0,0,0,0,0,0,0,121
house,huda plots,sector 56,2.95,20359.0,2,2,2,1.0,Moderately Old,P69594254,1449.0,0,0,0,0,0,0,31
house,independent,sector 13,9.0,11111.0,10,5,3+,4.0,Old Property,H63238820,8100.0,0,0,0,0,0,0,0
flat,ss the leaf,sector 85,2.13,7574.0,4,4,3,2.0,Relatively New,E70087294,2600.0,0,0,0,0,0,0,49
flat,dlf regency park,sector 28,1.91,16608.0,2,2,2,11.0,New Property,B68992854,1278.0,0,0,0,0,0,1,98
flat,ambience creacions,sector 22,4.3,13915.0,3,4,3+,6.0,Relatively New,B69960750,2600.0,0,0,0,1,1,1,120
flat,ats tourmaline,sector 109,1.75,10000.0,3,3,3,4.0,New Property,R67560124,1466.0,0,0,0,0,0,0,31
house,independent,sector 3,3.5,9210.0,1,1,0,1.0,Moderately Old,Z67766806,3800.0,0,0,0,0,0,0,0
flat,ansal heights 86,sector 86,0.78,5735.0,2,2,2,8.0,New Property,K57098890,1360.0,0,0,0,0,0,0,72
flat,ansal maple heights,sector 43,1.5,12658.0,3,3,3+,7.0,Old Property,H69801220,1385.0,0,0,1,0,0,2,174
flat,dlf new town heights,sector 91,2.0,6967.0,4,4,3+,16.0,Moderately Old,K47366137,2468.0,1,1,0,1,0,0,65
flat,dlf new town heights,sector 90,1.55,6556.0,4,4,3+,1.0,Relatively New,P44401719,2139.0,0,1,0,1,0,0,81
house,international city by sobha phase 2,sector 109,10.0,27778.0,4,5,3+,2.0,New Property,D67028538,3600.0,1,1,0,1,1,2,49
flat,deepak minda,manesar,1.2,4528.0,3,3,3+,6.0,Moderately Old,X68196798,2944.0,0,0,0,1,0,0,7
flat,chd avenue,sector 71,1.35,5744.0,4,4,3,8.0,Moderately Old,W69335304,2127.0,0,0,0,1,0,0,26
flat,shree balaji appartment,sector 33,0.4,5000.0,2,2,2,1.0,Relatively New,N59277376,724.0,0,0,0,0,0,1,0
flat,umang monsoon breeze,sector 78,1.15,5284.0,3,3,3,9.0,Moderately Old,A68942872,1969.0,0,0,0,1,1,0,22
flat,tulip monsella,sector 53,5.6,19363.0,3,3,3+,1.0,Under Construction,G64731824,2617.0,0,0,0,0,0,0,42
house,independent,sector 41,11.0,33951.0,4,4,2,3.0,New Property,J69424116,3240.0,1,1,0,1,0,0,35
flat,aipl the peaceful homes,sector 70a,2.55,11860.0,3,3,3,20.0,New Property,I69625984,2000.0,0,1,0,1,1,2,150
house,project mianwali colony,sector 12,1.7,9444.0,1,1,2,1.0,Old Property,M69654546,2000.0,0,0,0,0,0,0,0
flat,professors enclave cghs,sector 56,1.54,8324.0,3,3,2,6.0,Old Property,U69431586,1920.0,0,1,0,1,0,2,104
flat,greenopolis,sector 89,0.9,4700.0,3,3,0,14.0,Under Construction,I19370017,1910.0,0,0,0,0,0,0,67
flat,tarc maceo,sector 91,0.96,5413.0,2,2,3+,8.0,Moderately Old,Q65461140,1271.0,0,0,0,0,0,0,85
flat,puri diplomatic greens,sector 111,3.45,11694.0,4,5,3+,10.0,Relatively New,T69579124,2670.0,0,0,0,1,0,0,101
flat,dlf the skycourt,sector 86,1.6,8294.0,3,3,1,14.0,Relatively New,F70081718,1746.0,0,1,0,0,0,0,72
flat,shapoorji pallonji joyville gurugram,sector 102,2.12,11447.0,3,3,3,9.0,New Property,R66900322,1571.0,0,0,0,0,0,0,109
flat,piedmont taksila heights,sector 37c,1.0,6506.0,3,3,3+,8.0,Relatively New,E68414772,1708.0,0,0,0,0,0,2,49
flat,dlf regal gardens,sector 90,1.25,7167.0,3,3,2,11.0,Relatively New,I69160896,1578.0,0,0,0,0,1,0,14
flat,godrej nature plus,sector 33,1.07,7725.0,2,2,2,14.0,Under Construction,K68519126,1253.0,0,0,0,0,0,0,68
flat,alpha corp gurgaonone,sector 84,2.2,7586.0,4,4,3,10.0,Relatively New,C69431042,3222.0,0,0,0,1,0,0,21
house,independent,sector 28,4.5,13889.0,4,4,0,4.0,Relatively New,L68904950,3240.0,0,0,0,0,0,0,0
flat,emaar imperial gardens,sector 102,1.85,9135.0,3,3,3+,0.0,Relatively New,Z68808868,2250.0,0,0,0,1,0,2,95
flat,mvn athens,sohna road,0.21,4666.0,1,1,1,11.0,New Property,G61217010,500.0,0,0,0,0,0,0,16
flat,bestech park view ananda,sector 81,1.15,6927.0,3,2,3+,12.0,Relatively New,G69408148,1352.0,0,0,0,0,0,0,101
flat,pyramid elite,sector 86,0.45,7739.0,2,2,1,4.0,Under Construction,I68593654,646.0,0,0,0,0,0,0,66
flat,hero homes,sector 104,1.2,17548.0,2,2,2,22.0,Under Construction,H50203156,877.0,0,0,0,0,0,0,30
flat,shree vardhman victoria,sector 70,1.23,9111.0,2,2,3,1.0,Relatively New,O69936994,1222.0,1,0,0,0,0,0,43
flat,breez global heights,sohna road,0.39,4105.0,2,2,2,3.0,Relatively New,Y67381466,720.0,0,0,0,0,0,0,0
flat,ss the leaf,sector 85,1.2,10452.0,2,2,3+,2.0,Relatively New,U69944844,1380.0,0,0,1,0,0,0,156
flat,rof ananda,sector 95,0.2,5463.0,1,1,1,9.0,Relatively New,U69979052,407.0,0,1,0,0,0,0,52
house,independent,sector 17,0.29,3254.0,2,1,0,0.0,Old Property,G67946074,891.0,0,0,0,0,0,0,0
flat,m3m skycity,sector 65,2.8,15317.0,3,3,0,14.0,Relatively New,Y68022268,1828.0,0,0,0,0,0,0,39
flat,shri banke bihari society,sector 56,1.37,9133.0,3,3,3+,2.0,Old Property,Y69900360,1450.0,0,0,0,0,1,0,174
flat,ambience lagoon,sector 24,4.25,13281.0,3,4,3+,3.0,Old Property,A69484894,3201.0,0,1,0,1,0,2,143
house,independent,sector 3 phase 3 extension,1.5,5000.0,6,1,0,1.0,New Property,O69442076,3000.0,0,0,0,0,0,0,0
flat,mapsko mount ville,sector 79,1.25,8389.0,3,3,3+,16.0,Relatively New,W69572278,1656.0,0,0,0,0,0,2,49
flat,pareena mi casa,sector 68,1.1,9020.0,2,2,3,13.0,New Property,V58274898,1244.0,0,0,0,0,0,0,106
house,adani brahma samsara,sector 60,18.02,28200.0,9,12,3+,3.0,Relatively New,Y67109428,6390.0,0,0,0,1,0,2,146
house,vatika sovereign next,sector 82a,3.85,7500.0,5,6,3+,6.0,Relatively New,O69258128,5140.0,0,0,0,0,0,0,53
flat,ramprastha the atrium,sector 37d,0.9,6225.0,3,3,2,13.0,Relatively New,I68316312,1185.0,0,0,0,0,0,1,37
flat,dlf new town heights,sector 90,1.21,6243.0,3,3,3+,7.0,Relatively New,X69632308,1929.0,0,1,0,1,0,0,127
flat,rof ananda,sector 95,0.36,5658.0,2,2,2,10.0,New Property,N69389266,717.0,1,0,0,0,0,0,75
flat,ireo the corridors,sector 67a,2.0,11580.0,3,3,2,6.0,Under Construction,E58721404,1346.0,0,0,0,0,1,0,15
house,independent,sector 25,10.0,37037.0,5,5,3+,3.0,Moderately Old,G69523296,9500.0,0,1,0,1,0,1,29
flat,bestech park view grand spa,sector 81,2.29,8609.0,3,4,3+,10.0,Relatively New,K69736336,2315.0,1,0,0,1,0,1,174
flat,emaar gurgaon greens,sector 102,1.35,8181.0,3,3,3,5.0,Relatively New,C64607518,1315.0,0,0,0,1,0,0,119
flat,godrej air,sector 85,1.4,10000.0,2,2,3,23.0,Relatively New,J69836484,1400.0,0,0,0,0,0,0,44
flat,puri diplomatic greens,sector 111,3.45,11694.0,4,5,3+,9.0,Relatively New,W69922524,2670.0,0,0,0,1,0,0,68
flat,jammu and kashmir bank employees cghs,sector 9a,0.95,6129.0,3,3,2,5.0,Moderately Old,E45070641,1403.0,0,0,0,0,1,0,30
house,international city by sobha phase 1,sector 109,6.1,25103.0,5,6,3+,2.0,Moderately Old,S68706948,2430.0,0,0,0,1,0,0,30
flat,bestech park view grand spa,sector 81,2.25,8458.0,3,4,3+,8.0,Relatively New,Y69455236,2300.0,1,0,1,1,0,2,122
flat,sobha city,sector 108,2.5,14611.0,3,3,2,19.0,New Property,T69829404,1480.0,0,0,0,0,0,0,166
flat,dlf the primus,sector 82a,2.7,10481.0,4,4,3+,18.0,Moderately Old,X68655328,2576.0,0,0,0,1,0,0,38
flat,ss the leaf,sector 85,1.18,10727.0,2,2,3,9.0,Relatively New,H69399868,1700.0,1,0,0,0,0,2,150
flat,tashee capital gateway,sector 111,0.96,6500.0,2,2,1,4.0,Under Construction,M41005323,1338.0,1,0,0,0,0,0,53
flat,ashiana mulberry,sohna road,0.9,6143.0,2,2,3+,7.0,Moderately Old,C69463366,1100.0,1,0,0,0,0,2,156
flat,m3m heights,sector 65,2.8,15000.0,3,3,3,20.0,Under Construction,N68452032,1867.0,0,0,0,0,0,0,91
house,independent,sector 23,5.5,21825.0,8,8,2,3.0,Moderately Old,K69472428,2520.0,1,1,0,1,0,2,76
house,independent,sector 25,11.0,35530.0,5,5,3+,2.0,Relatively New,N69433874,3096.0,1,1,1,1,0,0,29
flat,vatika boulevard residences and heights,sector 83,1.42,8000.0,3,3,2,2.0,Relatively New,Z68231242,1972.0,0,0,0,0,0,2,113
flat,m3m capital,sector 113,2.9,12619.0,4,4,3+,11.0,Under Construction,G68377158,2553.0,1,0,0,1,0,0,49
flat,kiran residency,sector 56,1.54,8324.0,3,4,3+,5.0,Old Property,Z69430242,1900.0,0,0,0,1,0,2,98
flat,vatika gurgaon,sector 83,1.05,7000.0,3,3,3,3.0,Relatively New,S68476008,1618.0,0,0,1,0,0,0,79
flat,gls avenue 51,sector 92,0.42,7106.0,2,2,1,4.0,Relatively New,I68531730,657.0,1,1,0,0,0,2,42
flat,lavanya apartments,sector 81,0.9,5056.0,3,3,0,7.0,Relatively New,L69125934,1780.0,0,0,0,0,0,0,0
flat,ats marigold,sector 89,1.5,8571.0,3,3,3,2.0,New Property,X69645532,1944.0,0,0,0,0,1,0,49
flat,dlf the skycourt,sector 86,1.59,8242.0,3,3,3,17.0,Relatively New,H69904258,1700.0,0,0,0,0,1,2,165
flat,eldeco accolade,sohna road,0.78,6170.0,2,2,2,3.0,Relatively New,D69904580,1144.0,0,0,0,0,0,0,72
flat,m3m sky lofts,sector 71,1.0,11500.0,1,1,1,9.0,Moderately Old,D69701036,869.0,0,0,0,0,0,0,77
flat,shapoorji pallonji joyville gurugram,sector 102,1.28,10534.0,2,2,3,10.0,Relatively New,U69549176,1100.0,0,0,0,0,0,0,49
flat,signature global solera,sector 107,0.28,5828.0,2,2,2,11.0,Relatively New,S69217104,543.0,0,0,0,0,0,0,45
flat,ramsons kshitij,sector 95,0.17,544.0,1,1,1,12.0,Relatively New,X70174042,3569.0,0,0,0,0,0,0,56
flat,orris carnation residency,sector 85,0.9,6428.0,3,3,2,12.0,Relatively New,J69297210,1402.0,0,0,0,0,0,0,120
house,sector 14 rwa,sector 14,5.51,16990.0,3,3,2,4.0,Moderately Old,F70044510,3249.0,0,0,0,0,0,0,14
flat,emaar gurgaon greens,sector 102,1.4,8484.0,3,3,3,10.0,Relatively New,Y69551588,1300.0,0,0,0,1,0,0,46
flat,raheja navodaya,sector 92,0.85,5407.0,3,3,0,0.0,Relatively New,O59506130,1423.0,0,0,0,0,0,0,88
flat,m3m merlin,sector 67,3.32,14079.0,3,4,3,8.0,New Property,Q69941296,2016.0,0,0,0,1,0,2,174
flat,smart world gems,sector 89,0.97,8794.0,2,2,3+,2.0,New Property,Y69756678,1103.0,0,0,0,0,0,0,49
house,independent,sector 22,4.75,20068.0,7,5,3+,3.0,Old Property,R70075710,2367.0,0,1,0,0,1,2,49
flat,experion the heartsong,sector 108,2.0,7196.0,4,4,3+,10.0,Relatively New,H69625534,2500.0,0,1,0,1,0,2,174
flat,tulip violet,sector 69,1.72,8730.0,4,4,1,12.0,Relatively New,U69355454,1783.0,0,0,0,0,0,0,86
flat,signature global solera,sector 107,0.29,5930.0,2,2,2,3.0,Relatively New,L69217140,543.0,0,0,0,0,0,0,45
flat,smart world orchard,sector 61,1.65,13750.0,2,2,2,1.0,Under Construction,Y68609816,1333.0,1,0,0,0,0,0,16
flat,m3m skywalk,sector 74,1.57,11000.0,2,2,3+,10.0,Relatively New,P69703164,1300.0,0,0,0,0,1,0,137
flat,indiabulls enigma,sector 110,3.79,9895.0,5,5,3,4.0,Relatively New,G46425145,3466.0,0,0,0,1,1,0,125
flat,experion windchants,sector 112,5.6,11551.0,4,6,3+,8.0,Relatively New,E68670550,3655.35,0,0,0,1,0,2,168
house,independent,sector 3,0.55,7333.0,1,1,0,1.0,Moderately Old,P67750524,750.0,0,0,0,0,0,0,0
flat,ss the leaf,sector 85,2.1,7467.0,4,5,3+,9.0,Relatively New,G69201450,2545.0,0,0,0,0,0,2,67
flat,bestech park view residency,sector 110,1.4,7865.0,3,3,3+,6.0,Old Property,W69369638,1611.0,0,0,0,0,0,1,107
flat,sbtl caladium,sector 109,1.8,7072.0,3,3,3+,10.0,Relatively New,H70072028,2000.0,0,0,0,0,0,0,174
flat,pareena coban residences,sector 99a,1.1,7096.0,2,2,3,9.0,New Property,E69589168,1368.0,1,0,0,0,0,0,88
flat,prime habitat,sector 99a,0.26,4745.0,2,2,1,6.0,Relatively New,K69324896,611.0,0,0,0,0,1,0,79
house,dlf city plots phase 2,sector 25,7.5,31686.0,9,9,3+,4.0,Relatively New,N69848890,2314.2385,1,1,0,1,0,2,160
house,dlf city plots phase 2,sector 25,6.5,36111.0,5,5,3+,3.0,Old Property,I68736378,1800.0,1,1,1,1,0,2,134
flat,shapoorji pallonji joyville gurugram,sector 102,1.4,10378.0,2,2,2,11.0,New Property,X69179634,1166.0,0,0,0,0,0,2,49
flat,breez global hill view,sohna road,0.35,6315.0,2,2,2,14.0,New Property,T69132466,616.0,0,0,0,0,0,0,53
flat,ats triumph,sector 104,1.95,8515.0,3,3,3+,3.0,New Property,B67506178,2544.0,0,0,0,1,0,0,69
flat,emaar mgf emerald estate,sector 65,1.75,12544.0,3,3,3,10.0,Relatively New,B69216570,1081.0,0,0,0,1,0,2,124
house,independent,sector 15,1.8,10000.0,4,3,1,1.0,Old Property,F55730248,1800.0,0,0,0,0,0,0,16
flat,emaar mgf emerald floors premier,sector 65,2.8,16969.0,3,3,3+,3.0,Relatively New,R68745658,1650.0,1,0,0,1,0,2,38
flat,ats kocoon,sector 109,1.68,9627.0,3,3,3,8.0,Relatively New,X69510728,1579.0,0,0,0,0,0,0,142
flat,imperia elvedor,sector 37c,0.55,8221.0,1,1,0,5.0,Relatively New,Q69221214,669.0,0,0,0,0,0,0,0
flat,corona optus,sector 37c,1.44,7236.0,3,3,3+,2.0,Relatively New,E70044104,1789.0,1,0,0,1,1,0,49
flat,godrej nature plus,sector 33,1.4,15124.0,3,2,3+,20.0,New Property,X70063420,113.0,0,0,0,0,0,0,70
flat,emaar mgf the palm drive,sector 66,3.5,15901.0,3,3,2,4.0,Relatively New,T69837114,2200.0,1,0,0,0,0,0,89
flat,gls avenue 51,sector 92,0.5,7812.0,3,3,1,12.0,New Property,W70135974,711.0,0,0,0,0,0,1,95
flat,mapsko casa bella,sector 82,1.25,6377.0,3,4,3+,8.0,Under Construction,W68087548,1774.0,0,0,0,0,0,0,54
flat,m3m skywalk,sector 74,1.47,10954.0,2,2,3,26.0,New Property,R69466992,1281.0,0,0,0,0,0,2,31
flat,puri emerald bay,sector 104,1.59,10903.0,2,2,2,12.0,Relatively New,Y70087534,1403.0,0,0,0,0,0,0,121
flat,signature global solera,sector 107,0.36,6581.0,2,2,2,8.0,Relatively New,Z69217290,608.0,0,0,0,0,0,0,45
flat,dlf park place,sector 54,6.75,24963.0,4,4,2,8.0,Moderately Old,W69249968,2076.0,0,0,0,1,0,1,135
house,independent,sector 43,5.75,23662.0,4,4,2,4.0,Under Construction,J68759164,2430.0,0,0,1,1,0,1,153
flat,shree vardhman victoria,sector 70,1.65,8461.0,3,4,3,5.0,Relatively New,L69623396,1527.0,0,0,0,1,1,2,49
flat,umang monsoon breeze,sector 78,0.75,6053.0,2,2,1,5.0,Moderately Old,M69132144,1239.0,0,0,0,0,0,0,0
flat,sobha city,sector 108,2.9,14478.0,3,4,2,8.0,New Property,J60869654,2003.0,0,0,0,0,0,0,109
flat,ats tourmaline,sector 109,2.1,8123.0,3,4,3+,11.0,Relatively New,A64232832,2100.0,0,0,0,1,0,2,165
house,independent,sector 47,0.99,17187.0,1,4,3,4.0,Relatively New,I70178342,576.0,0,0,0,0,0,0,13
flat,guru gram haryana cghs,sector 56,1.38,7225.0,3,3,3,5.0,Moderately Old,N69439758,1910.0,1,0,0,0,0,2,134
flat,m3m skycity,sector 65,3.5,17039.0,3,3,3,15.0,New Property,Y69073178,2282.0,1,1,0,1,0,2,166
flat,ss the leaf,sector 85,1.05,6402.0,2,2,3,6.0,Relatively New,G69665996,1484.0,0,0,0,0,1,0,49
flat,shapoorji pallonji joyville gurugram,sector 102,2.0,17729.0,3,3,3+,1.0,Relatively New,H69435294,1456.0,0,0,1,0,0,0,139
flat,sare crescent parc royal greens phase 1,sector 92,0.79,6086.0,3,2,2,15.0,New Property,Y69897020,1175.0,0,0,0,0,0,0,25
flat,the close north,sector 50,2.7,9980.0,3,3,3+,3.0,Moderately Old,G69271930,2357.0,0,0,0,1,0,0,117
flat,puri diplomatic greens,sector 111,2.65,11963.0,3,4,3+,19.0,Relatively New,L70013148,2005.0,1,1,1,1,0,0,65
house,international city by sobha phase 2,sector 109,6.2,25514.0,5,5,2,2.0,Relatively New,V69923042,2430.0,0,0,0,1,0,0,135
flat,dlf regency park,sector 28,2.3,11817.0,3,3,3,7.0,Moderately Old,E68554406,1777.0,0,0,0,1,0,0,117
flat,ss almeria,sector 84,1.48,7400.0,3,3,2,1.0,New Property,R68134834,1624.0,0,0,1,1,0,2,139
flat,dlf regal gardens,sector 90,1.2,6837.0,3,3,3+,15.0,Relatively New,L68514284,1572.0,0,0,0,0,0,0,118
flat,antriksh heights,sector 84,0.6,5000.0,2,2,2,14.0,Relatively New,N69974042,1086.0,0,0,0,0,0,0,52
flat,m3m golfestate,sector 79,1.4,10000.0,2,2,2,4.0,Relatively New,G68314146,1556.0,1,0,1,1,0,1,83
flat,godrej frontier,sector 80,1.6,7000.0,3,3,3,5.0,Moderately Old,G64763266,2047.0,0,0,0,1,0,0,53
flat,unitech uniworld gardens,sector 47,1.05,10531.0,2,2,2,3.0,Relatively New,N68074094,1108.0,0,0,0,0,0,2,34
house,independent,sector 47,5.25,11666.0,9,9,3+,4.0,Relatively New,P70368292,4650.0,0,0,0,1,0,2,142
flat,godrej oasis,sector 88a,1.3,7258.0,3,3,3+,4.0,Relatively New,U66116612,1990.0,0,0,0,0,0,0,79
house,independent,sector 38,3.9,21242.0,6,6,3+,3.0,Moderately Old,O68291220,1836.0,1,1,0,1,0,0,32
flat,dlf the ultima,sector 81,2.35,11233.0,3,4,3+,18.0,Relatively New,C68626058,1558.0,0,0,0,1,0,0,106
flat,la vida by tata housing,sector 113,1.35,13989.0,2,2,3,10.0,New Property,W68450138,1090.0,0,0,0,0,0,0,174
flat,dlf carlton estate,sector 43,2.0,14214.0,3,3,2,5.0,Moderately Old,C69215766,1273.0,0,0,0,0,0,0,65
flat,ashiana anmol,sohna road,0.93,7294.0,2,2,2,9.0,Under Construction,H69549366,1000.0,0,0,0,0,1,0,31
flat,apna enclave,sector 3,0.55,5789.0,2,2,2,2.0,Old Property,L64373292,900.0,0,0,0,0,0,0,66
flat,dlf express greens,manesar,1.6,6808.0,4,6,3+,4.0,Relatively New,Z69885678,2611.0,1,1,0,1,0,0,49
flat,tulip violet,sector 69,1.4,8861.0,3,3,2,2.0,Relatively New,J68360894,1428.0,0,1,0,0,0,0,102
flat,bestech park view city,sector 49,2.9,12169.0,4,4,3+,5.0,Moderately Old,R69272108,2157.0,0,0,0,1,0,0,117
flat,bestech park view residency,sector 2,1.55,8072.0,3,4,3+,4.0,Old Property,O69734446,1738.0,0,0,0,1,0,0,84
house,independent,sector 39,1.7,17980.0,2,2,3+,3.0,Moderately Old,Q61732666,900.0,0,0,1,1,0,0,45
flat,valley view estate,gwal pahari,0.38,6089.0,1,1,1,11.0,Moderately Old,G56252566,565.0,0,0,0,0,0,0,42
flat,central park 2 bellevue,sector 48,2.75,10754.0,3,4,3+,3.0,Moderately Old,L70068144,2574.0,0,0,0,0,0,0,32
flat,dlf the primus,sector 82a,1.87,10394.0,3,3,3,31.0,Moderately Old,O68656188,1668.0,0,1,0,0,0,0,38
flat,conscient elevate,sector 59,4.02,17500.0,3,3,1,3.0,Under Construction,L69635364,2550.0,0,0,0,0,0,0,31
flat,laxmi apartment sector 99a gurgaon,sector 99a,0.3,4615.0,2,2,1,4.0,New Property,X62112670,600.0,0,0,0,0,0,0,44
flat,woodstock floors,sector 50,1.05,10627.0,2,2,2,2.0,Moderately Old,W69951672,1098.0,0,0,0,0,0,0,53
flat,cancon enclave,sector 4,1.05,7777.0,3,2,2,2.0,New Property,L68200594,1500.0,0,0,0,0,0,2,0
flat,emaar digihomes,sector 62,4.0,14871.0,3,3,3,18.0,New Property,A69582706,2343.0,0,0,0,1,0,2,38
flat,pivotal devaan,sector 84,0.27,7964.0,1,1,1,13.0,Relatively New,W63179828,387.0,0,0,0,0,0,1,45
flat,vatika gurgaon,sector 83,1.15,5808.0,3,3,2,3.0,Relatively New,L68896498,1350.0,1,1,1,1,0,2,165
flat,dlf new town heights,sector 90,1.2,6217.0,3,3,3+,15.0,Relatively New,O69250754,1747.0,0,0,0,0,0,0,37
flat,chintels paradiso,sector 109,1.97,7490.0,4,4,2,11.0,Relatively New,T57249640,2380.0,0,1,0,1,0,0,49
house,independent,sector 57,4.7,21759.0,3,3,2,2.0,Old Property,J69745426,2160.0,0,0,0,1,1,0,43
flat,dlf the ultima,sector 81,2.25,10553.0,3,3,3+,15.0,Relatively New,U68573340,1929.0,0,0,0,1,0,1,165
flat,tulip white,sector 69,0.91,6862.0,3,2,2,12.0,Moderately Old,Y68089388,1473.0,0,0,0,0,0,0,43
flat,shri banke bihari society,sector 56,1.35,9642.0,3,3,3+,4.0,Old Property,S69469250,1450.0,0,0,0,0,1,2,174
flat,la vida by tata housing,sector 113,2.48,14090.0,3,3,3+,8.0,New Property,C69164250,1980.0,0,0,0,1,0,0,79
flat,alpha corp gurgaonone,sector 84,1.15,7496.0,2,2,3,8.0,Relatively New,T69246122,1361.0,1,0,0,0,0,2,37
flat,tulip petals,sector 89,1.55,10000.0,3,2,3,6.0,Moderately Old,W59037256,1403.0,0,0,1,0,0,2,111
flat,experion windchants,sector 112,3.4,12134.0,3,3,2,14.0,Relatively New,C68670422,2225.56,0,0,0,0,0,2,159
flat,chd avenue,sector 71,1.3,5531.0,4,4,3,5.0,Moderately Old,T69344422,2127.0,0,0,0,1,0,0,126
flat,the close north,sector 50,2.75,12500.0,3,3,3,3.0,Moderately Old,S68165978,2400.0,0,0,0,1,0,0,110
house,independent,sector 54,3.51,12342.0,4,4,3,4.0,New Property,P70191488,2844.0,0,0,0,1,0,0,73
flat,tata primanti,sector 72,4.1,13725.0,3,3,3,8.0,Moderately Old,I65408778,2308.0,0,0,0,1,0,0,38
flat,tulip violet,sector 69,2.0,10167.0,4,4,1,12.0,Relatively New,J69905540,2186.0,0,0,0,0,0,0,79
flat,bptp mansions park prime,sector 66,2.7,9768.0,4,4,3,6.0,Relatively New,C69731476,2501.0,0,0,0,1,1,0,13
flat,dlf royalton tower,sector 43,6.2,20687.0,4,4,3+,9.0,Moderately Old,I69118750,2712.0,0,0,0,1,0,0,7
flat,shapoorji pallonji joyville gurugram,sector 102,1.8,10638.0,3,3,3,5.0,Relatively New,G70022368,1531.0,0,0,0,0,0,0,49
house,my home,new sector 2,0.34,12592.0,2,2,2,3.0,Moderately Old,T69907288,270.0,0,0,0,0,0,0,22
flat,ats triumph,sector 104,1.8,7860.0,3,4,3,14.0,New Property,K68839960,2544.0,0,0,0,0,0,0,60
flat,navjyoti apartment,sector 38,2.1,11938.0,4,4,3+,10.0,Old Property,E68316796,1954.0,0,0,0,0,0,1,22
flat,hero homes,sector 104,1.35,9565.0,3,2,2,18.0,New Property,V69363310,1094.0,0,0,0,0,0,0,49
flat,piedmont taksila heights,sector 37c,1.05,4792.0,3,3,3,7.0,Relatively New,M38858307,1738.0,0,0,0,0,0,2,81
house,ansal celebrity homes,sector 2,5.2,10000.0,4,5,2,1.0,Moderately Old,I68521802,5200.0,0,0,0,0,0,0,0
flat,deepak minda,manesar,1.25,4715.0,4,4,3+,6.0,Moderately Old,Y68734970,2946.0,0,0,0,0,0,2,44
flat,m3m soulitude,sector 89,1.33,16985.0,3,3,3,4.0,Under Construction,J69182772,1423.0,1,0,0,0,0,0,125
flat,signature global city 37d ph 2,sector 37d,1.36,8846.0,3,3,3,1.0,Under Construction,B69071558,1535.0,0,1,0,0,1,0,37
flat,sidhartha ncr one phase,sector 95,0.9,4500.0,3,3,1,15.0,Relatively New,E57700542,2000.0,0,0,0,0,0,0,60
flat,godrej air,sector 85,2.6,12212.0,3,3,3,17.0,Under Construction,H67904032,2129.0,0,0,0,1,0,0,44
flat,m3m urbana,sector 67,0.95,10895.0,1,1,1,17.0,Relatively New,X66349446,826.0,0,0,0,0,0,0,49
flat,bestech park view grand spa,sector 81,3.0,9419.0,4,5,2,6.0,Relatively New,Z68376548,2882.0,0,0,0,1,0,2,110
flat,dlf new town heights,sector 90,1.65,5683.0,4,4,3+,7.0,Moderately Old,D64172396,2468.0,0,0,0,0,0,0,117
flat,supertech araville,sector 79,0.71,5522.0,2,2,0,9.0,Under Construction,A12882925,1295.0,0,0,0,0,0,0,0
flat,sare green parc 2,sector 92,0.75,4745.0,3,3,3,2.0,Relatively New,X54532846,1415.0,0,0,0,0,1,2,49
house,international city by sobha phase 2,sector 109,8.75,24306.0,5,5,3+,3.0,New Property,P69790258,3600.0,1,1,1,1,0,2,153
flat,m3m skycity,sector 65,1.8,13700.0,2,2,3,13.0,New Property,E69396162,1456.0,0,0,0,0,0,0,73
flat,residency grand,sector 52,5.0,9615.0,5,5,3+,2.0,Moderately Old,B69209128,5200.0,0,0,0,0,0,0,0
house,unitech deerwood chase,sector 50,8.45,26153.0,3,3,2,2.0,Old Property,A61228178,3231.0,1,0,0,1,0,2,102
flat,ss,sector 85,1.2,7151.0,2,2,3,15.0,Relatively New,Y70085140,1660.0,0,0,0,0,0,0,49
flat,the close north,sector 50,2.5,11944.0,3,3,3,11.0,Relatively New,E69466294,1894.0,0,1,0,0,0,2,127
flat,ireo the corridors,sector 67a,1.5,11111.0,2,2,2,10.0,Relatively New,V64354898,1500.0,0,0,1,0,0,2,38
flat,puri emerald bay,sector 104,2.25,10465.0,3,4,3+,4.0,Relatively New,W69138046,2303.0,0,0,0,1,0,2,159
house,international city by sobha phase 2,sector 109,11.3,25111.0,7,5,3+,4.0,Relatively New,P69677020,4500.0,1,1,0,1,1,0,49
flat,unitech sunbreeze,sector 69,1.0,5476.0,4,3,0,0.0,Relatively New,L68021304,1826.0,0,0,0,0,0,0,0
flat,pioneer urban presidia,sector 62,6.5,14987.0,4,4,3+,3.0,Moderately Old,L67890434,3925.0,1,0,0,0,0,0,86
flat,tarc maceo,sector 91,0.89,6339.0,2,2,3+,9.0,Relatively New,G68726244,1302.0,0,0,0,0,1,2,13
flat,ss the leaf,sector 85,1.99,8659.0,3,4,3+,17.0,Relatively New,N64429282,2398.0,0,0,0,1,0,2,174
flat,uphar lakshya homes,sector 105,0.42,4200.0,3,2,1,1.0,Relatively New,S57817870,1111.0,0,0,0,0,0,0,7
house,independent,sector 7,3.0,11494.0,7,7,0,3.0,Old Property,E68021382,2610.0,0,0,0,0,0,0,0
house,birla navya,sector 63a,3.85,15437.0,3,3,3+,4.0,New Property,E70048784,2771.0,0,0,0,1,0,2,160
house,independent,sector 28,11.25,34722.0,9,9,3+,2.0,Moderately Old,L68674708,3240.0,0,1,1,1,0,2,126
flat,m3m the marina,sector 68,1.32,8759.0,2,2,3,15.0,Relatively New,N69834838,1364.0,1,0,0,0,0,0,120
flat,shree vardhman flora,sector 90,0.65,4814.0,2,2,3,10.0,Moderately Old,Z68452306,1222.0,1,0,0,0,0,2,83
house,independent,sector 108,1.7,5666.0,4,4,3+,1.0,Relatively New,C69442088,3000.0,0,0,0,0,0,0,0
flat,godrej summit,sector 104,0.98,5950.0,3,3,3,12.0,Relatively New,K50040356,1490.0,0,0,0,0,1,0,79
flat,tulip violet,sector 69,1.75,8706.0,4,4,2,10.0,Relatively New,K66588784,1819.0,0,0,0,0,0,2,109
house,arjun marg/ sector- 26 phase- 1/ golf course road,sector 26,31.5,35000.0,7,9,3+,3.0,Moderately Old,Z57944624,9000.0,1,1,1,1,0,1,74
house,independent,sector 23,2.4,12000.0,3,3,2,2.0,Moderately Old,U69824112,2000.0,0,1,1,0,0,0,28
flat,conscient heritage max,sector 102,2.65,10375.0,4,5,3+,17.0,Moderately Old,U70043824,2311.0,0,0,0,1,0,0,125
house,independent,sector 8,1.6,3186.0,4,6,1,3.0,Relatively New,W69287014,558.0,0,0,0,0,0,0,0
flat,vasant appartments,sector 14,1.7,7391.0,5,5,2,2.0,Old Property,O69762684,2556.0,1,1,1,0,0,1,71
flat,m3m skywalk,sector 74,1.78,12500.0,2,2,3+,12.0,Relatively New,D68976426,1582.0,0,0,0,0,0,0,63
flat,signature global city 37d ph 2,sector 37d,1.07,8237.0,3,3,2,2.0,Under Construction,L70057882,1450.0,0,0,0,0,0,0,86
flat,paras dews,sector 106,1.25,7102.0,3,4,3+,5.0,Relatively New,G69957274,1186.0,0,0,0,1,0,0,165
flat,gls arawali homes,sohna road,0.27,4600.0,2,2,2,5.0,New Property,P65620504,521.0,0,0,0,0,0,0,42
flat,emaar mgf the palm drive,sector 66,2.8,14358.0,3,3,2,12.0,New Property,O70099072,1950.0,1,1,0,1,0,1,69
flat,signature global park,sohna road,0.83,7410.0,3,2,2,1.0,New Property,F68736184,1244.0,0,0,0,0,0,0,16
flat,indiabulls centrum park,sector 103,2.2,7652.0,4,6,3+,4.0,Relatively New,S69128976,2602.0,0,0,0,1,0,2,108
flat,capital residences 360,sector 70a,1.1,7586.0,2,2,3+,8.0,New Property,G69408848,1312.0,0,0,0,0,0,0,60
flat,sare homes,sector 92,0.95,4250.0,4,3,2,16.0,New Property,H36064557,1983.0,0,0,0,0,0,0,95
flat,ss the coralwood,sector 84,1.05,6774.0,3,3,3,6.0,Relatively New,A69448072,1610.0,0,0,0,0,1,0,129
house,independent,sector 12,2.9,10740.0,7,7,3,2.0,Old Property,B57324894,2700.0,0,0,0,0,0,0,7
house,international city by sobha phase 2,sector 109,11.25,25000.0,7,5,3+,4.0,Relatively New,G69677146,4500.0,1,1,0,1,0,0,42
flat,imperia the esfera,sector 37c,0.87,5513.0,2,3,3+,9.0,New Property,N70027732,1428.0,1,0,0,0,0,0,49
flat,vatika xpressions,sector 88b,1.1,8148.0,2,4,3+,2.0,Under Construction,S50764468,1350.0,1,0,0,0,0,0,58
flat,umang monsoon breeze,sector 78,0.7,5719.0,2,2,2,5.0,Moderately Old,D67903782,1224.0,0,0,0,0,0,0,0
flat,imperia the esfera,sector 37c,0.86,4886.0,3,3,2,0.0,New Property,K42207359,1593.0,0,0,0,0,1,0,35
flat,smart world orchard,sector 61,1.85,14800.0,2,2,2,3.0,New Property,U66734988,1389.0,0,0,0,0,0,0,44
flat,orchid island,sector 51,0.71,7891.0,2,2,1,4.0,Relatively New,N70187568,1007.0,0,0,0,0,0,0,23
flat,imperia the esfera,sector 37c,1.1,5405.0,3,4,3,9.0,Relatively New,W70042548,1899.0,1,0,0,1,0,0,49
flat,dlf regency park,sector 28,1.35,11739.0,2,2,2,14.0,Old Property,D61075766,1120.0,0,0,1,0,0,0,66
flat,vatika gurgaon,sector 83,1.08,6224.0,3,3,2,11.0,Relatively New,B69758474,1570.0,0,0,0,0,1,0,19
flat,sare homes,sector 92,0.8,5252.0,3,3,3,7.0,Relatively New,O69809178,1692.0,1,0,0,0,0,2,80
flat,bestech park view residency,sector 2,0.95,6713.0,2,2,3,1.0,Moderately Old,E69419498,1281.0,0,0,0,0,0,2,82
flat,ansal heights 86,sector 86,0.87,5367.0,2,2,1,12.0,New Property,E43727243,1231.0,0,0,0,0,1,2,45
flat,the penthouses at the hibiscus,sector 50,8.0,8888.0,4,3,3,7.0,Moderately Old,I68296122,10000.0,0,0,0,1,0,0,35
flat,dlf the ultima,sector 81,2.26,10761.0,3,4,3+,17.0,New Property,V69310050,1900.0,0,0,0,1,0,1,174
flat,m3m golfestate,sector 65,5.9,17484.0,3,3,3,18.0,Relatively New,B69688660,3043.0,1,0,0,1,0,0,76
flat,conscient heritage max,sector 102,2.2,10237.0,3,4,3+,20.0,Relatively New,G68497016,1186.0,1,0,0,1,0,2,45
flat,signature global city 63a,sector 63a,2.0,12800.0,3,3,2,1.0,Under Construction,J65037714,1540.0,0,0,0,0,0,0,36
flat,godrej nature plus,sector 33,1.67,10500.0,3,2,2,18.0,Under Construction,J68762764,1857.0,0,0,0,0,0,0,67
flat,suncity platinum towers,sector 28,6.0,22346.0,3,3,2,8.0,Moderately Old,D68297598,2983.0,0,0,0,1,0,0,31
flat,godrej nature plus,sector 33,1.9,9849.0,3,3,3+,14.0,New Property,I68602138,2143.0,0,0,0,1,0,0,96
flat,housing board colony,sector 51,0.3,4630.0,1,1,0,0.0,Moderately Old,Y69902620,80.0,1,0,0,0,0,0,15
flat,godrej,sector 79,2.5,11141.0,3,3,3+,5.0,Relatively New,C69816496,2244.0,0,0,0,0,0,0,0
house,dlf the arbour,sector 63,8.5,21519.0,4,4,3+,27.0,New Property,I69614902,3950.0,0,0,0,0,0,0,61
flat,signature andour heights,sector 71,0.37,7400.0,1,1,2,2.0,Relatively New,C57176160,425.0,0,0,0,0,0,2,37
house,independent,sector 50,7.0,32407.0,3,2,0,1.0,Moderately Old,K65241020,2160.0,0,0,0,0,0,0,0
flat,tata primanti,sector 72,3.85,13253.0,4,5,3+,13.0,Relatively New,J69327618,2629.0,0,0,0,1,0,2,174
flat,ss the leaf,sector 85,1.12,6453.0,2,2,3,10.0,Relatively New,J69584972,1485.0,0,0,0,0,1,0,49
flat,dlf the primus,sector 82a,2.85,10936.0,4,4,3+,2.0,New Property,W69688170,2179.0,0,0,0,1,0,1,174
flat,bestech park view grand spa,sector 81,3.3,12222.0,4,5,3+,4.0,Relatively New,T69939324,3070.0,1,0,0,1,0,2,174
flat,godrej air,sector 85,1.3,14541.0,2,2,3,30.0,Under Construction,P58422396,1130.0,0,0,0,0,0,0,111
flat,dlf regal gardens,sector 90,1.7,7223.0,4,4,3+,15.0,Moderately Old,S68627244,2005.0,0,0,0,1,0,0,38
house,independent,sector 105,0.35,7778.0,2,2,1,2.0,Moderately Old,T70014540,556.0,0,0,0,0,0,0,0
flat,ireo the corridors,sector 67a,1.4,9433.0,2,2,2,8.0,Relatively New,X69328048,1149.0,1,0,0,0,1,0,90
house,independent,sector 43,8.49,31444.0,3,3,2,4.0,Relatively New,H69942904,2700.0,0,1,0,1,0,2,21
house,vipul tatvam villa,sector 48,5.75,22184.0,4,4,2,2.0,Moderately Old,J70401724,2592.0,0,0,0,1,0,0,30
flat,dlf carlton estate,sector 43,2.1,15418.0,3,3,1,2.0,Old Property,U69452032,1233.0,0,0,1,0,0,2,88
house,independent,sector 5,3.75,11029.0,5,5,3+,3.0,Old Property,G69891392,3400.0,0,0,0,0,0,0,0
house,unitech south city,sector 50,5.88,27222.0,3,9,3+,3.0,Relatively New,E69160774,2160.0,1,1,0,1,1,1,128
flat,ramprastha city,dwarka expressway,1.3,9027.0,3,3,2,3.0,Under Construction,V68579636,1303.0,0,0,0,0,0,0,0
house,vipul tatvam villa,sector 48,8.5,26235.0,4,4,2,2.0,Moderately Old,Q69361158,3240.0,0,1,1,1,0,0,88
flat,sobha city,sector 108,3.25,15685.0,3,3,3,12.0,Relatively New,Y69513598,2072.0,0,0,0,0,0,0,99
flat,suposhaa smartworld orchard,sector 61,2.17,14000.0,3,3,3,1.0,Under Construction,L66973076,1721.0,0,0,0,0,0,0,0
flat,smart world gems,sector 89,1.2,8432.0,3,3,2,2.0,New Property,B68678244,1581.0,0,0,0,0,0,0,44
flat,puri emerald bay,sector 104,2.55,10408.0,4,4,3+,5.0,Relatively New,O69883296,2303.0,0,0,0,1,0,0,49
flat,shree vardhman flora,sector 90,0.7,5177.0,2,3,2,7.0,Relatively New,O69730312,1502.0,1,0,0,0,0,2,49
house,independent,sector 9,1.65,18333.0,2,3,0,3.0,Old Property,N67903908,900.0,0,0,0,0,0,0,0
house,not applicable,sector 4,0.75,11718.0,2,4,3,2.0,Moderately Old,X68620884,640.0,0,0,0,0,0,0,0
house,independent,sector 26,4.45,35178.0,4,4,3,3.0,Old Property,V68974560,1265.0,0,0,0,0,0,0,25
flat,vatika city,sector 49,2.1,10418.0,3,3,3,9.0,Moderately Old,O69417374,1604.25,0,1,0,0,0,2,132
house,independent,sector 4,0.7,6648.0,3,3,0,1.0,Moderately Old,M68021784,117.0,0,0,0,0,0,0,0
flat,ardee city,sector 52,1.5,9146.0,4,4,3,3.0,Old Property,F68562282,1484.0,0,0,0,0,0,0,65
flat,eldeco accolade,sohna road,0.72,5735.0,2,2,3,8.0,Relatively New,L67702480,1404.0,0,0,0,0,0,0,153
flat,gls arawali homes,sohna road,0.35,6076.0,2,2,2,11.0,Relatively New,C65443558,528.0,0,0,0,0,0,0,64
flat,vatika sovereign next sector-82 a gurgaon,sector 82a,2.91,6700.0,4,4,3,6.0,Under Construction,D54355506,3902.0,1,0,1,1,0,2,79
flat,raheja atharva,sector 109,0.79,7931.0,3,2,2,3.0,Relatively New,P70079978,1213.0,0,0,0,0,0,2,44
flat,pareena coban residences,sector 99a,1.6,8000.0,3,3,3,6.0,Under Construction,K68565760,1810.0,0,0,0,0,0,0,0
flat,eldeco accolade,sohna road,0.71,4907.0,2,2,3+,10.0,Relatively New,Y69765072,1131.0,1,0,0,0,0,0,49
flat,ashiana anmol,sohna road,0.9,9463.0,2,2,2,13.0,Relatively New,B68443286,1105.0,0,0,0,0,0,1,120
flat,emaar mgf emerald floors premier,sector 65,2.0,12121.0,3,3,3,1.0,Relatively New,R70171066,1833.0,0,0,0,1,0,2,124
flat,aipl zen residences,sector 70a,1.25,9904.0,2,2,3,19.0,Relatively New,U68368438,1402.0,0,0,0,0,0,0,0
flat,sare crescent parc,sector 92,0.5,5000.0,2,2,2,2.0,Relatively New,E25612167,905.0,0,0,0,0,1,0,72
flat,vatika gurgaon,sector 83,0.85,8947.0,2,2,2,18.0,Moderately Old,M62910168,1100.0,0,1,0,0,0,2,119
flat,sare green parc,sector 92,0.85,6538.0,3,2,2,20.0,Relatively New,Y68788154,1300.0,0,0,0,0,0,0,0
house,shree krishna homes,sector 104,0.48,5556.0,2,2,1,1.0,New Property,T48235335,795.0,1,1,0,0,1,0,44
flat,signature global grand iva,sector 103,0.3,8290.0,1,2,2,5.0,New Property,U69157442,402.0,0,0,0,0,0,0,37
flat,smart world orchard,sector 61,2.6,14723.0,3,3,2,2.0,New Property,W69704350,1766.0,0,0,0,0,0,0,47
flat,central park 2 bellevue,sector 48,5.0,11627.0,3,4,3,14.0,Moderately Old,I70070186,4778.0,0,0,0,0,0,0,82
flat,vatika gurgaon,sector 83,1.33,5564.0,4,4,3,3.0,Relatively New,M69186654,2193.0,0,0,0,1,0,0,26
flat,the rama apartment cghs,sector 43,2.5,10204.0,4,4,3+,4.0,Moderately Old,C70142038,2722.0,0,0,0,1,0,0,26
flat,dlf the ultima,sector 81,2.29,10928.0,3,4,3+,15.0,Relatively New,W45378897,1900.0,0,0,0,1,0,1,103
flat,m3m heights,sector 65,1.95,16000.0,2,2,3,16.0,Under Construction,Z66627902,1141.0,0,0,0,0,0,0,44
flat,godrej nature plus,sector 33,1.5,10200.0,2,2,3+,2.0,Under Construction,H69493786,1539.0,0,0,0,0,0,0,87
flat,emaar mgf emerald estate,sector 65,1.73,12401.0,3,3,3,9.0,Relatively New,I66869396,1262.0,0,0,0,1,0,1,159
flat,godrej summit,sector 104,1.16,6387.0,3,4,3+,8.0,Relatively New,Z69640476,2018.0,0,0,0,1,0,2,96
flat,park royal apartment,sector 56,1.85,9024.0,3,4,3,7.0,Old Property,K68236506,2278.0,0,0,0,1,0,0,72
flat,emaar mgf emerald floors premier,sector 65,2.9,14683.0,4,4,0,0.0,Relatively New,V57733226,2194.0,0,0,1,0,0,0,50
flat,tulip violet,sector 69,1.36,8841.0,3,3,1,12.0,Relatively New,R69429988,1392.0,0,1,0,0,0,0,86
flat,umang monsoon breeze,sector 78,1.2,6493.0,3,3,2,8.0,Moderately Old,R61360534,2045.0,0,1,0,0,0,1,8
flat,dlf the skycourt,sector 86,1.5,7894.0,3,3,1,16.0,Relatively New,F69422122,1719.0,0,0,0,0,1,0,49
flat,adarsh nagar,sector 12,0.65,6190.0,3,3,1,1.0,New Property,B69123404,1167.0,0,0,0,0,0,2,42
flat,emaar mgf the palm drive,sector 66,3.0,14285.0,4,5,3+,10.0,Relatively New,C69202832,2100.0,0,0,0,1,0,2,49
house,signature global park,sohna road,0.85,7589.0,3,2,2,1.0,Under Construction,D69911246,1120.0,0,0,0,0,0,0,15
flat,experion the heartsong,sector 108,0.98,13343.0,2,3,3,4.0,Relatively New,P69721330,978.23,1,0,0,0,0,0,135
flat,emaar mgf emerald floors premier,sector 65,2.8,16969.0,3,3,2,3.0,Relatively New,A69640796,1650.0,0,0,0,1,0,0,105
flat,hcbs sports ville,sohna road,0.25,4166.0,1,1,1,12.0,Relatively New,I69373016,600.0,0,0,0,0,0,0,37
house,independent,sector 50,6.5,21667.0,5,6,0,1.0,Moderately Old,K69791846,3000.0,0,0,0,0,0,0,0
flat,orchid petals,sector 49,2.38,11497.0,3,4,3,1.0,Relatively New,B70125672,2061.0,1,0,0,0,0,0,49
house,independent,sector 54,3.75,26042.0,4,4,3,3.0,Moderately Old,B59842588,1440.0,0,0,0,1,0,2,13
flat,adani m2k oyster grande,sector 102,1.95,7561.0,3,4,3,9.0,Relatively New,N62010674,2334.0,1,0,0,1,0,2,83
flat,the castle society,sector 56,2.0,8695.0,4,4,2,4.0,Under Construction,P69474058,2081.0,0,0,0,0,0,0,0
flat,ss the leaf,sector 85,2.0,6578.0,4,5,3+,1.0,Relatively New,H66846670,2545.0,0,0,1,1,0,0,106
flat,shapoorji pallonji joyville gurugram,sector 102,1.77,9195.0,3,3,3,1.0,Relatively New,I68619928,1653.0,0,0,0,0,0,0,151
house,independent,sector 11,0.44,4251.0,3,2,1,1.0,Relatively New,L67904356,128.0,0,1,0,0,1,0,46
flat,capital residences 360,sector 70a,1.64,8299.0,3,3,3+,4.0,New Property,Q70068034,1950.0,0,0,0,1,0,0,144
flat,emaar mgf emerald floors premier,sector 65,3.5,17721.0,4,4,3,4.0,Relatively New,J69641084,1975.0,0,0,0,1,0,0,114
house,palam vihar extension west zone rwa,sector 2,0.4,4444.0,3,4,2,2.0,Moderately Old,V56308494,900.0,0,0,0,0,0,0,36
flat,cghs rail vihar,sector 15,1.4,10769.0,4,3,3,3.0,Old Property,I70063068,1444.0,0,0,0,0,0,2,81
flat,dlf new town heights,sector 90,2.0,7334.0,4,4,3+,20.0,Moderately Old,C69867110,2468.0,0,0,0,1,1,0,49
flat,sbtl caladium,sector 109,1.7,6679.0,3,3,3+,9.0,Relatively New,Z69502130,2303.0,0,0,0,1,0,0,159
flat,m3m heights,sector 65,2.25,13608.0,2,2,3,5.0,Under Construction,D69929148,1592.0,0,0,0,0,0,0,48
flat,imperia the esfera,sector 37c,0.85,5386.0,2,3,3,9.0,Relatively New,R70039414,1442.0,1,0,0,0,0,0,49
flat,ss the leaf,sector 85,1.25,7179.0,2,2,2,16.0,Relatively New,L69730618,1934.0,0,0,0,0,0,2,49
house,independent,sohna road,0.07,2525.0,1,1,0,1.0,Relatively New,H69618242,33.0,0,0,0,0,0,0,0
flat,birla navya,sector 63a,2.2,17488.0,2,3,3+,4.0,Under Construction,B63440028,997.0,0,0,0,0,0,0,60
flat,godrej aria,sector 79,0.95,6551.0,2,2,3,5.0,Relatively New,Q69380914,1611.0,0,0,0,0,0,2,174
flat,ashiana anmol,sohna road,0.88,11125.0,2,2,2,13.0,Relatively New,C68980404,1016.0,0,0,0,0,0,1,127
flat,supertech araville,sector 79,0.95,6209.0,2,2,3,7.0,New Property,U68944572,1385.0,1,0,0,0,0,0,49
flat,ireo the grand arch,sector 58,3.8,17560.0,3,4,1,19.0,Moderately Old,M69551934,2164.0,0,0,0,1,0,2,167
flat,ild greens,sector 37c,0.9,5614.0,3,3,3,0.0,Under Construction,B48946845,1500.0,0,0,0,0,0,0,66
flat,lotus elise,sector 99,0.95,6551.0,2,3,3,7.0,Relatively New,K66567172,1611.0,0,0,0,1,0,0,0
flat,tulip violet,sector 69,1.7,8457.0,4,4,2,1.0,Relatively New,U68277426,1819.0,0,0,0,0,0,0,126
flat,m3m woodshire,sector 107,1.45,6141.0,3,4,3+,7.0,Relatively New,H57213190,1900.0,0,0,0,1,0,0,67
flat,tarc maceo,sector 91,1.5,6465.0,3,4,3+,3.0,Relatively New,Q69871530,1786.0,1,0,0,1,0,0,112
flat,capital residences 360,sector 70a,1.51,7641.0,3,3,3,7.0,Relatively New,M69710138,1788.0,0,0,0,1,0,0,49
house,dlf city plots phase 2,sector 25,4.25,31481.0,3,2,3,2.0,Old Property,B70281212,1350.0,1,0,0,0,0,0,35
house,independent,sector 23,1.2,6230.0,3,2,2,3.0,New Property,A68198356,1500.0,0,0,0,0,0,2,79
flat,indiabulls enigma,sector 110,4.1,10567.0,5,5,2,10.0,Relatively New,O69551328,3500.0,0,0,0,1,0,0,159
flat,tulip violet,sector 69,1.4,8928.0,3,3,1,12.0,Relatively New,B69429802,1376.0,0,1,0,0,0,0,174
flat,vatika city,sector 49,1.98,9074.0,3,4,3,9.0,Moderately Old,K69946762,1750.75,0,0,0,1,0,2,101
flat,shree vardhman flora,sector 90,1.27,4951.0,4,5,2,9.0,New Property,J68510698,2248.0,1,0,0,1,0,0,83
flat,bptp terra,sector 37d,1.72,7850.0,3,3,3+,10.0,Relatively New,C69177914,1983.0,0,0,0,1,0,0,31
house,independent,sector 26,15.0,33201.0,5,6,3+,3.0,Moderately Old,Z69504416,4518.0,1,1,1,1,0,2,78
flat,puri emerald bay,sector 104,2.49,10163.0,3,3,3+,14.0,Relatively New,W41060895,2217.0,0,0,0,1,0,2,129
flat,the center court,sector 88a,2.1,12173.0,4,4,3,0.0,New Property,C66212648,1745.0,1,0,0,1,0,0,142
flat,experion the heartsong,sector 108,2.28,8204.0,4,5,3+,8.0,Relatively New,G69550184,2515.0,0,0,0,0,0,0,101
flat,afnhb jalvayu vihar,sector 30,1.3,10000.0,3,3,2,2.0,Old Property,P69208508,1401.0,0,0,0,0,0,0,19
flat,bsf chs,gwal pahari,0.95,5937.0,3,3,3,13.0,Old Property,U69738586,1778.0,0,0,0,0,0,0,37
flat,signature global park,sohna road,0.91,6289.0,3,3,3,1.0,Relatively New,G69365276,1599.0,0,1,0,0,0,0,165
flat,adani m2k oyster grande,sector 102,1.8,9528.0,3,4,3,17.0,Relatively New,K69846430,1710.0,0,0,0,1,0,0,49
flat,gls arawali homes,sohna road,0.35,7000.0,2,2,2,5.0,Relatively New,H68982998,556.0,0,0,0,0,0,0,30
flat,la vida by tata housing,sector 113,1.45,11363.0,2,2,2,6.0,Relatively New,F60843478,1080.0,0,0,0,0,0,0,80
flat,signature global park,sohna road,0.95,7850.0,3,2,3+,3.0,New Property,V70169280,1210.0,0,0,0,0,0,0,85
flat,chd avenue,sector 71,0.98,6049.0,3,3,3,0.0,Moderately Old,A69435332,1466.0,1,0,0,0,0,0,65
flat,shapoorji pallonji joyville gurugram,sector 102,1.26,10041.0,2,2,2,10.0,Relatively New,F69557866,1100.0,0,0,0,0,0,0,108
house,unitech aspen greens,sector 50,6.8,31481.0,4,5,3,3.0,Old Property,O66211132,2160.0,1,0,0,1,0,2,111
flat,kiran residency,sector 56,1.55,7750.0,3,3,3,5.0,Old Property,N69428510,1810.0,0,0,0,1,0,2,52
house,independent,sector 38,3.5,24306.0,3,3,2,1.0,Relatively New,D69615290,1440.0,0,0,0,0,0,0,0
flat,emaar gurgaon greens,sector 102,1.5,9090.0,3,3,3,7.0,Relatively New,B69411182,1315.0,0,1,0,0,0,2,174
flat,mapsko royale ville,sector 82,1.12,6256.0,3,3,2,12.0,Relatively New,L69683142,1588.0,0,1,0,0,0,0,49
flat,raheja vedaanta,sector 108,0.8,4080.0,3,3,3,9.0,Relatively New,K67112032,1663.0,0,1,0,0,0,0,174
flat,puri the aravallis,sector 61,3.87,17200.0,3,4,3+,21.0,Under Construction,N68643454,2250.0,0,0,0,1,0,0,58
flat,orris aster court premier,sector 85,1.49,5820.0,4,5,3+,10.0,Relatively New,G69158602,2017.0,0,0,0,1,0,2,84
house,independent,sector 7,1.55,13889.0,2,2,2,1.0,Moderately Old,E69235294,1080.0,0,0,0,0,0,2,52
flat,m3m heights,sector 65,1.9,13991.0,2,2,2,40.0,Relatively New,S68976422,1358.0,0,0,0,0,0,0,48
flat,sare green parc phase 3,sector 92,0.95,4856.0,4,3,3,4.0,Moderately Old,G69127412,1770.0,0,0,0,0,0,0,67
flat,godrej nature plus serenity,sector 33,1.39,11583.0,3,2,3+,23.0,Under Construction,H63988848,1333.0,0,0,0,0,0,0,105
flat,bestech park view sanskruti,sector 92,1.68,11052.0,3,4,3+,15.0,Relatively New,D69680930,1804.0,0,0,0,1,0,2,174
flat,corona optus,sector 37c,1.44,7250.0,3,3,3+,8.0,New Property,P69609574,2211.0,0,0,0,1,0,0,37
flat,samadhan shri kamal cghs,sector 1,2.01,11426.0,4,4,3+,10.0,Moderately Old,Y68984882,1956.0,0,0,0,0,0,1,0
flat,kendriya vihar,sector 56,0.65,8609.0,1,1,1,0.0,Moderately Old,N58886350,839.0,0,0,0,0,0,0,143
flat,landmark the residency,sector 103,0.9,6666.0,2,2,2,1.0,Relatively New,B58881018,1222.0,0,0,0,0,0,0,44
flat,park royal apartment,sector 56,1.71,7600.0,3,3,3+,5.0,Moderately Old,R68680194,2251.0,0,0,0,1,0,2,118
flat,m3m the marina,sector 68,1.45,9615.0,3,2,3+,9.0,New Property,C70135720,1365.0,0,0,0,0,0,0,0
flat,sare crescent parc,sector 92,0.87,4971.0,4,4,2,2.0,Moderately Old,P69781162,1584.0,0,0,1,0,0,1,115
flat,tulip ivory,sector 70,2.1,8750.0,4,5,3+,5.0,Moderately Old,C68469774,2114.0,0,0,0,1,0,2,120
flat,central park flower valley cerise floors,sector 33,1.3,10743.0,2,2,2,3.0,New Property,U68925974,1095.0,1,0,0,0,0,0,22
flat,mvn athens,sohna road,0.27,5901.0,2,2,1,0.0,Relatively New,N68948302,508.0,0,0,0,0,0,2,69
flat,shree vardhman victoria,sector 70,1.62,13953.0,3,3,3,9.0,Relatively New,P66281908,1527.0,0,0,0,1,0,0,96
flat,umang winter hills,sector 77,1.05,5762.0,3,3,3,7.0,Relatively New,P69884738,1600.0,0,0,0,0,0,0,49
flat,experion the heartsong,sector 108,2.08,9904.0,4,4,3+,3.0,Relatively New,H68321948,2631.0,0,0,0,1,0,0,126
flat,birla navya,sector 63a,3.15,14632.0,3,3,3,4.0,Under Construction,I70066258,2153.0,0,0,0,0,1,0,44
flat,mapsko casa bella,sector 82,1.3,6378.0,4,4,3+,1.0,Relatively New,E62464936,1774.0,0,0,0,1,0,0,130
flat,sare homes,sector 92,0.65,4587.0,3,3,2,3.0,Relatively New,N69919756,1574.0,0,0,0,0,0,0,6
flat,antriksh heights,sector 84,1.05,5011.0,4,4,3+,3.0,New Property,M69826440,1896.0,1,0,0,0,0,0,66
flat,ss,sector 85,1.18,7170.0,2,2,3,4.0,Relatively New,W70085788,1630.0,0,0,0,0,0,0,49
house,independent,sector 26,23.0,25556.0,4,4,3+,2.0,Relatively New,V69736746,9000.0,1,1,1,1,0,2,145
flat,pyramid urban,sector 67a,0.55,10516.0,2,2,2,3.0,Relatively New,W69801626,581.0,0,0,0,0,0,0,73
flat,tulip violet,sector 69,2.0,9583.0,4,4,2,0.0,Relatively New,A69721704,1889.0,0,0,0,0,0,0,157
flat,imperia the esfera,sector 37c,0.87,5513.0,2,3,3+,5.0,Relatively New,R69869566,1300.0,1,0,0,0,0,0,109
flat,m3m woodshire,sector 107,0.8,5856.0,2,2,3+,7.0,Relatively New,N69548734,1236.0,0,0,0,0,0,2,165
flat,experion windchants,sector 112,5.31,11204.0,4,6,3+,15.0,Relatively New,A69596806,3573.33,0,1,0,1,0,0,72
flat,emaar palm gardens,sector 83,1.8,9473.0,3,3,3+,9.0,Relatively New,H69760652,1719.0,0,0,0,0,0,0,55
flat,suncity vatsal valley,gwal pahari,1.38,9650.0,3,3,2,1.0,Relatively New,R70102640,1294.0,0,0,0,0,0,2,151
flat,godrej aria,sector 79,1.69,8522.0,3,3,2,7.0,Relatively New,O69438032,1795.0,0,0,0,0,0,0,112
flat,paras dews,sector 106,1.4,6000.0,3,4,3+,12.0,Under Construction,L32711003,1593.0,1,0,0,1,1,0,55
flat,emaar mgf palm studios,sector 66,1.7,13502.0,2,2,2,7.0,Relatively New,P63608586,1072.0,0,0,0,0,1,0,99
flat,tulip ivory,sector 70,2.0,8333.0,4,5,3+,6.0,Moderately Old,Q68469582,2114.0,0,0,0,1,0,2,95
flat,hsiidc sidco shivalik apartments,manesar,0.85,5102.0,3,2,2,5.0,Moderately Old,O69737314,1508.0,0,0,0,0,0,0,0
flat,pareena coban residences,sector 99a,1.02,8793.0,2,2,3,3.0,Relatively New,T69088126,1430.0,1,0,0,0,0,0,174
flat,bestech park view city,sector 49,2.7,12505.0,3,4,3+,6.0,Moderately Old,L68665896,2159.0,0,0,0,0,0,0,0
flat,vipul lavanya,sector 81,0.65,5265.0,2,2,2,14.0,Moderately Old,B70187326,985.0,0,0,0,0,0,0,96
house,independent,sector 2,4.95,20370.0,6,5,3+,3.0,Relatively New,K58587490,2430.0,0,0,0,1,0,0,91
flat,dlf new town heights,sector 91,1.75,7402.0,4,4,3+,9.0,Relatively New,U42579919,2139.0,0,1,0,1,0,0,88
flat,la vida by tata housing,sector 113,1.65,10449.0,3,2,2,3.0,Relatively New,B69730452,1420.0,0,0,0,0,0,0,49
house,unitech uniworld resorts,sector 33,11.5,24573.0,5,6,3+,4.0,Relatively New,T68843520,4680.0,0,0,0,1,0,0,84
house,independent,sector 4,0.6,11696.0,3,3,1,2.0,Old Property,X58952548,57.0,0,0,0,0,1,0,0
flat,swarn jayanti cghs,sector 54,1.75,7608.0,4,3,3+,3.0,Old Property,W69323708,1900.0,0,0,0,0,1,2,26
flat,emaar gurgaon greens,sector 102,1.52,9212.0,3,3,3,7.0,Relatively New,V69307878,1315.0,0,0,0,1,0,2,137
flat,signature andour heights,sector 71,0.59,8428.0,2,2,1,6.0,Moderately Old,O61948124,639.0,0,0,0,0,0,0,67
flat,ats kocoon,sector 109,2.2,10501.0,3,4,3,13.0,Relatively New,C69708274,1860.0,0,0,0,1,0,0,165
flat,puri diplomatic greens,sector 111,2.58,11727.0,3,4,2,9.0,Relatively New,I69578914,2200.0,0,0,0,1,0,0,101
flat,godrej air,sector 85,1.8,13136.0,3,3,3,30.0,Under Construction,J63654624,141.0,0,0,0,0,0,0,45
flat,dlf the ultima,sector 81,2.12,10080.0,3,3,3+,9.0,Relatively New,F69198250,1650.0,1,1,0,1,1,1,49
house,independent,sector 41,9.0,27778.0,8,5,3+,3.0,Old Property,I69453422,3240.0,0,1,1,1,0,2,26
flat,raheja vedaanta,sector 108,0.95,5214.0,3,3,3,3.0,Relatively New,A41215323,1649.0,0,0,0,0,1,0,95
flat,bestech park view residency,sector 2,1.02,7208.0,2,2,3,11.0,Moderately Old,Y70071924,1281.0,0,0,0,0,0,0,92
flat,antriksh heights,sector 84,1.02,4868.0,4,4,3+,11.0,Relatively New,K67426782,1896.0,0,1,0,1,0,0,99
flat,conscient habitat,sector 99a,0.35,6422.0,2,2,1,3.0,Relatively New,V62459824,606.0,0,0,0,0,0,0,62
flat,signature global park,sohna road,0.75,6938.0,3,2,3+,4.0,New Property,F69881732,1201.0,0,0,0,0,0,0,101
flat,tulip violet,sector 69,1.2,8888.0,2,3,1,0.0,Relatively New,X69723094,1222.0,0,0,0,0,0,0,150
flat,ss the leaf,sector 85,1.05,6402.0,2,2,3,11.0,Relatively New,Y69864002,1484.0,0,0,0,0,0,0,44
flat,aipl the peaceful homes,sector 70a,2.3,10697.0,3,3,3,3.0,Relatively New,P69708076,1946.0,0,0,1,0,0,2,124
flat,hero homes,sector 104,1.4,15826.0,3,2,2,4.0,Under Construction,X61172132,1120.0,0,0,0,0,0,0,49
flat,ansal api celebrity suites,sector 2,0.6,8163.0,1,1,1,5.0,Moderately Old,W69305612,665.0,0,0,0,0,0,2,88
flat,puri diplomatic greens,sector 111,2.65,13589.0,3,4,2,7.0,Relatively New,R69137466,2086.0,0,0,0,1,0,2,159
flat,tulip violet,sector 69,1.5,10714.0,3,3,2,8.0,Relatively New,M68587622,1492.0,0,1,0,0,0,2,174
house,nul,sector 25,15.0,23437.0,5,5,3,2.0,Moderately Old,V68364614,6400.0,1,1,0,1,0,2,112
flat,shri balaji apartment,sector 12,0.35,4037.0,2,2,1,1.0,Moderately Old,V39804453,737.0,0,0,0,0,0,0,23
flat,ramprastha the atrium,sector 37d,1.0,7782.0,3,3,2,4.0,Relatively New,M65536434,1163.0,0,0,0,0,0,0,13
flat,smart world gems,sector 89,0.86,7796.0,2,3,3,4.0,Under Construction,K68809718,998.0,0,0,0,0,0,0,45
flat,dlf regal gardens,sector 90,1.8,7223.0,4,4,3+,7.0,Moderately Old,H65641346,2005.0,0,0,0,0,0,0,38
flat,raheja vedas,sector 108,2.15,4134.0,3,4,3+,12.0,Relatively New,D45804415,4600.0,1,0,0,0,0,0,0
flat,tarc maceo,sector 91,0.95,5954.0,2,2,2,10.0,Relatively New,A66311742,1186.0,0,0,0,0,0,0,77
flat,green campus chs,manesar,0.9,3935.0,3,3,3+,6.0,Moderately Old,Q68198308,2070.0,0,0,0,1,0,0,5
flat,ss the leaf,sector 85,1.17,7001.0,2,2,3,11.0,Relatively New,C70084858,1660.0,0,0,0,0,0,0,49
house,independent,sector 12,6.0,35088.0,4,6,2,2.0,Old Property,B66045426,1710.0,0,0,0,0,0,0,0
flat,pareena mi casa,sector 68,1.85,9310.0,3,3,3+,13.0,Under Construction,H63883542,1798.0,0,0,0,0,0,0,47
flat,emaar mgf the palm drive,sector 66,3.4,15454.0,3,4,3,9.0,Relatively New,F68385026,2200.0,0,0,1,1,0,2,96
flat,puri diplomatic greens,sector 111,3.4,11525.0,4,5,3+,14.0,Relatively New,J61071112,2670.0,0,0,0,1,0,0,94
flat,kendriya vihar,sector 56,0.55,9016.0,1,2,1,0.0,Old Property,N67487374,678.0,0,0,0,0,0,0,68
flat,kiran residency,sector 56,1.5,7500.0,3,3,3+,4.0,Relatively New,W69731696,1900.0,0,0,0,1,0,2,126
flat,bestech park view sanskruti,sector 92,1.5,7812.0,3,3,3,3.0,Relatively New,I69424510,1738.0,0,0,0,0,1,0,49
flat,shree vardhman victoria,sector 70,1.75,8974.0,3,5,0,0.0,Relatively New,M68065126,1950.0,0,0,0,0,0,0,47
flat,tarc maceo,sector 91,0.9,6870.0,2,2,2,13.0,Relatively New,A70182296,1186.0,0,0,0,0,0,1,67
flat,vatika gurgaon,sector 83,1.25,7812.0,4,4,3,12.0,Moderately Old,C61573480,1970.0,0,0,0,1,0,0,103
flat,shree vardhman flora,sector 90,0.86,6254.0,3,4,3,0.0,Relatively New,K67917446,1525.0,0,0,0,1,0,2,84
flat,chd avenue,sector 71,1.16,6655.0,3,3,3,5.0,Moderately Old,C69466170,1577.0,0,0,0,1,0,2,73
flat,godrej nature plus,sector 33,1.35,8231.0,3,2,3+,7.0,Under Construction,K69281850,1484.0,0,1,0,0,0,0,49
flat,shree vardhman flora,sector 90,0.7,5325.0,2,2,3,9.0,New Property,T67903894,1350.0,1,0,0,0,0,0,60
house,suncity essel towers,sector 28,8.95,17900.0,5,6,3+,4.0,Moderately Old,W65205736,5000.0,0,0,0,0,0,0,0
flat,experion windchants,sector 112,3.75,13383.0,3,3,2,21.0,Relatively New,K70137958,2225.56,0,0,0,1,0,2,159
flat,dlf the primus,sector 82a,2.55,11218.0,4,4,3+,14.0,Relatively New,B69550462,2273.0,0,0,0,0,0,1,44
flat,smart world gems,sector 89,1.25,8784.0,3,3,3,2.0,Under Construction,K69226326,1288.0,0,1,0,0,0,0,12
flat,krrish florence estate,sector 70,1.3,5600.0,3,3,3,17.0,Under Construction,N25060831,1865.0,0,0,0,0,0,2,61
flat,unitech sunbreeze,sector 69,0.74,5500.0,3,3,1,10.0,Under Construction,L24514775,1210.0,0,0,0,1,0,0,60
flat,ats triumph,sector 104,2.0,8733.0,3,4,3+,4.0,Relatively New,O69034342,2072.0,0,0,0,1,0,0,60
flat,indiabulls centrum park,sector 103,1.15,8679.0,2,2,3,10.0,Relatively New,S69178792,1080.0,1,0,0,0,0,2,174
flat,eldeco accolade,sector 33,1.2,8043.0,2,2,2,0.0,Under Construction,X69152560,1492.0,0,0,0,0,0,0,56
flat,paras dews,sector 106,2.1,8917.0,4,6,3+,6.0,Relatively New,D69522190,2131.0,0,0,0,1,1,0,60
flat,ss the leaf,sector 85,1.25,7179.0,2,2,3,10.0,Relatively New,J70085886,1730.0,0,0,0,0,0,0,49
house,independent,sector 6,0.66,10784.0,3,2,1,2.0,Old Property,T69242450,612.0,0,0,0,0,0,0,36
flat,green court,sector 90,0.5,8333.0,2,2,1,8.0,New Property,K63168640,650.0,0,0,0,0,0,0,42
flat,m3m heights,sector 65,2.44,13300.0,3,3,2,7.0,Under Construction,H69057168,1654.0,0,0,0,0,0,0,31
flat,dlf new town heights,sector 86,1.54,5786.0,4,4,3+,21.0,Moderately Old,U66276354,2139.0,1,1,0,1,0,0,80
house,independent,sector 105,0.37,8222.0,2,2,1,1.0,Moderately Old,C69473030,450.0,0,0,0,0,1,0,0
house,vatika independent floors,sector 82,1.4,8235.0,3,3,2,3.0,New Property,Y68216668,1700.0,0,1,0,0,0,0,61
flat,mahindra luminare,sector 59,5.5,18181.0,3,3,1,26.0,Under Construction,V69644728,2738.0,0,0,0,1,0,0,24
flat,bptp astaire gardens,sector 70a,1.25,8771.0,3,3,2,1.0,Relatively New,N69688012,1300.0,0,0,0,0,1,0,49
house,independent,sector 92,1.8,7627.0,4,5,0,13.0,Relatively New,K69442176,2360.0,0,0,0,0,0,0,0
flat,sare green parc phase 3,sector 92,0.7,5279.0,3,2,2,4.0,Relatively New,K67380076,1325.0,0,0,0,0,0,0,56
flat,satya element one,sector 49,0.87,19333.0,1,1,1,2.0,Relatively New,L69334532,500.0,0,0,0,0,0,0,22
flat,ireo victory valley,sector 67,4.55,14536.0,4,4,3+,19.0,Relatively New,D69771054,2833.0,0,0,0,1,0,2,156
flat,lotus homz,sector 111,0.36,8888.0,1,1,1,10.0,Relatively New,L69472130,450.0,0,0,0,0,0,0,44
flat,birla navya,sector 63a,3.23,26872.0,3,3,3,4.0,New Property,A69419710,1202.0,0,0,0,1,0,0,52
flat,bestech park view residency,sector 2,0.56,8632.0,1,1,2,6.0,Moderately Old,E69050540,723.0,0,0,0,0,0,0,77
flat,godrej summit,sector 104,1.1,8669.0,2,2,3,16.0,Under Construction,D33046811,1148.0,0,0,0,0,1,0,88
flat,eldeco accolade,sohna road,0.71,5607.0,2,2,3,10.0,Relatively New,F67702552,1154.0,0,0,0,0,0,0,159
flat,godrej habitat,sector 3,1.3,9002.0,2,2,2,6.0,Under Construction,A70090900,1604.0,0,0,0,0,0,0,36
flat,adani m2k oyster grande,sector 102,1.9,14074.0,3,4,3,21.0,Relatively New,A69157350,1605.0,0,0,0,1,0,0,60
flat,imperia the esfera,sector 37c,0.9,6272.0,3,3,3,9.0,Relatively New,D69988498,1435.0,0,0,0,0,0,0,66
flat,smart world gems,sector 89,1.0,9007.0,2,2,3,3.0,New Property,L69036040,1233.0,1,0,0,0,1,0,99
flat,indiabulls enigma,sector 110,3.7,10882.0,4,5,3,7.0,Relatively New,A69958970,3077.0,0,0,0,1,0,0,156
flat,breez global heights,sohna road,0.21,5329.0,1,1,1,2.0,Relatively New,H70038920,438.0,0,0,0,0,0,0,21
flat,vatika gurgaon,sector 83,1.12,6455.0,3,3,2,4.0,Relatively New,A68896320,1200.0,1,1,1,1,0,2,165
flat,hcbs sports ville,sohna road,0.27,4345.0,2,2,2,10.0,Relatively New,R65848358,619.0,0,0,0,0,0,0,43
flat,siddhartha apartment,sector 95,1.1,4327.0,4,3,3,9.0,Relatively New,A59296758,2824.0,0,0,0,1,1,0,22
flat,ats kocoon,sector 109,2.22,10596.0,3,4,3,14.0,Relatively New,Q70065940,1860.0,1,1,1,1,0,0,45
flat,signature global solera,sector 107,0.28,5828.0,2,2,2,0.0,Relatively New,J65806824,543.0,0,0,0,0,0,0,45
flat,supertech araville,sector 79,1.1,5641.0,3,3,3,1.0,Relatively New,N64363220,2167.0,0,0,0,0,0,2,106
flat,unitech sunbreeze,sector 69,0.75,6849.0,2,2,2,4.0,Under Construction,G70026492,991.0,0,0,0,0,0,0,0
flat,whiteland blissville,sector 76,1.92,11500.0,3,3,2,2.0,Under Construction,Q69258518,1672.0,0,0,0,0,0,0,61
house,unitech aspen greens,sector 50,7.0,32407.0,4,4,2,2.0,Old Property,K69342942,2160.0,0,0,0,1,0,0,29
flat,dlf the crest,sector 54,11.0,35484.0,4,5,3+,7.0,Relatively New,P69588354,3444.0,1,1,0,1,0,0,49
flat,chd avenue,sector 71,1.15,6526.0,3,3,2,15.0,Moderately Old,M16781771,1541.0,0,0,0,1,0,2,66
house,independent,sector 14,4.6,20444.0,1,1,0,1.0,Old Property,R67079230,2250.0,0,0,0,0,0,0,0
house,sushant lok 1 builder floors,sector 43,1.95,10077.0,3,4,3+,4.0,New Property,L69688060,1935.0,0,0,0,1,0,2,78
flat,prime habitat,sector 99a,0.27,6049.0,2,2,1,10.0,Relatively New,K69661296,498.0,0,0,0,0,0,0,67
house,unitech uniworld resorts,sector 33,9.5,23333.0,5,7,3+,2.0,Under Construction,Y69896412,4071.0,1,1,1,1,0,0,57
flat,signature global synera,sector 81,0.49,6666.0,2,2,3,5.0,Relatively New,R69389972,700.0,0,0,0,0,0,0,117
flat,supertech basera,sector 79,0.36,7643.0,2,2,1,4.0,New Property,P57613040,546.0,0,0,0,0,0,0,60
flat,dlf the ultima,sector 81,2.4,11412.0,3,4,3+,19.0,Relatively New,W69416782,1903.0,0,0,0,1,0,1,174
flat,ats tourmaline,sector 109,1.75,8139.0,3,4,3+,7.0,Relatively New,D69316216,1797.0,0,0,0,1,0,0,165
flat,smart world orchard,sector 61,2.3,14110.0,3,3,2,2.0,Under Construction,X70004764,1475.0,1,0,0,0,0,0,79
house,independent,sector 13,4.5,9091.0,4,5,2,2.0,Old Property,T61349800,4950.0,0,0,0,0,0,0,0
flat,central park flower valley,sector 33,2.2,10476.0,3,3,3,12.0,New Property,I68814518,1900.0,0,0,0,1,0,2,49
flat,gls arawali homes,sohna road,0.3,5291.0,2,2,0,10.0,Relatively New,W67904444,567.0,0,0,0,0,0,0,0
flat,gls avenue 51,sector 92,0.21,6953.0,1,1,1,0.0,Relatively New,D69622838,336.0,0,0,0,0,0,0,63
flat,prime habitat,sector 99a,0.32,4657.0,2,2,1,7.0,Relatively New,J64704666,601.0,0,0,0,0,0,0,44
flat,signature global city 37d ph 2,sector 37d,1.1,8148.0,3,3,1,2.0,Under Construction,S69121822,1500.0,0,1,0,0,0,0,30
flat,breez global heights,sohna road,0.25,7002.0,1,1,1,1.0,Relatively New,S69270614,386.0,0,0,0,0,0,0,57
house,independent,sector 9,3.4,12938.0,9,9,3,3.0,Moderately Old,O69749646,2628.0,0,0,0,0,0,2,61
flat,pareena coban residences,sector 99a,1.32,6609.0,3,5,3,11.0,New Property,Z69589064,1737.0,0,0,0,1,0,0,88
house,independent,sector 50,7.0,23333.0,4,4,2,3.0,Old Property,A68809650,3400.0,0,0,0,1,0,0,118
flat,m3m ikonic,sector 68,1.8,9230.0,3,3,3+,18.0,Relatively New,C69523822,1845.0,0,0,0,0,0,2,126
flat,chd avenue,sector 71,0.95,7929.0,2,2,2,5.0,Moderately Old,D69904562,1084.0,0,0,0,0,0,2,142
flat,shapoorji pallonji joyville gurugram,sector 102,1.26,10370.0,2,2,3,7.0,Relatively New,W70022160,1100.0,0,0,0,0,0,2,49
flat,south city 1 floors,sector 41,3.4,11724.0,4,4,3,0.0,Old Property,O64568872,2900.0,0,0,0,0,0,0,0
flat,signature global city 92,sector 92,0.78,11142.0,2,2,3,2.0,Under Construction,C69153300,846.0,0,0,0,0,1,0,24
flat,m3m golf hills,sector 79,1.45,10211.0,2,2,3,15.0,Under Construction,D69857690,1578.0,0,0,0,0,0,0,67
flat,godrej,sector 79,2.03,9046.0,3,4,3+,7.0,Relatively New,U69438590,2031.0,0,0,0,1,0,0,118
flat,indiabulls centrum park,sector 103,2.4,8347.0,4,6,3+,15.0,Relatively New,N68495966,2456.0,0,0,0,1,0,0,156
flat,dlf the ultima,sector 81,2.4,11412.0,3,3,3+,12.0,Relatively New,Q70145884,1650.0,0,0,0,1,0,1,49
flat,madhur jeevan apartments,sector 56,1.59,8594.0,4,3,3+,3.0,Old Property,E69442206,1900.0,0,0,0,0,1,2,33
flat,vatika iris floors,sector 82,0.63,5590.0,2,2,3+,2.0,Relatively New,T67087386,1026.0,1,0,0,0,0,0,110
flat,pareena coban residences,sector 99a,1.4,7010.0,3,5,3+,6.0,New Property,D70171158,1807.0,0,0,0,0,0,0,15
flat,mapsko mount ville,sector 79,1.2,8053.0,3,3,3,24.0,Relatively New,J69571808,1348.0,0,0,0,0,0,2,8
house,dlf city plots phase 2,sector 25,10.75,29861.0,9,9,3+,3.0,Old Property,U69430128,3600.0,0,1,1,1,0,0,73
flat,bestech altura,sector 79,1.72,8400.0,3,4,3,9.0,New Property,R70191744,2050.0,0,0,0,0,0,0,49
flat,conscient heritage max,sector 102,2.22,13875.0,3,4,3+,15.0,Relatively New,L68345584,2000.0,1,0,0,1,0,0,82
flat,smart world orchard,sector 61,2.45,15800.0,3,3,3,3.0,New Property,G68879412,1223.0,1,0,0,1,0,0,119
house,independent,sector 7,8.0,22222.0,4,5,3+,1.0,Old Property,W59999200,3600.0,1,1,0,1,0,0,31
flat,tarc maceo,sector 91,1.75,11121.0,4,3,3+,8.0,Relatively New,H65096484,2107.0,1,1,1,1,0,0,128
flat,smart world gems,sector 89,1.71,12000.0,3,2,0,3.0,New Property,U68022596,1423.0,0,0,0,0,0,0,45
flat,rof ananda,sector 95,0.2,5463.0,1,1,1,10.0,Relatively New,D69372680,407.0,0,0,0,0,0,0,82
flat,sare crescent parc,sector 92,0.49,4909.0,2,2,2,2.0,Relatively New,M59252680,1109.0,0,0,0,0,0,0,96
flat,sare crescent parc,sector 92,1.0,5128.0,4,3,2,1.0,Relatively New,K64895528,2167.0,0,0,0,0,0,0,49
flat,sobha city,sector 108,2.6,15195.0,3,3,2,11.0,New Property,Z67948628,1711.0,0,0,0,0,0,0,49
flat,whiteland blissville,sector 76,1.9,11363.0,3,3,2,0.0,Under Construction,N67620566,1513.0,0,0,0,0,0,0,61
house,independent,sector 14,7.5,16600.0,3,3,2,1.0,Old Property,B69775082,4518.0,1,1,0,1,0,2,27
flat,ardee city,sector 52,1.55,7381.0,4,4,3,1.0,Moderately Old,Y68863904,2100.0,0,0,0,0,0,0,0
flat,bestech park view residency,sector 2,0.56,8553.0,1,1,2,7.0,Moderately Old,V70071796,722.0,0,0,0,0,0,0,92
flat,tulip violet,sector 69,2.05,9950.0,4,4,2,0.0,Relatively New,N69721252,1889.0,0,0,0,0,0,0,157
house,sector 14 rwa,sector 14,6.5,20635.0,4,4,3+,2.0,Moderately Old,J68581688,3150.0,0,0,0,0,0,0,0
flat,godrej summit,sector 104,1.3,9027.0,3,2,3+,16.0,Relatively New,G52699170,1303.0,1,1,1,0,0,2,0
flat,raheja maheshwara,sohna road,0.48,4367.0,2,2,2,11.0,Under Construction,Y69825504,995.0,0,0,0,0,0,0,45
flat,vatika lifestyle homes,sector 83,1.05,7500.0,3,2,2,1.0,Moderately Old,K64577386,1600.0,0,0,0,0,0,2,106
flat,alpha corp gurgaonone,sector 84,2.24,6523.0,4,4,3,12.0,Relatively New,Z70006908,3165.0,0,0,0,1,0,0,20
house,naman residency,sector 4,0.5,11111.0,2,2,2,2.0,New Property,A62486368,450.0,1,1,0,1,1,0,14
flat,ss the leaf,sector 85,1.2,9677.0,2,2,3+,9.0,Relatively New,Y69963252,1491.0,0,0,1,0,0,0,148
flat,m3m soulitude,sector 89,1.25,8784.0,3,3,3,3.0,New Property,K68569738,1288.0,1,0,0,0,1,0,61
house,independent,sector 13,0.62,3588.0,6,6,0,3.0,Old Property,Y69854246,192.0,0,0,0,0,0,0,0
flat,mapsko paradise,sector 83,0.75,5597.0,3,3,3,10.0,New Property,G69826630,1162.0,0,0,0,0,1,2,49
house,independent,sector 38,2.1,23333.0,2,7,3+,3.0,Relatively New,A68711470,900.0,1,1,1,0,0,0,27
house,independent,sector 9,0.6,10753.0,2,2,1,1.0,Moderately Old,X68581854,558.0,0,0,0,0,0,0,8
house,smart world orchard,sector 61,2.01,13000.0,3,3,3,4.0,Under Construction,I69546738,1549.0,0,0,0,0,0,0,145
flat,supertech hues,sector 68,0.93,8611.0,2,2,2,11.0,New Property,A68633102,1200.0,0,0,0,0,0,0,0
flat,mapsko casa bella,sector 82,3.0,6134.0,4,6,3+,25.0,Relatively New,K69026234,4425.0,0,1,0,1,0,2,119
flat,tulip ivory,sector 70,2.35,9791.0,4,4,3+,10.0,Moderately Old,R69327588,2667.0,0,0,0,1,0,2,65
flat,assotech blith,sector 99,0.92,6739.0,2,2,3+,22.0,Under Construction,K68182666,1235.0,0,0,0,0,0,0,56
flat,ss the leaf,sector 85,1.93,8075.0,3,4,3,7.0,Relatively New,R65906980,2400.0,0,0,0,1,0,0,174
flat,dlf regal gardens,sector 90,1.78,8036.0,4,4,3+,8.0,Relatively New,O69621840,2000.0,0,0,0,0,0,0,126
flat,chintels paradiso,sector 109,1.8,8866.0,3,3,2,0.0,Moderately Old,Y68783892,1910.0,0,0,0,1,0,0,83
house,jacob pura,sector 12,0.35,9722.0,2,1,0,2.0,Old Property,Y4463709,360.0,0,0,0,0,0,0,0
flat,central park resorts,sector 48,11.25,28266.0,4,5,3+,2.0,Relatively New,Z69174760,4422.0,0,1,0,1,0,0,45
house,independent,sector 24,3.5,32407.0,2,4,3,3.0,Old Property,F59524312,1080.0,0,0,0,0,0,0,15
flat,shree vardhman victoria,sector 70,1.64,8384.0,3,5,3,3.0,Relatively New,Z69936736,1527.0,0,0,0,1,0,0,51
flat,godrej nature plus,sector 33,1.1,7971.0,2,2,2,14.0,Under Construction,E69238060,1533.0,0,0,0,0,0,0,56
flat,ansal plaza,sector 2,1.0,10000.0,2,3,0,1.0,Moderately Old,R69716994,1000.0,0,0,0,0,0,0,0
flat,gls arawali homes,sohna road,0.26,4513.0,2,2,2,4.0,Relatively New,N69671442,640.0,0,0,0,0,0,0,42
flat,corona optus,sector 37c,1.43,7185.0,3,3,3+,2.0,Relatively New,Y70044792,1834.0,0,0,0,1,1,0,49
flat,smart world gems,sector 89,0.9,8145.0,2,2,2,1.0,New Property,U69383626,1105.0,0,0,0,0,0,0,45
flat,rof aalayas,sector 102,0.45,8404.0,2,2,1,14.0,Relatively New,V70147230,568.0,0,0,0,0,0,1,57
flat,the close north,sector 50,3.0,11516.0,3,3,3+,14.0,Old Property,U69330420,2357.0,0,0,0,1,0,2,121
house,independent,sector 25,4.31,31926.0,5,4,3,3.0,Old Property,R70186684,1350.0,0,0,0,0,0,0,40
flat,sare homes,sector 92,0.6,5000.0,3,2,3,4.0,Moderately Old,M63520026,1333.0,0,0,0,0,0,2,49
house,independent,sector 37d,2.5,13157.0,5,5,3+,2.0,Relatively New,M62190402,1900.0,0,0,0,0,0,0,0
flat,tulip violet,sector 69,1.4,8928.0,3,3,1,12.0,Relatively New,Y69407304,1419.0,0,0,0,0,0,0,157
flat,shapoorji pallonji joyville gurugram,sector 102,1.35,14754.0,2,2,2,10.0,Under Construction,J50926486,828.0,0,0,0,0,0,0,22
flat,mrg skyline,sector 106,1.82,13392.0,3,2,2,4.0,Relatively New,H69258514,1359.0,0,0,0,0,0,0,0
flat,ramsons kshitij,sector 95,0.28,3650.0,2,2,2,5.0,New Property,O48320397,694.0,0,0,0,0,1,0,0
flat,not applicable,sector 4,0.42,5600.0,2,2,1,3.0,Relatively New,D68585736,833.0,0,0,0,0,0,2,26
flat,mvn athens,sohna road,0.25,5198.0,2,2,0,0.0,Relatively New,G69536248,481.0,0,0,0,0,0,0,37
flat,godrej nature plus,sector 33,1.65,8266.0,3,3,3,2.0,Under Construction,T70164984,2218.0,0,0,0,1,0,0,37
flat,pareena coban residences,sector 99a,1.35,6761.0,3,5,3,6.0,New Property,R50041892,1807.0,0,0,0,1,1,0,60
flat,belgravia resort residences,sector 48,3.45,18459.0,3,3,3,14.0,Moderately Old,R69770990,1869.0,0,0,0,0,0,0,0
flat,paras quartier,gwal pahari,5.9,11028.0,4,4,3+,19.0,New Property,I69400446,4842.0,1,1,1,1,0,2,160
flat,tata primanti,sector 72,3.4,15560.0,3,4,3+,9.0,Moderately Old,R68296740,2185.0,0,0,0,1,0,0,38
flat,godrej nature plus,sector 33,1.15,11558.0,2,2,2,15.0,Under Construction,C69218264,103.0,0,0,0,0,0,0,38
flat,ss the leaf,sector 85,1.09,6661.0,2,2,3,5.0,Relatively New,M69584914,1475.0,0,0,0,0,0,0,49
house,emaar mgf marbella,sector 66,12.0,37037.0,4,4,3+,3.0,Relatively New,V68413060,3240.0,1,1,1,1,0,2,160
flat,m3m latitude,sector 65,4.6,26791.0,3,3,3,7.0,New Property,C69594442,1717.0,1,1,1,1,0,0,115
flat,m3m soulitude,sector 89,1.25,8784.0,3,3,0,4.0,New Property,Q68653922,1423.0,0,0,0,0,0,0,61
house,independent,sector 26,4.5,33333.0,5,5,3+,2.0,Old Property,V64373068,1350.0,0,0,0,0,0,0,7
flat,dlf new town heights,sector 86,1.4,5942.0,4,4,3+,20.0,Relatively New,N44044469,2132.0,0,1,0,1,0,0,65
flat,nbcc heights,sector 89,0.75,6578.0,2,2,2,6.0,Moderately Old,R69736118,1032.0,0,0,0,0,0,0,0
house,independent,sector 70a,2.1,3889.0,3,2,1,3.0,New Property,V66132478,667.0,0,0,0,0,0,0,0
flat,shree vardhman flora,sector 90,0.9,4615.0,3,4,3,4.0,Relatively New,E69230140,1765.0,0,0,0,1,0,0,165
flat,sare crescent parc royal greens phase 1,sector 92,1.25,5832.0,4,4,3,20.0,Relatively New,S59340330,1939.0,0,0,0,1,0,0,60
flat,trisara our homes 3,sohna road,0.35,5564.0,2,2,1,2.0,New Property,W69771698,699.0,0,0,0,0,0,0,74
flat,bestech park view sanskruti,sector 92,1.6,8020.0,3,4,3+,10.0,Relatively New,J68766492,1615.0,0,0,0,1,1,2,174
flat,my home,new sector 2,0.28,3166.0,2,1,1,2.0,Relatively New,P68640518,1000.0,0,0,0,0,1,0,15
flat,ireo victory valley,sector 67,3.05,16266.0,3,4,2,35.0,Relatively New,K69604018,2200.0,1,0,0,1,0,2,165
flat,pivotal devaan,sector 84,0.36,7588.0,2,2,1,9.0,Relatively New,Y69866580,531.0,0,0,1,0,0,1,80
flat,dlf new town heights,sector 86,1.3,6735.0,3,3,3,12.0,Moderately Old,N69323318,1747.0,0,0,0,1,0,2,165
flat,signature global park,sohna road,0.53,6295.0,2,2,2,1.0,Relatively New,Q69364724,939.0,0,1,0,0,0,0,168
flat,chd avenue,sector 71,1.25,7171.0,3,4,2,7.0,Relatively New,J69644050,1577.0,0,0,0,1,0,2,160
flat,shree vardhman flora,sector 90,0.65,4814.0,2,2,3,6.0,Relatively New,Y69230080,1222.0,1,0,0,0,0,0,165
flat,godrej,sector 79,1.41,9000.0,2,2,3,3.0,New Property,J57709348,1747.0,1,0,0,0,0,0,104
house,independent,sector 26,15.0,33333.0,4,4,3,3.0,Moderately Old,E70408864,4500.0,0,0,1,1,0,2,36
house,sobha city,sector 108,10.5,14323.0,5,4,3+,1.0,Relatively New,K68014772,7331.0,0,0,0,0,0,0,59
house,huda housing board colony,sector 31,4.6,31507.0,2,4,3+,3.0,Old Property,J68546094,1460.0,0,0,0,0,1,0,8
flat,ambience creacions,sector 22,2.55,13709.0,3,3,3,5.0,Relatively New,W70124530,1860.0,0,0,0,0,0,1,49
house,independent,sector 105,1.2,10122.0,3,2,1,2.0,Old Property,M68435552,1185.51,0,0,0,0,0,0,9
flat,krrish florence estate,sector 70,1.25,6703.0,3,3,3,18.0,Under Construction,H33897213,1688.0,0,0,0,0,0,0,51
flat,pyramid elite,sector 86,0.45,7846.0,2,2,1,12.0,Under Construction,Y62774964,637.0,0,0,0,0,0,0,30
house,ansal sushant lok plots,sector 43,7.0,25926.0,5,5,3+,3.0,Relatively New,P69749546,2700.0,1,1,0,1,0,2,41
flat,conscient heritage max,sector 102,1.78,9218.0,3,4,3+,5.0,Moderately Old,Y70043228,1748.0,0,0,0,1,0,0,125
house,independent,sector 43,5.25,27132.0,4,4,2,2.0,Old Property,D70255234,1935.0,1,0,0,1,0,2,80
flat,shapoorji pallonji joyville gurugram,sector 102,0.97,10601.0,2,2,2,12.0,Relatively New,L69124940,828.0,0,0,0,0,0,0,100
flat,dlf regal gardens,sector 90,1.65,7449.0,4,4,3+,8.0,Relatively New,K39291191,1900.0,0,0,0,0,1,0,79
house,independent,sector 14,5.5,16975.0,5,4,2,2.0,Old Property,W69298054,3240.0,1,0,0,0,0,0,27
flat,m3m merlin,sector 67,2.9,14167.0,3,3,3,0.0,Relatively New,E69965508,2047.0,0,0,0,0,1,2,49
flat,capital residences 360,sector 70a,1.18,8137.0,2,2,3,7.0,New Property,H70121978,1400.0,0,1,0,0,0,0,140
flat,dlf park place,sector 54,5.75,24689.0,3,4,3,12.0,Relatively New,S69025780,2329.0,0,0,0,1,0,1,174
flat,shapoorji pallonji joyville gurugram,sector 102,2.15,12706.0,3,3,3,10.0,Relatively New,T69506328,1690.0,0,0,0,0,0,2,49
flat,imperia the esfera,sector 37c,0.98,5399.0,3,4,3,9.0,Relatively New,T70039480,1660.0,0,0,0,1,1,0,49
flat,paras dews,sector 106,0.92,6642.0,2,2,3+,2.0,Relatively New,K69956704,940.0,0,0,0,0,0,0,174
house,independent,sector 11,1.35,3857.0,10,6,3+,3.0,Old Property,F66612390,3500.0,0,0,0,0,0,0,0
flat,ansal heights 86,sector 86,1.3,4666.0,4,6,2,11.0,New Property,C69834778,2521.0,0,0,0,1,1,0,86
flat,gls avenue 51,sector 92,0.5,7812.0,3,3,1,0.0,Relatively New,K70171656,579.0,0,0,0,0,0,0,0
flat,antriksh heights,sector 84,0.88,4821.0,3,3,3,16.0,Relatively New,B69994018,1652.0,0,1,0,0,0,0,67
flat,shapoorji pallonji joyville gurugram,sector 102,1.75,15514.0,3,3,3+,1.0,Relatively New,M69179478,1465.0,0,0,0,0,0,0,49
flat,trisara our homes 3,sohna road,0.36,5980.0,2,2,1,1.0,New Property,X69296614,522.0,0,0,0,0,0,0,45
flat,global height,sohna road,0.45,6338.0,2,2,2,6.0,Relatively New,K69386204,789.0,0,0,0,0,0,1,49
house,international city by sobha phase 1,sector 109,12.0,20000.0,5,6,3,2.0,Relatively New,T69969484,7000.0,1,0,0,1,0,2,154
flat,dlf the ultima,sector 81,3.45,12012.0,4,4,3+,10.0,New Property,O68573508,2599.0,0,0,0,1,0,1,165
flat,ramprastha the edge towers,sector 37d,0.8,5797.0,2,2,3,2.0,Relatively New,L32300223,1300.0,0,0,0,0,0,0,78
flat,ss the coralwood,sector 84,1.1,5820.0,3,3,3+,12.0,Moderately Old,G67478760,1710.0,0,0,0,0,0,2,104
flat,signature global solera,sector 107,0.25,7862.0,1,1,0,0.0,Relatively New,V69417148,318.0,0,0,0,0,0,0,55
flat,m3m merlin,sector 67,3.0,14655.0,3,3,3+,4.0,Relatively New,G69977302,2047.0,0,0,1,0,0,2,174
flat,gls arawali homes,sohna road,0.32,6722.0,2,1,0,0.0,Relatively New,Y69511686,476.0,0,0,0,0,0,0,0
house,sector 57 huda,sector 57,3.8,26063.0,2,8,3+,4.0,Relatively New,T70302452,1458.0,0,1,1,0,0,2,94
flat,vatika the seven lamps,sector 82,1.0,5923.0,2,2,2,11.0,Relatively New,E68345410,1299.0,1,0,0,0,0,2,90
flat,raheja sampada,sector 92,0.65,4744.0,3,2,3,6.0,Relatively New,B68691862,1240.0,0,0,0,0,0,0,49
flat,ss the leaf,sector 85,1.15,10017.0,2,2,3+,18.0,Relatively New,V69884868,1380.0,0,0,1,0,0,0,156
flat,shyam apartment,sector 3,0.26,3714.0,2,1,2,2.0,Relatively New,O67430330,611.0,0,0,0,0,0,0,0
flat,the close north,sector 50,2.97,11401.0,3,3,3+,8.0,Moderately Old,J68958234,2600.0,0,0,0,1,0,2,174
house,independent,sector 105,0.7,5833.0,3,2,2,1.0,Moderately Old,T69560398,1200.0,0,0,0,0,0,0,0
flat,sbr minda sec-1 imt manesar,manesar,0.64,4193.0,3,2,3+,6.0,Old Property,T68302040,1696.0,0,0,0,0,0,0,51
flat,sare crescent parc royal greens phase 1,sector 92,0.95,5007.0,4,5,3+,4.0,Moderately Old,U68713020,1717.0,0,0,0,1,0,0,37
flat,signature global solera,sector 107,0.6,8000.0,3,2,2,8.0,Relatively New,D69442244,750.0,0,0,0,0,0,0,55
house,dlf city plots,sector 26,17.3,38737.0,6,7,3+,3.0,New Property,N69761704,4518.0,1,1,1,1,0,2,124
flat,ashiana mulberry,sohna road,0.74,6016.0,2,2,3+,12.0,Relatively New,J69435708,1367.0,0,0,0,0,0,0,71
flat,vipul lavanya,sector 81,1.0,8000.0,2,2,2,7.0,Relatively New,L59164194,1131.0,0,0,0,0,0,0,31
house,not applicable,sector 4,0.4,9259.0,1,1,1,1.0,Moderately Old,G68404978,432.0,0,0,0,0,0,0,0
flat,ireo the grand arch,sector 58,4.85,16934.0,4,5,3,23.0,Relatively New,V69807832,3182.0,1,1,0,1,1,2,49
flat,imt view society,manesar,0.95,3653.0,3,4,3,6.0,Moderately Old,Y70129276,2232.0,0,0,0,1,0,0,81
flat,dlf new town heights,sector 90,1.25,6476.0,3,3,3+,17.0,Relatively New,I41322939,1700.0,0,1,0,1,0,0,65
flat,ss radiance residency,sector 12,0.6,5660.0,3,3,2,3.0,Relatively New,K64553310,1178.0,0,0,0,0,0,0,44
flat,godrej oasis,sector 88a,1.38,6679.0,3,3,3+,7.0,Relatively New,D66119148,2296.0,0,0,0,1,0,0,72
flat,umang winter hills,sector 37,0.99,7857.0,2,2,2,1.0,Relatively New,S66360270,1126.0,0,0,0,0,0,0,97
flat,ramprastha primera,sector 37d,1.2,13333.0,3,3,3,5.0,Relatively New,I70027322,1000.0,0,0,1,0,0,0,50
flat,emaar palm gardens,sector 83,1.55,9011.0,3,3,3,4.0,Relatively New,I69975884,1400.0,0,0,0,1,0,2,174
flat,emaar palm gardens,sector 83,1.8,9474.0,3,4,0,9.0,Relatively New,C69873450,1900.0,0,0,0,0,0,0,55
flat,paras dews,sector 106,1.2,11605.0,3,3,3,12.0,Relatively New,P69532002,1145.0,1,0,0,0,0,0,158
house,independent,sector 12,2.75,12343.0,6,6,2,2.0,Old Property,M68021346,2228.0,0,0,0,0,0,0,0
flat,shree vardhman flora,sector 90,0.95,6333.0,3,3,3,9.0,Relatively New,M67782914,1667.0,0,0,0,1,0,0,90
flat,dnha group housing society,manesar,0.75,4518.0,3,2,2,5.0,Moderately Old,T65385394,1502.0,0,0,0,0,0,0,0
flat,ansal maple crescent,sector 43,1.35,10037.0,3,3,3,2.0,Old Property,E69939552,1320.0,0,0,0,0,1,2,93
flat,godrej summit,sector 104,1.75,7530.0,4,5,3+,1.0,New Property,U69644544,2582.0,0,0,0,1,0,0,60
flat,ss the leaf,sector 85,1.2,7317.0,2,2,3+,14.0,Relatively New,F69963546,1380.0,0,0,1,0,0,0,141
flat,breez global heights,sohna road,0.28,7142.0,1,1,1,4.0,New Property,K64745980,443.0,0,0,0,0,0,1,26
flat,central park flower valley,sector 33,1.4,21538.0,3,3,3,2.0,Under Construction,L68985938,588.0,0,0,0,0,0,0,54
flat,experion the heartsong,sector 108,1.2,6825.0,3,3,3+,10.0,Relatively New,F53928076,1275.53,1,0,0,0,0,0,93
house,independent,sector 25,13.5,37313.0,5,6,3+,4.0,Old Property,Z66212908,3618.0,0,0,0,0,1,2,79
flat,experion the heartsong,sector 108,2.0,8554.0,3,3,3+,14.0,Relatively New,H53750408,2116.0,0,0,0,1,0,0,95
flat,imperia the esfera,sector 37c,0.99,5454.0,3,4,3,9.0,Relatively New,E70042222,1660.0,0,0,0,1,0,0,49
flat,sare petioles,sector 92,1.25,6097.0,3,3,3,18.0,Under Construction,Q69196420,2278.0,0,0,0,1,0,0,44
flat,gls arawali homes,sohna road,0.28,4938.0,2,2,2,3.0,Relatively New,A64130284,500.0,0,0,0,0,0,2,42
flat,tulip violet,sector 69,1.7,8457.0,4,4,2,10.0,Relatively New,O68587792,1804.0,1,1,1,1,0,0,174
house,independent,sector 57,3.6,20833.0,4,4,2,2.0,Old Property,P70155616,1728.0,1,1,1,1,0,0,110
house,independent,manesar,2.0,14954.0,3,1,0,3.0,Moderately Old,X59260682,1337.4,0,0,0,0,0,0,16
house,emaar mgf marbella,sector 66,12.0,38095.0,5,6,3+,3.0,Relatively New,R69735166,3150.0,0,0,1,1,0,2,153
house,independent,sector 56,2.99,20635.0,4,4,2,2.0,Moderately Old,N68716724,1449.0,1,1,0,1,0,2,49
house,sare crescent parc royal greens phase 1,sector 92,0.85,4877.0,4,4,3,4.0,Relatively New,I67903906,1743.0,0,0,0,0,0,0,0
flat,bestech park view residency,sector 2,1.5,7825.0,3,4,3+,10.0,Moderately Old,C68936042,1738.0,0,0,0,1,0,0,93
house,independent,sector 14,6.46,18889.0,5,5,2,3.0,Moderately Old,W69298002,3420.0,1,1,0,1,0,2,27
flat,la vida by tata housing,sector 113,1.93,12222.0,3,3,2,8.0,Under Construction,M68912518,1429.0,0,0,0,0,0,0,71
flat,supertech hues,sector 68,0.9,7627.0,2,2,2,1.0,New Property,L68419576,1311.0,0,0,0,0,0,0,44
flat,indiabulls enigma,sector 110,4.0,9851.0,4,4,3,17.0,New Property,P68022282,3350.0,0,0,0,0,0,0,59
flat,godrej,sector 79,1.3,8269.0,2,2,3,3.0,New Property,F69444128,1423.0,1,0,0,0,0,0,49
flat,avl 36 gurgaon,sector 36a,0.45,9000.0,1,1,1,9.0,Relatively New,M70184602,452.0,0,0,0,0,0,0,0
flat,experion windchants,sector 112,4.25,11294.0,3,5,2,15.0,Relatively New,K69595770,3000.0,0,1,0,1,0,0,72
flat,shree vardhman flora,sector 90,0.66,5076.0,2,2,3,4.0,Relatively New,L68039528,1122.0,1,0,0,0,0,0,119
flat,parsvnath green ville,sector 48,1.5,8787.0,3,3,3,1.0,Old Property,H69850926,1600.0,0,0,0,0,0,2,128
house,international city by sobha phase 1,sector 109,5.5,21605.0,4,4,3+,2.0,New Property,D68134820,2430.0,0,0,0,1,0,0,61
house,independent,sector 50,10.45,38704.0,4,5,2,3.0,Moderately Old,P69636830,4000.0,1,1,0,1,0,2,142
flat,dlf the ultima,sector 81,2.2,11190.0,3,4,3+,7.0,Relatively New,D55026596,1900.0,0,0,0,1,0,1,104
house,independent,sector 48,5.5,23504.0,4,4,2,2.0,Relatively New,E69532914,2340.0,0,0,0,1,0,2,22
flat,shree vardhman flora,sector 90,0.96,5120.0,3,4,3,3.0,New Property,B69527984,1697.0,0,0,0,1,0,0,106
house,independent,sector 105,0.5,5556.0,2,2,0,1.0,Moderately Old,E69442302,100.0,0,0,0,0,0,0,0
flat,dlf the primus,sector 82a,2.6,11438.0,4,4,3+,2.0,Relatively New,U69271332,2273.0,0,0,0,0,1,0,38
flat,umang winter hills,sector 77,0.86,6408.0,2,2,2,16.0,New Property,J54539884,1214.0,0,0,0,0,0,2,79
house,vipul tatvam villa,sector 48,8.5,21250.0,4,5,3+,2.0,Moderately Old,M69102772,4000.0,1,1,0,1,1,2,49
flat,m3m capital,sector 113,2.0,12012.0,3,3,2,24.0,Under Construction,O66540184,1507.0,0,0,0,0,0,0,47
house,uppal southend,sector 49,3.75,25562.0,2,6,3,3.0,Moderately Old,M69431990,1467.0,0,0,0,0,1,0,49
house,unitech espace,sector 50,7.35,41761.0,4,4,3+,3.0,Moderately Old,G68255006,1760.0,0,1,0,1,0,2,52
flat,pivotal riddhi siddhi,sector 99,0.72,947.0,2,2,2,12.0,Relatively New,U69789900,784.0,0,0,1,0,0,0,31
flat,sbtl caladium,sector 109,1.88,6153.0,4,5,3,10.0,Relatively New,Y69513018,2765.0,0,0,0,0,0,0,110
flat,ompee k s residency,new sector 2,1.6,2993.0,2,2,2,1.0,Relatively New,Q68796936,73.0,0,0,0,0,0,0,0
flat,antriksh heights,sector 84,0.85,5556.0,2,2,3,10.0,New Property,B36786459,1222.0,1,0,0,0,1,0,24
flat,signature global city 81,sector 81,0.8,14652.0,2,2,2,4.0,Under Construction,F63180576,607.0,1,0,0,0,0,0,36
flat,dlf the icon,sector 43,6.0,26087.0,4,4,3+,18.0,Old Property,A70009682,2556.0,0,0,0,1,0,2,150
flat,sidhartha ncr one phase,sector 95,0.46,4646.0,2,2,0,6.0,New Property,L68021942,990.0,0,0,0,0,0,0,0
flat,ireo the corridors,sector 67a,1.62,9380.0,3,3,2,4.0,New Property,I69734054,1346.0,0,0,1,0,0,2,142
flat,ireo skyon,sector 60,3.7,13214.0,4,5,3,10.0,Relatively New,X69205630,2534.0,0,0,0,1,0,2,165
flat,m3m skywalk,sector 74,2.45,12140.0,3,3,3+,25.0,Relatively New,D69704156,1800.0,1,0,0,0,0,0,137
flat,sare crescent parc,sector 92,0.92,4854.0,4,5,3+,14.0,Moderately Old,R20109583,1895.0,0,0,0,0,0,2,131
flat,bestech park view grand spa,sector 81,4.2,10000.0,4,4,3+,25.0,Relatively New,T69214818,3512.0,0,0,0,1,0,2,90
flat,tulip violet,sector 69,1.76,8756.0,4,4,2,6.0,Relatively New,N69300390,1819.0,0,0,0,0,0,0,108
flat,emaar mgf emerald floors premier,sector 65,2.35,16206.0,3,3,3,2.0,Relatively New,S69483296,1500.0,1,0,0,1,0,2,64
house,independent,sector 43,7.85,29074.0,9,9,3+,3.0,Relatively New,P70154168,2700.0,1,1,0,1,1,1,49
flat,ireo skyon,sector 60,2.5,16129.0,2,3,2,4.0,Relatively New,U69996590,1403.0,1,0,0,0,0,0,100
flat,ss the leaf,sector 85,1.85,6578.0,4,5,3+,1.0,Relatively New,J69450078,2545.0,0,0,0,0,0,0,95
flat,cghs hewo apartments,sector 31,1.25,11574.0,2,2,2,2.0,Old Property,N69498548,1200.0,0,0,0,0,0,0,28
flat,tulip petals,sector 89,1.1,7097.0,3,2,3,4.0,New Property,O69722550,1550.0,0,0,0,0,0,0,0
flat,sare crescent parc,sector 92,0.7,5556.0,3,3,2,14.0,Under Construction,I31015519,140.0,0,0,0,0,0,0,38
house,suncity avenue 76,sector 76,0.75,10067.0,2,2,2,11.0,New Property,M67402042,745.0,0,0,0,0,0,0,40
house,bptp visionnaire,sector 70a,4.0,6666.0,4,4,3+,2.0,Relatively New,P69956744,6000.0,0,0,0,1,0,0,154
flat,signature global city 81,sector 81,0.96,9767.0,2,2,2,1.0,Under Construction,F68828122,1194.0,0,0,0,0,0,0,49
flat,m3m heights,sector 65,2.0,13957.0,2,2,2,32.0,Relatively New,M68639830,1433.0,0,0,0,0,0,0,48
flat,aipl the peaceful homes,sector 70a,2.6,12009.0,3,2,2,12.0,Moderately Old,X69622348,2406.0,0,0,0,1,0,0,52
flat,emaar digihomes,sector 62,2.1,14254.0,2,2,2,30.0,New Property,H69537854,1365.0,0,0,0,1,0,0,52
house,independent,sector 2,1.15,19360.0,3,3,2,2.0,Old Property,N68666630,594.0,0,0,0,0,0,2,32
flat,la vida by tata housing,sector 113,2.78,11346.0,3,3,3,3.0,New Property,Q68451212,2599.0,1,0,0,1,0,0,174
flat,ireo the corridors,sector 67a,1.85,9531.0,3,4,3,4.0,New Property,M69399940,1941.0,1,0,1,0,0,2,150
flat,sobha city,sector 108,2.6,15195.0,3,3,2,8.0,Relatively New,Z69513374,1711.0,0,0,0,0,0,0,99
flat,m3m woodshire,sector 107,1.39,5887.0,3,4,3+,6.0,Relatively New,H69407182,2057.0,0,1,0,1,0,2,174
flat,paras dews,sector 106,0.88,6353.0,2,2,3+,3.0,Relatively New,U69428786,1120.0,0,0,0,0,0,0,49
flat,laxmi pareena,sector 99a,0.3,6666.0,2,1,0,12.0,New Property,O66187314,500.0,0,0,0,0,0,0,0
flat,m3m skywalk,sector 74,2.2,10901.0,3,3,3,12.0,New Property,U69682694,1826.0,1,0,0,0,0,2,15
flat,dlf wellington estate,sector 43,2.09,14615.0,3,3,2,11.0,Old Property,Q69736528,1294.0,0,0,0,0,0,2,79
flat,vatika city homes,sector 83,0.75,5660.0,2,2,2,3.0,Relatively New,X68049088,1199.0,0,0,0,0,0,2,49
flat,signature global park,sohna road,0.87,7190.0,3,2,3,4.0,Relatively New,D69905242,1210.0,0,0,0,0,0,0,58
flat,umang monsoon breeze,sector 78,0.9,4615.0,3,3,2,1.0,Moderately Old,C68532182,1900.0,0,1,0,1,0,0,65
flat,ireo victory valley,sector 67,2.99,11832.0,3,3,3,4.0,Relatively New,D70082220,2200.0,0,0,0,1,0,2,37
flat,emaar mgf emerald floors premier,sector 65,2.5,15151.0,3,3,3,3.0,Relatively New,R69102324,1493.0,1,0,0,1,0,0,15
house,independent,sector 41,7.25,29293.0,9,8,3,4.0,Old Property,W69360006,2475.0,0,0,0,1,0,2,94
flat,signature global park,sohna road,0.56,6812.0,2,2,3,3.0,New Property,S69838748,913.0,0,0,0,0,0,0,81
flat,vatika independent floors,sector 82,0.67,5826.0,2,2,3,2.0,Moderately Old,T59738910,1150.0,0,0,0,0,0,0,53
flat,sare crescent parc,sector 92,0.66,4977.0,3,2,2,15.0,Relatively New,C63784748,1473.0,0,0,0,0,0,1,44
house,independent,sector 3,0.9,8929.0,3,3,0,2.0,Moderately Old,D69987482,112.0,0,0,0,0,0,0,0
flat,vatika the seven lamps,sector 82,0.85,5979.0,2,2,2,9.0,Relatively New,G69160024,1294.0,1,0,0,0,0,0,117
flat,paras dews,sector 106,1.05,7581.0,2,2,2,5.0,New Property,V68755796,1539.0,0,0,0,0,0,0,97
flat,microtek greenburg,sector 86,1.25,8445.0,3,4,3,0.0,Relatively New,D69131478,1339.0,1,0,0,0,0,0,49
flat,godrej nature plus,sector 33,1.62,13974.0,3,4,3+,3.0,New Property,F66379342,129.42,0,0,0,1,0,0,100
flat,vatika the seven lamps,sector 82,0.81,6192.0,2,2,2,15.0,Relatively New,Q69685558,1176.0,0,0,0,0,0,2,117
flat,sbtl caladium,sector 109,1.3,6914.0,3,2,3,16.0,Moderately Old,H69848302,1701.0,0,0,0,0,0,0,134
flat,orris aster court premier,sector 85,1.2,5660.0,3,4,2,6.0,Relatively New,W69123064,1650.0,0,0,0,1,0,0,28
flat,sare homes,sector 92,0.82,5384.0,3,3,3+,12.0,Relatively New,F62479362,1221.18,0,0,0,0,0,0,114
flat,bestech park view residency,sector 2,1.4,7865.0,3,3,3+,6.0,Old Property,W69369638,1611.0,0,0,0,0,0,1,107
flat,raheja the vedaanta floors,sector 108,0.7,4521.0,2,2,3,1.0,Moderately Old,O69677112,1720.0,0,0,0,0,0,2,0
flat,emaar palm heights,sector 77,1.79,8839.0,3,3,3,1.0,New Property,K70140264,1600.0,0,0,0,1,0,2,49
flat,m3m skywalk,sector 74,1.6,9512.0,2,2,2,26.0,Relatively New,N69658358,1508.0,0,0,0,0,0,2,158
flat,ireo the corridors,sector 67a,1.8,14658.0,3,3,3,6.0,New Property,S69295820,1551.0,0,0,1,1,0,2,150
flat,m3m woodshire,sector 107,1.4,5929.0,3,4,3+,6.0,Relatively New,K69550782,2137.0,0,0,0,1,0,0,117
house,independent,sector 110,1.39,11583.0,2,2,1,3.0,Old Property,K59418562,1450.0,0,0,1,0,0,0,37
flat,viridian the plaza 106,sector 106,0.46,6571.0,1,1,1,18.0,New Property,X69940076,778.0,0,0,0,0,0,0,104
flat,breez global hill view,sohna road,0.3,5124.0,2,2,1,11.0,New Property,Z59847536,650.0,0,0,0,0,0,0,91
flat,parsvnath exotica,sector 53,4.8,14680.0,3,4,3+,12.0,New Property,I30409139,2895.0,0,0,0,0,0,0,69
flat,bestech park view spa next,sector 67,2.32,11989.0,3,4,3+,14.0,Moderately Old,S69071370,1764.0,0,0,0,1,0,2,59
flat,avl 36 gurgaon,sector 36a,0.75,7500.0,2,2,2,5.0,Relatively New,C69135414,856.0,0,0,0,0,0,0,26
flat,conscient heritage max,sector 102,1.75,9011.0,3,4,3+,13.0,Relatively New,A69124480,1757.0,0,0,0,1,0,2,94
flat,ansal heights 86,sector 86,0.9,5325.0,3,3,2,10.0,New Property,L68958088,1690.0,0,0,0,0,0,0,29
flat,m3m heights,sector 65,2.29,15980.0,2,2,3,8.0,Under Construction,Z68221306,1592.0,1,0,0,0,0,0,15
flat,elan the presidential,sector 106,6.3,15384.0,5,6,3+,10.0,Under Construction,T69126686,3797.0,0,0,0,0,0,2,62
flat,umang winter hills,sector 77,1.35,7780.0,3,3,3+,7.0,New Property,J65698986,1451.0,0,0,1,0,0,2,96
flat,aipl zen residences,sector 70a,1.65,13074.0,2,2,3,23.0,New Property,Q68396986,1142.0,0,0,0,0,0,0,81
flat,umang monsoon breeze,sector 78,0.8,4836.0,3,2,2,7.0,Moderately Old,U69662826,1472.0,0,1,0,0,0,0,102
flat,godrej oasis,sector 88a,1.4,7567.0,3,3,3+,4.0,Relatively New,W63761930,1674.0,0,0,0,0,0,2,38
flat,emaar mgf the enclave,sector 66,2.1,12352.0,3,4,2,12.0,Relatively New,I69849886,1800.0,0,0,0,1,0,2,156
flat,tulip violet,sector 69,1.6,10139.0,3,3,2,0.0,Relatively New,J69722208,1428.0,0,1,0,0,0,0,166
flat,indiabulls enigma,sector 110,3.3,9850.0,4,5,3,7.0,Relatively New,F69578270,3032.0,0,0,0,1,0,0,101
flat,pareena coban residences,sector 99a,1.45,7260.0,3,5,3,11.0,Relatively New,O69288538,1807.0,0,0,0,1,1,2,49
flat,aardhya homesh,sector 67a,1.85,8043.0,4,4,0,4.0,New Property,A65698542,2556.0,0,0,0,0,0,0,0
house,nitin vihar,sector 33,0.85,9444.0,3,2,0,1.0,Relatively New,J65398898,900.0,0,0,0,0,0,0,15
house,independent,sector 31,3.25,22429.0,4,4,3+,3.0,Moderately Old,I69805104,1449.0,1,1,1,1,0,2,29
house,independent,sector 24,1.45,2984.0,3,3,1,2.0,Old Property,N52835680,540.0,0,0,0,0,0,0,9
flat,signature global city 92,sector 92,0.99,9074.0,3,2,3,1.0,Under Construction,O69837444,1091.0,0,0,0,0,0,0,24
house,dlf city plots phase 2,sector 25,6.3,35000.0,4,4,3+,2.0,Old Property,W69483562,1800.0,0,0,1,1,0,0,89
house,independent,sector 8,0.62,11273.0,3,1,0,2.0,Moderately Old,T69442260,550.0,0,0,0,0,0,0,0
flat,tulip violet,sector 69,1.68,8358.0,4,4,2,7.0,Relatively New,A68277302,1819.0,0,0,0,0,0,0,127
house,independent,sector 2,5.6,17284.0,8,6,3+,2.0,Moderately Old,Z64726172,3240.0,1,1,1,1,0,0,0
house,independent,sector 2,4.99,18889.0,4,4,3+,3.0,Moderately Old,W56236972,2642.0,0,1,1,1,0,0,43
flat,ansal sushant residency,sector 57,1.5,6775.0,3,2,3+,1.0,Moderately Old,J57101242,273.0,0,0,0,0,0,0,87
flat,kendriya vihar,sector 56,0.58,9586.0,1,1,1,1.0,Old Property,H68824868,672.0,0,0,0,0,0,0,77
flat,sanskriti apartments,sector 43,2.5,13513.0,3,2,3,5.0,Old Property,O62778832,1674.0,1,0,0,0,0,0,0
flat,signature global city 92,sector 92,0.78,7722.0,2,2,3,2.0,Under Construction,C69153300,846.0,0,0,0,0,1,0,24
house,independent,sector 12,0.9,13333.0,2,4,0,2.0,Old Property,J69911244,675.0,0,0,0,0,0,0,0
flat,orris aster court premier,sector 85,1.38,6509.0,3,4,2,6.0,Relatively New,Y69612194,1616.0,0,0,0,1,0,0,76
flat,m3m skywalk,sector 74,1.54,10814.0,2,2,3+,15.0,Relatively New,M69704330,1200.0,0,0,0,0,1,0,137
house,emaar mgf marbella,sector 66,11.0,33951.0,5,6,3+,2.0,New Property,X69790500,3240.0,1,1,1,1,0,2,153
flat,mvn athens,sohna road,0.25,4258.0,2,2,1,0.0,Relatively New,F57713032,587.0,0,0,0,0,0,0,38
house,dlf city plots phase 2,sector 25,4.5,33333.0,5,3,2,3.0,Old Property,Z70105996,1350.0,0,1,1,0,0,0,25
house,saksham welfare association,sector 22,4.7,19847.0,6,6,3+,2.0,Old Property,D70220764,2368.0,0,1,1,0,0,2,106
flat,m3m soulitude,sector 89,1.25,8784.0,3,3,2,3.0,New Property,P69726906,1581.0,1,0,0,0,0,0,49
house,international city by sobha phase 1,sector 109,6.3,9000.0,4,5,3+,2.0,Relatively New,R70071386,7000.0,0,0,0,0,0,2,122
flat,mahindra aura,sector 110,2.25,9266.0,4,4,3+,2.0,Relatively New,I69292978,2350.0,0,0,0,1,0,0,152
flat,shree vardhman victoria,sector 70,1.75,8205.0,3,5,3,7.0,New Property,O66445254,1527.0,0,1,0,1,0,0,37
flat,dlf beverly park,sector 25,8.0,15384.0,5,5,3+,2.0,Old Property,G66937926,5778.0,1,1,0,1,1,1,26
flat,ireo the grand arch,sector 58,4.0,18484.0,3,4,3,5.0,Old Property,C69281542,2164.0,0,0,0,1,0,2,49
flat,m3m merlin,sector 67,3.4,14418.0,3,4,3,16.0,Relatively New,F69941624,2016.0,0,0,0,1,0,2,174
house,independent,sector 12,1.0,8230.0,3,7,3+,3.0,Moderately Old,A70139096,3750.0,0,1,1,0,0,0,7
flat,dlf new town heights,sector 90,1.65,6979.0,4,4,3+,15.0,Moderately Old,S69409454,2139.0,0,0,0,1,0,2,137
flat,vatika gurgaon,sector 83,0.83,6666.0,2,2,2,12.0,Relatively New,H69993234,1154.0,0,1,0,0,0,0,165
flat,ansal estella,sector 103,1.5,8670.0,3,3,3+,6.0,Under Construction,B55783602,1741.0,0,0,0,0,0,0,58
house,independent,sector 24,2.75,7666.0,7,7,3+,3.0,Moderately Old,R41668751,3000.0,0,0,0,0,1,2,0
flat,paras dews,sector 106,1.15,6052.0,3,4,3,5.0,Relatively New,W69429012,1305.0,1,0,0,1,0,0,49
flat,tulip ivory,sector 70,2.0,8333.0,4,5,3+,2.0,Relatively New,C69096992,2172.0,0,0,0,1,0,2,49
flat,nul,gwal pahari,0.56,6054.0,2,2,1,11.0,Old Property,D64271316,1028.0,0,0,0,0,0,2,0
house,tulip yellow,sector 69,2.95,16389.0,4,3,2,3.0,New Property,D68552526,1800.0,0,1,0,0,1,1,111
flat,surendra avenue 69,sector 69,0.75,6818.0,2,2,2,4.0,Moderately Old,W69007956,1100.0,0,0,0,0,0,0,0
flat,m3m merlin,sector 67,3.4,14418.0,3,4,3,15.0,Relatively New,Q69178748,2123.0,0,0,0,1,0,2,110
house,ss aaron ville,sector 49,6.5,18808.0,5,5,2,2.0,Relatively New,E69101626,3456.0,1,1,0,1,0,2,28
flat,vipul world floors,sector 48,4.3,13870.0,4,5,3+,4.0,New Property,L69086224,3444.0,1,1,0,1,0,0,88
house,independent,sector 81,0.89,8127.0,1,1,0,1.0,Relatively New,Z66401012,1095.0,0,0,0,0,0,0,0
flat,ss,sector 85,1.19,7121.0,2,2,3,11.0,Relatively New,I70084618,1670.0,0,0,0,0,0,0,49
flat,pareena laxmi apartments,sector 99a,0.3,5424.0,2,1,2,5.0,New Property,N59583676,511.0,0,0,0,0,0,0,66
flat,espire south,sector 68,1.32,9050.0,2,2,2,9.0,New Property,P10875875,1460.0,0,0,0,0,0,0,0
flat,ss,sector 85,2.17,7716.0,4,4,3,7.0,Relatively New,F70087600,2600.0,1,1,0,1,0,0,49
flat,ansal height 86,sector 86,0.8,5882.0,2,2,0,1.0,Relatively New,D65720886,1360.0,0,0,0,0,0,0,0
house,independent,sector 4,0.92,15257.0,1,4,3,4.0,Moderately Old,N68485626,603.0,0,0,0,0,1,0,0
house,independent,sector 56,2.95,20233.0,2,2,0,1.0,Moderately Old,N68021704,1458.0,0,0,0,0,0,0,0
flat,rof ananda,sector 95,0.38,5899.0,2,2,2,5.0,Relatively New,V69673278,716.0,1,0,0,0,0,0,83
house,independent,sector 28,10.5,32407.0,5,6,3+,3.0,New Property,B70269720,3240.0,1,1,0,1,0,2,153
house,independent,sector 39,7.0,10000.0,10,11,3+,4.0,Relatively New,A65044918,7000.0,0,1,0,0,0,2,38
flat,bptp terra,sector 37d,1.4,7730.0,3,3,3,5.0,Relatively New,B70095032,1711.0,0,0,0,0,0,2,149
flat,breez global heights 88a,sector 88a,0.5,8375.0,3,2,2,2.0,Under Construction,M69324534,663.0,0,0,0,0,0,0,15
house,independent,sector 11,1.2,4444.0,7,3,0,3.0,Moderately Old,B68022236,300.0,0,0,0,0,0,0,0
flat,emaar mgf emerald floors premier,sector 65,2.35,14242.0,3,3,3,2.0,Relatively New,B69425706,1650.0,1,0,0,1,0,0,158
flat,sidhartha ncr greens,sector 95,0.6,5576.0,2,2,2,14.0,Relatively New,F58024702,974.0,1,0,0,0,0,0,31
flat,mapsko royale ville,sector 82,1.15,6424.0,3,4,2,15.0,Relatively New,F69689494,1620.0,0,1,0,1,0,2,104
house,independent,sector 38,3.5,20323.0,3,2,2,1.0,Moderately Old,L69594452,1722.0,0,0,0,0,0,0,0
flat,emaar mgf the palm drive,sector 66,3.98,18090.0,3,4,3+,2.0,Moderately Old,F69632998,2200.0,0,0,0,1,0,2,123
flat,shree vardhman victoria,sector 70,1.1,8461.0,2,2,2,8.0,Relatively New,B69475926,1444.0,0,0,0,0,0,0,101
flat,adani brahma samsara vilasa,sector 63,3.35,16470.0,3,3,3+,3.0,New Property,G70076628,2034.0,0,0,0,0,0,2,16
house,independent,sector 31,3.5,24155.0,4,4,3,2.0,Old Property,I69623900,1449.0,0,0,1,0,0,2,70
flat,imperia the esfera,sector 37c,1.4,5384.0,4,5,3,9.0,Relatively New,X70042654,2343.0,1,1,0,1,1,0,49
flat,breez global hill view,sohna road,0.32,5776.0,2,2,2,19.0,Relatively New,S69278092,616.0,0,0,0,0,0,2,21
flat,puri emerald bay,sector 104,2.45,10000.0,3,4,3+,14.0,Relatively New,C57408058,2131.0,0,0,0,1,0,2,56
flat,dlf the ultima,sector 81,2.4,11257.0,3,3,2,10.0,Relatively New,Q69406436,1800.0,0,0,0,1,0,1,174
flat,ss the leaf,sector 85,1.18,10094.0,2,3,3,12.0,Relatively New,F69362472,1420.0,0,1,0,0,0,2,150
house,not applicable,sector 4,0.65,13000.0,2,1,1,3.0,Moderately Old,W62605348,500.0,0,0,0,0,0,0,7
flat,corona gracieux,sector 76,0.75,5660.0,2,2,3,13.0,Relatively New,H66748594,1199.0,0,0,0,0,0,2,0
flat,ramprastha the edge towers,sector 37d,0.71,5420.0,2,2,3,10.0,New Property,W38206361,1100.0,0,0,0,0,1,0,38
flat,godrej air,sector 85,1.83,10005.0,3,3,3+,18.0,Under Construction,I68755244,2032.0,0,0,0,0,0,0,110
flat,tarc maceo,sector 91,0.87,6641.0,2,2,2,9.0,Relatively New,Y68626474,1148.0,0,0,1,0,0,0,78
house,dlf city plots phase 2,sector 25,6.5,33592.0,3,9,3+,3.0,Old Property,J68736140,1935.0,1,1,1,1,0,2,142
house,independent,sector 25,6.6,36667.0,6,7,3+,2.0,Moderately Old,S69218322,1800.0,1,0,0,1,0,2,119
flat,supertech araville,sector 79,0.9,5883.0,2,2,3,5.0,Relatively New,P51632760,1450.0,1,0,0,0,0,0,53
house,emaar mgf marbella,sector 66,9.0,21251.0,4,4,3+,2.0,Relatively New,F69979706,5200.0,0,1,1,1,0,2,114
house,international city by sobha phase 2,sector 109,9.5,26389.0,5,5,3+,2.0,Relatively New,D70111744,3600.0,1,1,1,1,0,0,133
flat,sbtl caladium,sector 109,1.35,7180.0,3,2,3+,12.0,Relatively New,L70071834,1477.0,0,0,0,0,0,0,128
flat,bestech park view spa next,sector 67,2.7,11489.0,4,4,3+,9.0,Moderately Old,D69101368,2127.0,0,1,0,1,0,2,149
flat,godrej oasis,sector 88a,2.65,16747.0,3,3,3+,10.0,New Property,N33894215,1582.0,0,0,0,0,0,0,110
flat,raheja navodaya,sector 92,1.1,4681.0,3,2,3,0.0,Relatively New,V69903428,2350.0,0,0,0,0,0,0,0
flat,paras dews,sector 106,1.35,7297.0,4,4,3+,18.0,Relatively New,P69626214,2100.0,0,1,0,1,0,2,174
flat,godrej nature plus,sector 33,1.25,9025.0,2,2,3+,15.0,Under Construction,H66348120,1539.0,0,0,0,0,0,0,44
flat,orris aster court premier,sector 85,1.73,6757.0,4,5,3+,8.0,Relatively New,X69344002,2017.0,0,0,0,1,0,0,16
flat,orchid petals,sector 49,2.23,10969.0,3,3,3,14.0,Relatively New,T70022696,1840.0,0,0,0,0,1,0,40
flat,m3m soulitude,sector 89,1.32,16923.0,3,3,3,1.0,Under Construction,M68320998,867.0,0,0,0,0,0,0,45
flat,m3m skycity,sector 65,2.1,16030.0,2,2,2,43.0,New Property,O68590264,1186.0,0,0,0,0,0,0,127
flat,sobha city,sector 108,2.95,14727.0,3,4,2,12.0,Relatively New,L69219164,2003.0,0,0,0,0,0,0,49
flat,assotech blith,sector 99,1.9,6702.0,4,4,3+,2.0,New Property,B68924958,2835.0,0,0,0,0,0,0,51
house,independent,sector 7,0.9,10000.0,2,4,3,3.0,Old Property,S70077862,900.0,0,0,0,1,1,2,44
flat,m3m antalya hills,sector 79,1.15,7496.0,3,3,3+,1.0,Under Construction,R68390214,1200.0,1,0,0,0,0,0,51
house,international city by sobha phase 1,sector 109,6.75,10838.0,4,4,3+,2.0,New Property,T70221950,6228.0,0,1,0,1,0,0,130
flat,smart world orchard,sector 61,2.1,13750.0,3,2,3,3.0,Under Construction,Z68190980,1534.0,0,0,0,0,0,0,146
house,international city by sobha phase 1,sector 109,5.7,10556.0,4,4,3+,4.0,Relatively New,W69282118,5400.0,1,0,0,1,0,0,98
flat,umang winter hills,sector 77,1.1,5296.0,3,4,3+,9.0,Relatively New,B69655158,1829.0,0,0,0,1,0,0,49
flat,supertech hilltown,sector 2,0.8,5556.0,3,2,3,8.0,Moderately Old,P68483460,1440.0,0,0,0,0,0,0,0
flat,shri banke bihari society,sector 56,1.35,6750.0,3,3,3,5.0,Old Property,N70091858,1800.0,0,0,0,0,1,2,82
flat,krisumi waterfall residences,sector 36a,2.2,14874.0,2,2,2,23.0,New Property,S69611606,1338.0,0,0,0,0,0,0,15
flat,ats triumph,sector 104,4.45,6846.0,4,5,3+,27.0,Relatively New,W69548040,7222.0,0,0,0,0,0,0,110
flat,smart world orchard,sector 61,1.5,12500.0,2,2,2,2.0,Under Construction,D67228138,1333.0,1,0,0,0,0,0,49
house,independent,sector 28,9.0,27778.0,6,7,3+,3.0,Moderately Old,E69552472,3240.0,1,1,1,1,0,0,67
flat,ansal housing highland park,sector 103,2.0,7490.0,4,5,3+,14.0,New Property,S64281756,2416.0,0,0,0,1,0,0,45
flat,zara aavaas,sector 104,0.26,7807.0,1,1,2,0.0,Relatively New,O64023902,301.0,0,0,0,0,0,0,91
flat,bajrang apartments,sector 6,0.38,4470.0,2,2,2,1.0,Moderately Old,A57263334,944.0,0,0,0,0,0,0,0
flat,millenia,sector 37c,0.4,6666.0,2,2,2,4.0,New Property,V56135054,667.0,0,0,0,0,0,0,29
flat,bptp amstoria,sector 102,1.9,8444.0,3,3,3+,1.0,Relatively New,M69712964,2500.0,0,0,0,1,0,0,174
flat,green court,sector 90,0.47,6811.0,2,2,1,0.0,New Property,Z68954336,767.0,0,0,0,0,0,0,49
flat,dlf 76,new,4.0,11428.0,4,4,2,4.0,Under Construction,Z69991064,3889.0,1,0,0,1,0,2,101
flat,birla navya,sector 63a,3.3,15348.0,3,3,3,4.0,Under Construction,S67017156,2150.0,0,0,0,1,0,0,52
flat,sunischit apartments,sector 54,1.75,7954.0,3,3,3+,6.0,Moderately Old,K69101478,2100.0,0,0,0,1,0,2,126
flat,dlf new town heights,sector 90,1.54,6514.0,4,4,3+,12.0,Moderately Old,Z69624264,2200.0,0,1,0,1,0,2,111
house,unitech deerwood chase,sector 50,15.0,33333.0,4,4,2,2.0,Moderately Old,M69448868,4500.0,0,0,0,1,0,0,160
flat,prasha apartments,manesar,0.75,3309.0,3,3,3+,3.0,Moderately Old,N68201050,1914.0,0,0,0,1,0,0,31
flat,pivotal devaan,sector 84,0.35,7246.0,2,2,2,4.0,Relatively New,M69329972,537.0,0,0,0,0,0,0,37
flat,kibithu villas,sector 48,3.45,12777.0,4,4,3+,2.0,Moderately Old,N69737906,3000.0,0,0,0,0,0,0,0
flat,new sathi apartments,sector 54,1.59,7066.0,3,3,3+,3.0,Moderately Old,Q70116484,2250.0,1,0,0,0,0,2,127
flat,ild greens,sector 37c,0.75,5245.0,2,2,3+,13.0,Relatively New,A68021584,1430.0,0,0,0,0,0,0,51
flat,ambience creacions,sector 22,6.16,20533.0,4,5,3+,10.0,New Property,I68793680,3333.0,0,1,0,1,0,2,49
house,independent,sector 7,2.0,11111.0,2,2,1,2.0,Relatively New,X69503654,1800.0,0,0,0,0,0,0,0
flat,shree vardhman victoria,sector 70,1.63,8358.0,3,3,3,5.0,New Property,W69217906,1527.0,0,0,0,1,1,0,49
flat,shree vardhman victoria,sector 70,1.63,8358.0,3,5,3,12.0,Relatively New,F69936886,1527.0,0,0,0,1,0,0,43
flat,antriksh heights,sector 84,0.9,4931.0,3,3,3,11.0,Relatively New,L67426630,1652.0,0,0,0,0,0,0,87
flat,spaze privy at,sector 84,1.35,9642.0,3,3,3,7.0,Relatively New,C68524508,1750.0,0,1,0,0,0,0,90
house,independent,sector 105,1.35,3857.0,5,3,3,3.0,Moderately Old,Y69750790,3500.0,0,0,0,0,0,0,0
flat,ansal heights 86,sector 86,0.78,5735.0,2,2,1,8.0,New Property,O53677516,1231.0,0,0,0,0,0,0,67
flat,eldeco accolade,sector 33,1.2,8043.0,2,2,2,0.0,New Property,N68022478,1492.0,1,0,0,0,0,0,55
house,nirvana cedar crest,sector 50,3.99,8866.0,4,5,3+,4.0,New Property,T69882738,4500.0,0,1,0,1,0,2,112
flat,vatika sovereign park,sector 99,3.25,9672.0,4,4,3+,2.0,New Property,J69033378,3041.0,0,0,0,1,0,0,123
house,tata primanti,sector 72,8.6,12285.0,4,5,3+,3.0,Relatively New,K69320648,7000.0,0,0,0,0,0,2,30
flat,indiabulls enigma,sector 110,3.25,9558.0,4,4,3,11.0,Relatively New,Q44349385,3077.0,0,0,0,1,1,0,125
flat,shree vardhman flora,sector 90,1.3,5252.0,4,5,2,9.0,Relatively New,T68041170,2134.0,1,0,0,1,0,0,110
house,shri shyam residency,sector 104,0.62,12400.0,3,3,1,2.0,Moderately Old,J49925954,900.0,0,0,0,0,1,1,8
flat,bestech park view ananda,sector 81,1.1,6686.0,3,2,3+,5.0,Relatively New,A70024488,1319.0,0,0,0,0,0,0,150
flat,ambience creacions,sector 22,3.5,19444.0,3,4,3+,8.0,New Property,Z67904126,2000.0,0,0,0,1,0,2,57
house,independent,sector 14,5.0,22222.0,3,3,3,1.0,Moderately Old,X69899472,2250.0,0,0,0,0,0,0,25
flat,beverley park 1,sector 43,8.44,16230.0,4,5,3,9.0,Moderately Old,B69728032,5000.0,0,0,0,1,0,1,117
flat,signature the roselia,sector 95,0.41,6194.0,2,2,2,12.0,New Property,W68753936,670.0,1,0,0,0,0,2,90
flat,malibu towne,sector 47,2.4,10000.0,3,3,0,0.0,Moderately Old,P58015548,2667.0,0,0,0,0,0,2,22
flat,satya the hermitage,sector 103,0.99,6655.0,3,4,3+,2.0,Relatively New,Q68360998,1731.0,0,1,0,1,0,0,174
flat,ild grand,sector 37c,1.35,7142.0,3,3,0,1.0,New Property,J69691190,1820.0,0,0,0,0,0,0,60
flat,mvn athens,sohna road,0.26,5397.0,2,2,1,5.0,Relatively New,Y68968446,535.0,0,0,0,0,0,0,95
flat,smart world orchard,sector 61,1.58,13739.0,2,2,2,3.0,New Property,H69343242,1278.0,1,0,0,0,0,0,15
house,independent,sector 27,8.0,26298.0,9,9,3,4.0,Relatively New,R69688626,3042.0,1,1,1,1,0,1,110
house,independent,sector 7,3.85,14650.0,4,4,3,3.0,Old Property,K66386668,2628.0,0,0,0,0,0,0,27
flat,alpha corp gurgaonone,sector 84,1.52,7904.0,3,4,3,15.0,Relatively New,C69570590,1703.0,0,0,0,1,0,0,92
house,independent,sector 26,4.0,29630.0,4,4,3,2.0,Old Property,V66556640,1350.0,0,0,1,0,0,0,41
flat,vatika gurgaon,sector 83,0.95,6574.0,2,2,3,5.0,Relatively New,H68325858,1300.0,0,0,0,0,0,2,96
flat,experion the heartsong,sector 108,1.36,6542.0,3,2,3+,2.0,Relatively New,J60561956,1343.0,1,0,0,1,0,2,77
flat,takshila heights sector 37 c,new,0.67,5583.0,2,2,2,3.0,Relatively New,X64788100,1086.0,0,0,0,0,0,0,23
flat,raheja vedaanta,sector 108,0.85,4637.0,3,3,2,2.0,Relatively New,F69668674,1500.0,0,0,0,1,0,0,65
flat,sagar apartment,sector 56,1.45,7250.0,3,3,3+,7.0,Old Property,K69831288,1900.0,1,1,0,1,1,0,166
flat,central park flower valley aqua front towers,sector 33,2.1,11738.0,3,3,2,6.0,Under Construction,D68629316,1619.0,0,0,0,0,0,0,24
flat,puri emerald bay,sector 104,1.58,9117.0,2,3,3,11.0,Relatively New,X69577774,1538.0,0,0,0,1,0,0,101
house,vatika the seven lamps,sector 82,1.6,6597.0,4,4,3+,16.0,Moderately Old,Z69276224,2425.0,0,0,0,1,0,0,94
flat,dlf regal gardens,sector 90,1.24,7065.0,3,3,3+,9.0,Relatively New,Y42062055,1600.0,0,0,0,0,1,0,72
house,not applicable,sector 11,2.2,12222.0,4,3,2,1.0,Old Property,A70010838,1800.0,1,1,0,0,0,0,24
flat,pioneer park,sector 61,2.04,14623.0,3,3,3+,16.0,Moderately Old,S69946912,1595.0,0,0,0,1,0,2,165
flat,silverglades hightown residences,sector 43,4.2,19767.0,3,4,2,7.0,Under Construction,L69042452,2125.0,0,0,0,0,0,0,42
flat,sbtl caladium,sector 109,1.9,6219.0,4,4,3,8.0,Relatively New,Z68554704,2765.0,0,0,0,1,0,0,151
flat,baani city center,sector 63,0.88,10945.0,1,1,2,4.0,New Property,B68022322,804.0,0,0,0,0,0,0,0
flat,tata primanti,sector 72,5.0,11363.0,4,4,3+,2.0,New Property,V69925314,4000.0,1,0,1,1,0,2,174
house,independent,sector 40,2.1,23333.0,3,3,2,3.0,Moderately Old,R70119090,900.0,0,0,0,0,1,2,35
flat,supertech araville,sector 79,1.0,6535.0,2,2,3,4.0,Relatively New,V69868266,1700.0,1,0,0,0,0,0,24
flat,bestech park view spa next,sector 67,2.85,12127.0,4,4,3+,5.0,Moderately Old,N69768328,2127.0,0,1,0,1,0,2,149
flat,central park flower valley,sohna road road,1.65,17441.0,3,3,0,1.0,New Property,Y68388782,1051.0,0,0,0,0,0,0,66
flat,mahindra luminare,sector 59,5.8,19173.0,3,4,3,16.0,New Property,M69341604,3361.0,0,0,0,1,0,2,49
flat,ats triumph,sector 104,2.78,8825.0,4,4,3+,11.0,Relatively New,Z69574404,2851.0,0,0,0,1,0,0,110
flat,ambience creacions,sector 22,3.2,11500.0,3,4,3+,2.0,New Property,P63118582,2517.0,0,0,0,0,0,0,42
house,independent,sector 21,0.6,6173.0,3,3,2,3.0,Old Property,R57077514,972.0,0,0,0,0,0,0,0
flat,ramprastha the edge towers,sector 37d,0.8,8888.0,2,2,3,10.0,Relatively New,J62977642,1310.0,0,0,0,0,1,0,166
flat,ansals duplex flat,sector 2,0.95,7307.0,2,3,2,1.0,Old Property,G57399674,1444.0,1,0,0,0,0,2,20
flat,tarc maceo,sector 91,1.8,7758.0,3,3,3+,0.0,Relatively New,Y70059098,2578.0,0,1,0,0,0,1,45
flat,bestech spa signature,sector 81,4.45,10595.0,4,4,3+,8.0,Relatively New,C69362138,3850.0,1,1,0,1,1,2,49
flat,pareena coban residences,sector 99a,1.05,6774.0,2,2,3,2.0,Relatively New,J69105146,1390.0,1,0,0,0,0,0,49
house,independent,sector 3 phase 2,1.0,11111.0,3,4,2,2.0,Relatively New,Y68562272,900.0,0,0,0,0,0,0,0
flat,emaar mgf emerald floors premier,sector 65,2.85,14430.0,4,4,3+,0.0,Relatively New,K66759876,1975.0,1,0,0,1,0,2,151
house,row house,sector 105,0.43,9135.0,3,3,3,2.0,Relatively New,R12733325,1050.0,0,0,0,0,0,0,0
flat,gls arawali homes,sohna road,0.26,4513.0,2,2,2,5.0,New Property,V59394994,640.0,0,0,0,0,0,0,78
flat,m3m merlin,sector 67,3.4,14418.0,3,4,3+,16.0,Relatively New,O69847906,2134.0,0,0,0,1,0,2,158
flat,suncity vatsal valley,gwal pahari,1.53,10699.0,3,3,3,2.0,New Property,F69846044,1589.0,0,0,0,0,0,2,117
flat,tulip white,sector 69,0.9,6787.0,3,2,3,6.0,Relatively New,T69628634,1473.0,0,1,0,0,0,0,121
flat,shree vardhman victoria,sector 70,1.65,8461.0,3,4,3,1.0,Relatively New,X69647784,1586.0,0,0,0,1,0,1,167
flat,ansal harmony homes,sector 57,1.12,10666.0,2,2,1,0.0,Old Property,I56151784,950.0,0,0,0,0,0,0,72
flat,smart world orchard,sector 61,2.41,14785.0,3,3,3,2.0,New Property,T69058716,1630.0,0,0,0,0,0,0,61
flat,godrej air,sector 85,1.05,10603.0,2,2,1,15.0,Under Construction,M68036016,97.0,0,0,0,0,0,0,45
flat,imperia the esfera,sector 37c,0.95,5703.0,2,2,0,17.0,Under Construction,Y64213894,1578.0,0,0,0,1,0,0,66
house,unitech uniworld resorts,sector 33,8.0,11428.0,4,4,3+,2.0,Old Property,D70122248,7000.0,1,1,1,1,0,0,77
flat,emaar palm gardens,sector 83,1.38,8023.0,3,3,3,5.0,Relatively New,F68628664,1350.0,0,0,0,1,0,2,8
house,iffco nagar and 17b rwa,sector 17,3.5,24305.0,2,5,3,3.0,Old Property,C66372572,1440.0,0,0,0,0,0,0,44
house,independent,sector 43,9.85,29642.0,5,5,2,3.0,Old Property,Z70335704,3323.0,1,1,0,1,0,0,21
flat,emaar gurgaon greens,sector 102,1.49,9030.0,3,3,3,10.0,Relatively New,K69714928,1315.0,0,0,0,0,0,2,159
flat,m3m heights,sector 65,2.65,18492.0,2,2,3,4.0,New Property,I68332432,1433.0,1,0,0,0,0,0,38
house,nirvana country,sector 50,10.0,14285.0,5,7,2,4.0,Moderately Old,A58935812,7000.0,0,0,0,1,0,1,0
flat,capital residences 360,sector 70a,1.15,11500.0,2,2,3,4.0,New Property,G70121880,1400.0,0,1,0,0,0,0,132
flat,bestech park view ananda,sector 81,1.45,8011.0,3,3,3,8.0,Relatively New,G68629204,1650.0,0,0,0,0,1,2,128
flat,central park resorts,sector 48,5.15,20900.0,3,3,3+,8.0,Moderately Old,R68495434,2364.0,0,0,0,1,0,1,53
flat,pioneer araya,sector 62,9.95,20995.0,4,6,3,12.0,Relatively New,X69844094,3933.0,0,1,0,1,0,2,138
house,unitech palms south city 1,sector 41,9.25,28549.0,9,9,3+,4.0,Moderately Old,G70038692,5000.0,1,1,1,1,0,2,65
house,independent,sector 15,1.07,11888.0,2,2,1,1.0,Old Property,T68571922,900.0,0,0,0,1,0,0,7
flat,ss the leaf,sector 85,2.13,7574.0,4,4,3,6.0,Relatively New,K70087544,2600.0,0,0,0,0,0,0,49
flat,conscient heritage max,sector 102,2.2,10237.0,3,4,3+,9.0,Moderately Old,A70043684,1945.0,1,0,0,1,0,0,125
flat,ss the leaf,sector 85,2.0,8305.0,3,4,3,8.0,Relatively New,G69751862,2179.0,0,0,0,1,0,0,21
flat,dlf new town heights,sector 90,1.2,6217.0,3,3,3+,8.0,Moderately Old,T54190560,2144.0,0,1,0,1,0,0,59
house,international city by sobha phase 2,sector 109,7.0,12963.0,4,4,3+,2.0,Relatively New,O61456382,5400.0,0,0,0,0,0,2,102
flat,signature global park,sohna road,0.65,7907.0,2,1,2,3.0,New Property,F69195960,913.0,0,0,0,0,0,0,87
flat,bestech park view ananda,sector 81,0.88,8042.0,2,2,3,8.0,Relatively New,E64877088,1223.0,1,0,0,0,0,2,95
house,independent,sector 4,0.58,9619.0,2,2,1,2.0,Moderately Old,L69410538,67.0,0,1,0,0,1,0,7
flat,bptp terra,sector 37d,1.6,7302.0,4,3,3+,7.0,Relatively New,U69144266,2000.0,0,0,0,0,1,2,139
flat,indiabulls centrum park,sector 103,2.45,8521.0,4,6,3,5.0,Relatively New,V69714126,2602.0,0,0,0,1,0,0,38
house,vipul tatvam villa,sector 48,7.65,19125.0,4,4,3,2.0,Moderately Old,Y66682764,4000.0,1,0,0,1,1,0,49
flat,tulip violet,sector 69,1.52,9632.0,3,3,2,4.0,Relatively New,I69963752,1428.0,0,1,0,0,0,2,156
flat,raheja sampada,sector 92,0.9,6569.0,3,2,3,11.0,Relatively New,I56902148,1240.0,0,0,0,0,0,0,88
flat,dlf new town heights,sector 90,1.6,6768.0,4,4,3+,10.0,Relatively New,X42168161,2139.0,0,1,0,1,0,0,88
flat,la vida by tata housing,sector 113,2.35,13352.0,3,4,3,3.0,Relatively New,A69375586,1930.0,0,0,0,1,0,0,174
flat,bestech park view residency,sector 2,1.51,7869.0,3,4,3+,7.0,Moderately Old,D68401312,1738.0,0,0,0,1,0,2,84
flat,ss the leaf,sector 85,1.77,7350.0,3,4,3+,7.0,New Property,P66846646,2179.0,0,0,1,0,0,0,107
flat,smart world orchard,sector 61,1.47,12782.0,2,2,2,4.0,Under Construction,A66290520,1278.0,1,0,0,0,0,0,31
flat,conscient elevate,sector 59,3.78,16500.0,3,3,3,3.0,Under Construction,B66424320,2550.0,0,0,0,0,0,0,31
flat,tulip violet,sector 69,3.05,9664.0,4,5,3+,14.0,Relatively New,D69392964,2856.0,0,0,0,1,1,0,49
flat,smriti apartment,sector 56,0.45,7500.0,1,1,2,3.0,Old Property,X63911142,543.0,0,0,0,0,0,0,57
flat,conscient elevate,sector 59,3.9,16993.0,3,1,0,0.0,Under Construction,M69058718,2295.0,0,0,0,0,0,0,0
house,independent,sector 43,2.15,13030.0,1,1,0,1.0,Moderately Old,P66222668,1650.0,0,0,0,0,0,0,0
flat,sbtl caladium,sector 109,1.63,6404.0,3,3,2,8.0,Relatively New,D68723600,2303.0,0,0,0,1,0,0,159
flat,nbcc heights,sector 89,1.5,7058.0,3,3,3,8.0,Relatively New,U69475882,1923.0,1,0,0,1,0,0,105
flat,hcbs sports ville,sohna road,0.22,3142.0,1,1,1,1.0,New Property,U63907494,778.0,0,0,0,0,0,0,86
flat,tulsiani easy in homes,sohna road,0.4,6722.0,2,2,3,12.0,New Property,J68850120,661.0,0,0,0,0,0,0,36
flat,signature global city 92,sector 92,0.78,8047.0,2,2,2,2.0,New Property,G69505944,1083.0,0,0,0,0,0,2,47
house,international city by sobha phase 2,sector 109,9.4,26111.0,5,6,3+,2.0,Relatively New,U70137636,3600.0,1,1,1,1,0,2,147
house,emaar mgf marbella,sector 66,19.0,31667.0,5,6,3+,3.0,Relatively New,O69714346,6667.0,0,1,1,1,0,2,110
flat,dlf new town heights,sector 90,1.15,5958.0,3,3,3+,9.0,Relatively New,Z42579727,1747.0,0,1,0,1,0,0,88
flat,bestech park view sanskruti,sector 92,1.55,7568.0,3,4,3,16.0,Relatively New,X58323596,1805.0,0,0,0,1,0,2,60
house,independent,sector 26,9.0,33333.0,5,5,2,3.0,Old Property,K69651180,2700.0,1,1,1,1,0,1,110
flat,dlf the skycourt,sector 86,1.35,6998.0,3,3,1,9.0,Relatively New,V68540730,1746.0,0,0,0,0,0,0,119
flat,bestech park view city,sector 48,1.76,9909.0,3,3,3+,9.0,Moderately Old,K69661456,1576.0,0,1,0,1,0,2,158
flat,bestech park view grand spa,sector 81,4.0,9523.0,4,5,3+,15.0,Relatively New,B68376802,3801.0,0,0,0,1,0,2,127
house,greenopolis,sector 89,0.7,5397.0,2,2,2,14.0,New Property,A67904302,1297.0,0,0,0,0,0,0,0
house,uppal southend,sector 49,6.75,32328.0,4,4,3,3.0,Relatively New,C70413586,2088.0,0,0,0,1,0,2,26
flat,raheja vedaanta,sector 108,0.7,4522.0,2,2,3,1.0,Relatively New,P69699418,1548.0,0,0,0,0,0,0,0
flat,hector trimurti heights,sector 39,1.5,6382.0,4,3,3,10.0,Old Property,K64561472,2611.0,0,0,0,1,0,1,49
flat,sidhivinayak apartments,sector 55,1.9,10555.0,4,3,3+,9.0,Moderately Old,E68914456,2000.0,0,1,0,0,0,1,35
flat,aipl club residences,sector 70a,0.95,10215.0,2,2,1,11.0,New Property,T69864884,930.0,0,0,0,0,0,2,103
house,unitech escape,sector 50,12.0,37037.0,5,6,3+,3.0,Moderately Old,X68022614,3240.0,0,0,0,0,0,0,66
flat,adani m2k oyster grande,sector 102,2.61,10046.0,3,3,3,14.0,Relatively New,I70030056,2200.0,1,0,0,1,0,0,21
flat,divya apartments,sector 6,0.6,7594.0,2,2,0,2.0,Relatively New,T60102856,790.0,0,0,0,0,0,2,15
flat,supertech araville,sector 79,0.71,6061.0,2,2,3+,17.0,New Property,Y61729236,1280.0,0,0,0,0,1,0,53
flat,signature global orchard avenue,sector 93,0.4,7359.0,2,2,2,11.0,New Property,X64712920,604.0,0,0,0,0,0,0,37
flat,ats kocoon,sector 109,2.15,10262.0,3,4,3,9.0,Relatively New,Q69510912,1896.0,0,0,0,1,0,0,97
flat,sare crescent parc,sector 92,1.44,7068.0,4,4,3,8.0,Relatively New,F70040864,2267.0,0,0,0,0,0,0,37
flat,sukhshanti apartment,sector 56,1.7,7727.0,3,3,3,4.0,Moderately Old,K69780144,2200.0,1,0,0,0,0,0,49
house,ardee city,sector 52,2.25,16071.0,3,3,3,4.0,New Property,F69712868,1800.0,0,0,0,1,0,2,22
flat,ashiana mulberry,sohna road,1.07,6184.0,3,3,3+,7.0,Relatively New,Y69365208,1600.0,0,0,0,0,0,0,167
flat,emaar mgf palm hills,sector 77,1.64,8410.0,4,3,3,9.0,Relatively New,D70080452,1765.0,0,0,0,1,0,0,102
flat,bhagwati sadan,sector 12,1.15,5750.0,3,4,2,2.0,Old Property,W68513490,2000.0,1,0,0,1,1,2,28
house,independent,sector 43,6.5,35403.0,5,4,3+,3.0,Moderately Old,R67354342,1836.0,0,1,0,1,0,2,54
flat,dlf the belaire,sector 54,7.0,23333.0,4,6,3+,12.0,Moderately Old,W68384702,2715.0,0,1,1,1,0,2,108
flat,tulip violet,sector 69,1.66,8408.0,4,4,1,12.0,Relatively New,U68361042,1783.0,0,1,0,0,0,0,102
flat,m3m heights,sector 65,2.15,15003.0,2,2,3+,28.0,Relatively New,C68368436,1433.0,0,0,0,0,0,0,48
house,dlf city plots,sector 26,18.0,39841.0,6,6,2,3.0,Old Property,D69943676,4518.0,0,1,0,1,1,2,49
flat,bhawna cghs,sector 43,3.25,10156.0,4,4,3+,12.0,Moderately Old,Q68795508,3115.0,0,1,0,0,0,2,119
flat,experion windchants,sector 112,5.49,11584.0,4,5,3+,5.0,Relatively New,P60456632,3655.35,0,0,0,1,0,2,168
flat,smart world orchard,sector 61,2.24,14460.0,3,3,2,3.0,New Property,C66720652,1402.0,0,0,0,0,1,0,61
flat,millenium bajrang society,sector 43,2.5,9433.0,4,4,3+,2.0,Relatively New,B68678214,2398.0,0,0,0,0,0,2,94
flat,emaar mgf emerald floors premier,sector 65,2.3,13939.0,3,4,3,3.0,Relatively New,E69099512,1833.0,1,1,1,1,0,1,174
flat,raheja vanya,sector 99a,0.85,6789.0,2,2,2,3.0,New Property,Q68429406,1133.0,0,0,0,0,0,0,43
flat,corona optus,sector 37c,1.5,6361.0,3,4,3+,14.0,New Property,Z42491213,2134.0,0,0,0,1,1,0,83
house,independent,sector 56,7.5,23148.0,8,8,3+,3.0,Relatively New,A69581888,3240.0,1,1,0,1,0,1,42
flat,adani aangan arcade,sector 88a,0.45,7194.0,2,2,1,8.0,New Property,S68791370,695.0,0,0,0,0,0,0,14
flat,tulip violet,sector 69,1.7,8445.0,4,4,2,7.0,Relatively New,F68278536,1819.0,0,0,0,0,0,0,128
flat,tulip purple,sector 69,2.6,10833.0,4,4,3+,4.0,Moderately Old,S69725162,2172.0,0,0,0,1,0,0,37
house,dlf city plots phase 2,sector 25,15.5,34307.0,5,6,3+,3.0,Moderately Old,S69813254,4518.0,1,1,1,1,0,0,144
flat,m3m heights,sector 65,2.79,14168.0,3,3,3,26.0,New Property,J68308392,1969.0,0,0,0,0,0,0,15
house,housing board colony,sector 28,2.1,23333.0,2,8,3+,4.0,Moderately Old,D68648118,900.0,0,0,0,0,1,2,38
flat,bestech park view ananda,sector 81,1.15,6927.0,3,2,3+,6.0,Relatively New,X69632472,1463.0,1,0,0,0,0,2,104
flat,vipul lavanya,sector 81,0.64,5261.0,2,2,3,12.0,Relatively New,O67063838,1361.0,0,0,0,0,0,2,93
flat,dlf new town heights,sector 86,1.28,8205.0,3,4,3+,12.0,Moderately Old,K67557652,1740.0,0,1,0,1,0,0,96
house,vipul tatvam villa,sector 48,18.5,26429.0,4,4,1,1.0,Moderately Old,O69199536,7000.0,0,0,0,0,0,0,30
house,independent,sector 17a,1.52,19869.0,2,2,1,1.0,Old Property,W62127086,105.0,0,0,0,0,0,0,22
flat,kamal residence,sohna road,0.4,7633.0,2,2,1,0.0,New Property,G69676862,582.0,0,0,0,0,1,2,16
flat,shree vardhman victoria,sector 70,1.78,9128.0,3,3,3+,7.0,Relatively New,N69292306,1765.0,0,0,0,1,1,0,49
flat,bestech park view residency,sector 2,0.98,6961.0,2,2,3,0.0,Moderately Old,Q68401588,1281.0,0,0,0,0,0,0,85
flat,rof ananda,sector 95,0.37,5744.0,3,2,1,6.0,Relatively New,X69978608,716.0,0,1,0,0,0,2,72
flat,m3m sierra 68,sector 68,1.08,8674.0,2,2,3,1.0,Relatively New,Z69526410,1130.0,0,0,0,0,0,2,149
house,vipul tatvam villa,sector 48,8.25,38194.0,4,4,3+,3.0,Relatively New,L66708342,2160.0,0,0,1,1,0,2,160
flat,signature global city 37d ph 2,sector 37d,1.35,9375.0,3,3,3+,3.0,Under Construction,E69908782,1600.0,0,1,0,0,0,0,51
flat,hcbs sports ville,sohna road,0.29,3970.0,2,2,1,4.0,Relatively New,S68368426,743.0,0,0,0,0,0,0,0
flat,vatika india next,sector 82,0.8,6426.0,2,2,3,9.0,Relatively New,P69238064,1383.0,0,0,0,0,0,0,0
flat,whiteland  the aspen,sector 76,3.5,11917.0,3,4,3,8.0,Under Construction,G69383624,2937.0,0,0,0,0,0,0,0
flat,bptp terra,sector 37d,1.45,8006.0,3,3,3,8.0,Relatively New,E70094582,1711.0,0,0,0,0,0,0,149
flat,vatika lifestyle homes,sector 83,1.15,6552.0,3,2,3,15.0,Relatively New,F70184408,1588.0,0,0,0,0,0,0,37
house,independent,sector 7,3.1,13778.0,3,3,2,2.0,Old Property,X64829024,2250.0,0,0,0,0,0,0,22
flat,bestech park view grand spa,sector 81,4.5,10714.0,4,6,3+,17.0,Relatively New,J69142214,3801.0,0,0,0,1,0,2,44
flat,emaar palm gardens,sector 83,1.8,12000.0,3,4,3+,6.0,Relatively New,H68350140,1667.0,0,0,0,1,0,2,96
house,independent,sector 1,4.75,10556.0,6,7,0,4.0,Moderately Old,M67903926,4500.0,0,0,0,0,0,0,0
house,dlf floors phase 3,sector 24,3.51,12342.0,4,4,3,4.0,Under Construction,H65205940,2844.0,1,1,1,1,0,2,160
flat,dlf new town heights,sector 90,1.42,4864.0,4,4,3+,8.0,Moderately Old,O64172318,2139.0,0,0,1,1,0,0,31
flat,dlf the belaire,sector 54,10.0,24558.0,4,5,3+,17.0,Moderately Old,A69548058,3000.0,0,0,0,1,0,1,167
flat,m3m the marina,sector 68,1.0,12500.0,2,2,3,21.0,Relatively New,I63440984,889.0,0,0,0,0,0,0,31
flat,oriental valley chs,sector 9a,1.5,8108.0,4,3,3+,8.0,Moderately Old,E69799308,2056.0,0,0,0,0,0,0,35
flat,the arzoo cghs,sector 51,2.1,9130.0,4,4,3,1.0,Relatively New,W70041250,2300.0,0,0,0,0,0,0,58
flat,tulip violet,sector 69,1.32,8411.0,3,3,1,12.0,Relatively New,W69354420,1419.0,0,1,0,0,0,2,86
flat,parsvnath green ville,sector 48,3.3,9984.0,5,5,3+,4.0,Old Property,J17123294,3305.0,0,0,0,1,0,0,71
flat,apna enclave,sector 3,0.8,6153.0,3,3,1,0.0,Old Property,P37251939,1000.0,0,0,0,0,0,0,0
house,independent,sector 43,2.55,13178.0,3,3,2,3.0,Relatively New,A69769046,1935.0,0,0,0,0,0,2,60
flat,indiabulls centrum park,sector 103,1.32,7787.0,3,3,3+,6.0,Relatively New,P69850302,1300.0,1,0,0,0,0,0,49
flat,afnhb jalvayu vihar,sector 30,0.69,7272.0,2,2,1,3.0,Old Property,I68235500,896.0,0,0,0,0,0,0,65
flat,ats triumph,sector 104,2.6,8813.0,4,4,3+,16.0,Relatively New,Y69218718,3064.0,0,0,0,1,0,2,150
flat,orris aster court,sector 85,0.93,5671.0,3,3,3,8.0,Relatively New,R69813796,1587.0,0,0,0,0,0,0,0
flat,today callidora,sector 73,0.9,5548.0,3,3,3,3.0,Under Construction,V39994101,1622.0,0,0,0,1,0,0,63
flat,chd avenue,sector 71,1.12,6215.0,3,4,3,0.0,Moderately Old,W69434422,1631.0,0,0,0,1,0,0,65
flat,capital residences 360,sector 70a,1.55,7844.0,3,3,3,8.0,Relatively New,Q69662820,1600.0,1,1,0,1,1,0,42
flat,rof ananda,sector 95,0.32,5827.0,2,2,1,9.0,Relatively New,V69978686,610.0,0,1,0,0,0,2,71
flat,sbr minda sec 1 imt manesar,manesar,0.65,4259.0,3,2,3+,6.0,Moderately Old,X68197106,1696.0,0,0,0,0,0,0,5
flat,hsiidc sidco shivalik apartments,manesar,0.48,3840.0,2,2,3,7.0,Moderately Old,G70129192,993.0,0,0,0,0,0,0,88
house,eldeco mansionz,sector 48,4.95,20599.0,7,7,3+,2.0,Old Property,K70213896,2403.0,1,1,1,1,0,2,145
house,unitech nirvana birch court,sector 50,7.1,31430.0,3,3,3,1.0,Moderately Old,D61488894,2259.0,0,0,0,1,0,0,49
flat,shree vardhman flora,sector 90,1.25,4854.0,4,5,2,8.0,Relatively New,L69230920,2330.0,1,0,0,1,0,0,165
flat,suncity vatsal valley,gwal pahari,1.38,12212.0,2,2,2,4.0,Under Construction,Z69094060,1130.0,0,0,0,0,0,0,133
flat,dlf the primus,sector 82a,3.5,13430.0,5,5,3+,14.0,Relatively New,W69002892,2896.0,1,0,0,0,0,1,49
flat,bestech park view grand spa,sector 81,2.22,8345.0,3,4,3+,15.0,Relatively New,Z68363354,2407.0,0,0,0,1,0,2,174
flat,conscient heritage max,sector 102,2.1,9772.0,3,4,3+,10.0,Relatively New,C69124616,1945.0,1,0,0,1,0,0,53
flat,smart world one,dwarka expressway,1.65,5933.0,3,4,3,6.0,Under Construction,T66845028,3094.0,0,0,0,0,0,0,0
flat,conscient elevate,sector 59,6.75,19882.0,4,4,2,10.0,New Property,P69838342,2567.0,0,0,0,1,0,0,31
flat,central park flower valley,sector 33,3.3,13750.0,3,3,3,2.0,Under Construction,D68247262,2667.0,1,1,1,1,0,0,61
flat,gls avenue 51,sector 92,0.45,6000.0,3,3,1,10.0,Relatively New,G69076906,833.0,0,0,0,0,0,0,0
flat,aipl the peaceful homes,sector 70a,2.5,10638.0,3,4,3,8.0,Relatively New,C65285798,2127.0,0,0,1,1,0,2,174
flat,tata gurgaon gateway,sector 113,2.45,10786.0,3,3,3,8.0,Relatively New,B69588358,2014.0,0,0,0,0,0,0,110
flat,chanderlok society,sector 28,0.9,7234.0,4,2,3+,1.0,Old Property,M56674250,1382.0,0,0,0,0,0,0,0
flat,suncity avenue,sector 102,0.48,9022.0,2,2,1,5.0,Relatively New,G69438086,582.0,0,0,1,0,0,0,159
house,independent,sector 25,9.0,28490.0,10,10,3,3.0,Old Property,A70164370,3159.0,0,1,0,0,0,2,64
flat,emaar palm gardens,sector 83,1.75,9210.0,3,3,3,6.0,Relatively New,H69621590,1549.0,0,0,0,1,0,2,105
flat,dlf regal gardens,sector 90,1.26,7636.0,3,3,2,12.0,Relatively New,B69161912,1650.0,0,0,0,0,1,0,8
flat,smart world gems,sector 89,0.95,8903.0,2,2,2,1.0,Under Construction,S68955390,804.0,1,0,0,0,0,0,122
flat,sare homes,sector 92,0.58,4098.0,3,3,3,3.0,New Property,H51369072,1281.0,0,0,0,0,0,0,54
flat,krrish florence estate,sector 70,1.65,7764.0,3,4,3+,27.0,New Property,X68914082,1923.0,1,0,0,1,0,0,81
flat,m3m latitude,sector 65,4.7,19747.0,3,3,3+,9.0,Relatively New,Y69570676,2380.0,0,1,0,1,0,2,44
flat,ambience caitriona,sector 24,14.0,22222.0,4,5,3,3.0,Old Property,A68959646,6300.0,0,0,0,0,0,0,0
flat,hsiidc sidco aravali,manesar,0.91,3516.0,3,3,3+,8.0,Moderately Old,W68198838,1900.0,0,0,0,1,0,0,23
flat,eldeco accolade,sohna road,1.1,7549.0,3,2,3,13.0,Relatively New,K70055840,1319.0,0,0,0,0,0,0,56
flat,mapsko mount ville,sector 79,1.4,9395.0,3,3,3,2.0,New Property,N69503004,1656.0,0,0,0,0,0,2,112
flat,ansal heights 86,sector 86,0.74,5441.0,2,2,1,11.0,Under Construction,K24849431,1231.0,0,0,0,0,1,0,45
flat,bptp terra,sector 37d,1.71,7804.0,3,3,3+,7.0,Relatively New,N69178086,2191.0,1,0,0,0,0,0,38
flat,sare crescent parc,sector 92,0.9,4260.0,4,5,3+,3.0,Relatively New,T56571794,1805.0,0,0,0,1,0,0,0
flat,railway officers rpf society,sector 9a,1.25,6921.0,4,3,3,1.0,Old Property,O69463302,2007.0,0,0,0,1,0,0,40
flat,signature global solera,sector 107,0.28,5674.0,2,2,2,11.0,Relatively New,U69413356,543.0,0,0,0,0,0,0,29
flat,emaar gurgaon greens,sector 102,1.35,8181.0,3,3,3,9.0,Relatively New,H68246000,1315.0,0,0,0,1,0,0,100
flat,signature global synera,sector 81,0.48,8026.0,2,2,1,14.0,Relatively New,U63643846,547.0,0,0,0,0,0,2,14
flat,sobha city,sector 108,3.95,16858.0,3,4,2,15.0,Relatively New,G70104780,2343.0,0,0,0,1,0,0,49
flat,smart world orchard,sector 61,1.7,15000.0,2,2,2,4.0,Under Construction,S66575160,1278.0,0,0,0,0,0,0,24
house,independent,sector 26,16.0,35556.0,5,6,3,2.0,Old Property,R69166008,4500.0,0,0,0,0,0,0,0
house,independent,sector 46,2.4,2963.0,4,4,3,3.0,Moderately Old,Y70267404,900.0,0,0,1,0,0,2,44
flat,tulip violet,sector 69,1.42,8998.0,3,3,2,8.0,Relatively New,O66588600,1428.0,0,1,0,0,0,2,94
house,independent,sector 43,15.5,28233.0,5,6,3,3.0,Moderately Old,N69295258,5490.0,1,1,1,1,0,0,76
flat,ansal api sushant estate,sector 52,0.29,11600.0,1,1,0,0.0,Moderately Old,B70175060,278.0,0,0,0,0,0,2,49
house,sushant lok 1 builder floors,sector 43,10.85,28841.0,8,8,3,3.0,Moderately Old,C68217454,3762.0,1,1,1,1,0,1,160
flat,sare homes,sector 110,0.8,4694.0,4,4,3,1.0,Moderately Old,K67714330,1893.0,0,0,0,0,0,0,77
flat,m3m woodshire,sector 107,0.94,6881.0,2,2,3+,1.0,Moderately Old,A70026726,1236.0,0,0,0,0,0,0,113
house,independent,sector 12,1.7,9444.0,3,3,0,1.0,Old Property,F67903934,200.0,0,0,0,0,0,0,0
flat,dlf the grove,sector 54,5.7,41245.0,3,3,3,1.0,Moderately Old,N68022370,1382.0,0,0,0,0,0,0,46
house,dlf city plots,sector 26,19.0,42054.0,6,6,3,2.0,Relatively New,P68648594,4518.0,1,0,0,1,0,2,121
flat,m3m woodshire,sector 107,1.15,7496.0,2,2,3,0.0,Relatively New,E56342478,1281.0,1,0,0,0,0,0,29
flat,tulip violet,sector 69,1.29,8227.0,3,3,1,12.0,Relatively New,K69354538,1419.0,0,1,0,0,0,2,86
house,independent,sector 13,0.45,4808.0,1,1,0,1.0,Old Property,P69474434,936.0,0,0,0,0,0,0,0
flat,bptp terra,sector 37d,1.8,8215.0,4,3,3,18.0,Relatively New,P70022016,2025.0,1,1,0,1,0,0,49
flat,tulip violet,sector 69,1.55,9822.0,3,3,2,9.0,Relatively New,S69975604,1428.0,0,1,0,0,0,2,165
flat,global hill view,sector 11,0.33,4271.0,2,2,0,11.0,Relatively New,X69911106,761.0,0,0,0,0,0,0,0
house,independent,sector 105,0.55,10913.0,2,4,0,2.0,Moderately Old,R68152664,56.0,0,0,0,0,0,0,0
house,rattan garden,sector 7,1.3,13499.0,2,3,2,3.0,Old Property,B68151910,963.0,0,0,0,0,0,0,0
flat,ramsons kshitij,sector 95,0.32,4500.0,2,2,1,8.0,Relatively New,F54906058,563.0,0,0,0,0,1,1,28
flat,chd avenue,sector 71,0.82,7083.0,2,2,2,6.0,Moderately Old,L68909828,1086.0,0,0,0,0,0,0,0
flat,gls arawali homes,sohna road,0.28,5982.0,2,2,2,3.0,Relatively New,X61068452,520.0,0,0,0,0,0,0,42
flat,mapsko mount ville,sector 79,1.25,8389.0,3,3,3,22.0,Relatively New,B69665358,1154.0,1,1,0,0,0,0,160
flat,signature global park,sohna road,0.75,6938.0,2,2,0,1.0,Relatively New,N69750278,1081.0,0,0,0,0,0,0,58
house,tata primanti,sector 72,8.5,13492.0,5,6,3+,10.0,Relatively New,L68310156,6300.0,1,1,1,1,0,2,145
flat,ramprastha skyz,sector 37d,1.0,4942.0,3,5,3,11.0,Under Construction,Y54621054,1833.0,0,0,0,1,1,0,8
house,independent,sector 67,3.0,11904.0,4,4,0,3.0,Moderately Old,V68389678,2800.0,0,0,0,0,0,0,0
flat,emaar mgf palm hills,sector 77,1.25,8620.0,3,4,3,3.0,Relatively New,R69655476,1310.0,1,0,0,1,0,0,49
flat,shapoorji pallonji joyville gurugram,sector 102,1.75,9449.0,3,3,3,10.0,Relatively New,V69157428,1465.0,1,1,0,1,1,0,49
flat,adani m2k oyster grande,sector 102,4.55,10000.0,4,4,3+,11.0,Relatively New,V70001746,4630.0,0,0,0,0,0,2,60
flat,paras dews,sector 106,1.28,7272.0,3,4,3+,24.0,Relatively New,Z69727942,1186.0,0,0,0,1,0,0,49
house,independent,sector 23,5.65,17706.0,7,7,3+,2.0,Moderately Old,S49137769,5000.0,0,1,0,1,0,0,68
flat,signature global park 4,sector 36,0.82,7585.0,3,2,2,2.0,New Property,B68238424,850.0,0,0,0,0,0,0,8
flat,godrej aria,sector 79,1.0,6653.0,2,2,2,4.0,Relatively New,P63014096,1300.0,1,0,0,0,0,0,49
flat,godrej nature plus,sector 33,1.2,14379.0,2,2,3,1.0,New Property,T69959810,86.0,0,0,0,0,0,0,65
flat,alpha corp gurgaonone,sector 84,1.15,7496.0,2,2,3,14.0,Relatively New,P69430750,1394.0,1,0,0,0,0,0,28
flat,orris aster court premier,sector 85,1.25,5896.0,3,4,2,6.0,Relatively New,F69545814,1616.0,0,0,0,1,0,2,49
flat,signature global city,sector 37d,0.68,11724.0,2,2,3,9.0,New Property,S70165360,644.0,0,0,0,0,1,0,58
flat,puri the aravallis,sector 61,3.9,33220.0,3,4,3+,33.0,Under Construction,D69436810,1174.0,0,0,0,1,0,0,158
flat,rof ananda,sector 95,0.25,6578.0,1,1,1,4.0,New Property,C68438890,344.0,0,0,0,0,0,0,0
flat,dlf regal gardens,sector 90,1.17,6708.0,3,3,3,15.0,Relatively New,H68285778,1630.0,0,0,0,0,0,2,136
flat,hcbs sports ville,sohna road,0.22,4603.0,1,1,1,9.0,Relatively New,R62026024,477.809521,0,0,0,0,0,2,44
house,eldeco mansionz,sector 48,5.15,18885.0,5,7,3,2.0,Moderately Old,W62349350,2727.0,0,1,0,1,0,2,145
flat,ss the leaf,sector 85,2.2,11178.0,4,5,3+,4.0,Relatively New,F69991874,2390.0,0,1,0,1,0,0,174
flat,ss almeria,sector 84,1.5,7500.0,3,3,3,2.0,New Property,G24821069,1849.0,0,0,0,1,0,0,108
flat,karmyogi apartment,sector 10a,2.3,6467.0,6,4,2,6.0,Moderately Old,J69875070,3951.0,0,0,0,0,0,0,0
house,housing board colony,sector 28,3.5,25926.0,2,6,3,3.0,Relatively New,K69970618,1350.0,0,0,0,0,0,0,0
flat,signature andour heights,sector 71,0.55,8607.0,2,2,1,7.0,Relatively New,Y68524014,600.0,0,0,0,0,0,2,24
flat,tulip lemon,sector 69,0.6,10000.0,2,1,1,12.0,Relatively New,E69958366,667.0,0,0,0,0,0,0,23
flat,godrej,sector 33,0.95,6859.0,2,2,3+,3.0,Under Construction,F54915126,1253.0,0,0,0,0,0,0,0
house,international city by sobha phase 2,sector 109,6.25,11574.0,4,4,3+,2.0,Relatively New,V70137706,5400.0,0,0,0,1,0,0,138
house,ansals palam vihar,sector 2,5.0,12500.0,6,4,0,3.0,Moderately Old,A67904548,4000.0,0,0,0,0,0,0,0
house,international city by sobha phase 1,sector 109,6.0,9634.0,5,5,3+,2.0,Relatively New,F69665426,6228.0,1,1,1,1,0,0,160
flat,vatika independent floors,sector 82,1.45,8056.0,4,3,0,1.0,Relatively New,M69926636,1800.0,0,0,0,0,0,0,50
flat,breez global hill view,sohna road,0.42,7174.0,2,2,1,18.0,Relatively New,O69741952,650.0,0,0,0,0,0,0,44
flat,hero homes,dwarka expressway,1.6,7825.0,3,3,3,1.0,New Property,K60620776,1529.0,0,0,0,0,0,0,49
house,independent,sector 21,1.6,11852.0,5,5,2,3.0,Relatively New,F69873462,120.0,0,0,0,0,0,0,0
flat,signature global park,sohna road,0.54,6506.0,2,2,1,2.0,Relatively New,L70187378,922.0,0,0,0,0,0,0,16
flat,emaar mgf emerald floors premier,sector 65,2.35,14242.0,3,3,3,3.0,Relatively New,B69883722,1833.0,1,0,0,1,0,2,124
flat,emaar mgf emerald floors premier,sector 65,2.65,16060.0,3,3,3,5.0,Relatively New,I69729604,1650.0,1,0,0,1,0,0,37
flat,m3m golfestate,sector 65,4.95,15906.0,3,3,3,10.0,Relatively New,M69810242,2816.0,0,0,0,1,0,2,82
flat,ireo skyon,sector 60,3.75,13392.0,4,4,3,12.0,Relatively New,U69182098,2650.0,0,0,0,1,0,2,49
flat,hcbs sports ville,sohna road,0.3,4011.0,2,2,2,3.0,Relatively New,L69258522,743.0,0,0,0,0,0,0,0
flat,vatika city,sector 49,1.69,8622.0,3,3,3,3.0,Moderately Old,R61913142,2178.0,0,1,0,0,0,0,136
flat,shreeram apartment ii,sector 4,0.21,4666.0,1,1,1,2.0,Relatively New,U69470024,500.0,0,0,0,0,0,0,7
flat,ansal housing highland park,sector 103,0.88,6429.0,2,2,3,3.0,New Property,E56157708,1232.0,0,0,0,0,0,0,52
flat,paras quartier,gwal pahari,7.5,14018.0,4,4,3+,20.0,New Property,U69243970,4842.0,0,1,0,1,1,2,49
flat,tata primanti,sector 72,5.25,15648.0,4,4,3+,30.0,New Property,A69925374,3000.0,0,0,0,1,0,2,174
house,independent,sector 50,10.55,32562.0,5,5,3,2.0,Moderately Old,U69645422,3240.0,1,0,0,1,0,0,42
flat,emaar gurgaon greens,sector 102,1.42,8606.0,3,3,3,4.0,Relatively New,Z69839594,1314.0,0,0,0,0,1,0,49
house,independent,sector 39,1.6,17937.0,1,1,2,2.0,Old Property,X67948578,892.0,0,0,0,0,0,0,40
flat,vatika city,sector 49,2.64,11725.0,3,4,3+,2.0,Moderately Old,W68371794,2252.0,0,1,0,1,0,2,140
flat,ansal heights 86,sector 86,0.82,6029.0,2,2,1,12.0,New Property,E63659868,1300.0,0,0,0,0,0,0,49
flat,shree arihant apartment,sector 54,1.5,8108.0,3,3,3+,4.0,Moderately Old,B69831918,1700.0,0,1,0,0,0,2,75
house,independent,sector 43,2.1,4250.0,10,10,3+,5.0,New Property,F69536898,549.0,0,0,0,1,0,0,20
flat,godrej summit premia towers,sector 104,0.9,7149.0,2,2,0,16.0,Relatively New,A68564086,1259.0,0,0,0,0,0,0,0
flat,ss the leaf,sector 85,1.15,11966.0,2,2,3,20.0,Relatively New,S69748048,1263.0,0,1,0,0,0,0,107
flat,ats kocoon,sector 109,2.2,10023.0,3,4,3,8.0,Relatively New,T68605626,1860.0,0,0,0,1,0,0,156
flat,signature global city,sector 37d,1.0,8160.0,3,3,3,4.0,Under Construction,V67903744,1250.0,0,0,0,0,0,0,49
flat,orris carnation residency,sector 85,0.8,4857.0,3,4,3,4.0,Relatively New,Y69459254,1390.0,0,0,0,1,0,2,40
flat,godrej nature plus,sector 33,1.35,8670.0,3,2,3+,17.0,New Property,W69981234,1409.0,0,0,0,0,0,0,38
house,independent,sector 13,1.5,11538.0,2,7,3,4.0,Moderately Old,Q64087700,1300.0,0,0,0,0,0,0,0
house,dlf city plots phase 2,sector 25,10.55,39074.0,5,6,3+,3.0,Moderately Old,H69802660,2700.0,1,1,1,1,0,0,131
flat,shapoorji pallonji joyville gurugram,sector 102,2.4,10545.0,4,4,3+,15.0,Relatively New,U69558274,1957.0,0,0,0,0,0,0,108
flat,ss the leaf,sector 85,1.87,7780.0,3,4,3,7.0,Relatively New,U69585524,2225.0,0,0,0,0,0,0,49
flat,assotech blith,sector 99,1.6,6667.0,3,4,0,15.0,New Property,J68368410,2400.0,0,0,0,0,0,0,51
flat,indiabulls enigma,sector 110,3.49,10264.0,4,5,3,7.0,Relatively New,J69708120,3077.0,0,0,0,1,0,0,165
house,independent,sector 41,7.0,28283.0,7,7,3+,3.0,Moderately Old,V70083546,2475.0,1,1,1,1,0,1,151
flat,ireo the corridors,sector 67a,1.8,9370.0,3,3,2,3.0,New Property,Y69734306,1551.0,1,0,1,0,0,2,150
house,independent,sector 14,3.4,15111.0,3,3,3,1.0,Old Property,N69165562,2250.0,0,0,0,0,0,0,32
flat,godrej oasis,sector 88a,1.15,7116.0,2,2,3,14.0,Relatively New,T69537352,1380.0,1,1,0,0,0,0,174
flat,sobha city,sector 108,3.95,16858.0,3,5,2,15.0,New Property,O69825236,2343.0,0,0,0,1,0,0,118
flat,signature global solera,sector 107,0.36,5980.0,2,2,1,7.0,Relatively New,C69403800,598.0,0,0,0,0,1,0,49
flat,shapoorji pallonji joyville gurugram,sector 102,1.76,10224.0,3,3,3,1.0,Relatively New,X69558006,1531.0,0,0,0,0,0,0,100
house,independent,sector 26,4.6,12198.0,4,4,3+,2.0,Old Property,J70115540,3771.0,0,0,0,0,0,0,28
flat,orchid petals,sector 49,1.95,9972.0,3,3,3,2.0,Old Property,S68198438,1633.0,0,0,0,0,0,2,90
flat,hsiidc sidco aravali,manesar,0.9,3477.0,3,3,3+,8.0,Moderately Old,T68198930,1900.0,0,0,0,1,0,0,23
flat,the close south,sector 50,3.25,12810.0,3,4,3+,4.0,Old Property,V68856144,2819.0,0,0,0,1,0,2,135
flat,shree vardhman victoria,sector 70,1.67,14384.0,3,5,3,5.0,Moderately Old,S69714046,1527.0,0,0,0,1,0,0,108
flat,chd avenue,sector 71,1.1,6104.0,3,4,3,3.0,Moderately Old,N69335420,1631.0,0,0,0,1,0,0,26
flat,eros wembley estate,sector 50,1.4,10174.0,3,3,2,9.0,Relatively New,K69325724,1245.0,0,0,1,0,0,2,117
flat,signature global solera,sector 107,0.52,8062.0,3,2,2,5.0,Relatively New,K69308884,717.0,0,0,0,0,1,0,15
flat,ss the leaf,sector 85,2.15,7645.0,4,5,3+,1.0,Relatively New,O69449938,2545.0,0,0,0,1,0,0,165
flat,mapsko mount ville,sector 79,1.28,8557.0,3,3,3,16.0,Relatively New,R69849560,1265.0,1,0,0,0,0,2,128
flat,tulip violet,sector 69,1.7,10773.0,3,3,2,0.0,Relatively New,B69392906,1428.0,0,1,0,0,0,0,49
flat,shree vardhman flora,sector 90,0.8,5925.0,2,3,2,0.0,Relatively New,A69240906,1350.0,0,0,0,0,0,0,60
flat,bestech altura,sector 79,1.9,9000.0,3,4,2,11.0,New Property,F69661380,2389.0,0,0,0,1,0,0,49
flat,supertech araville,sector 79,0.78,6024.0,2,2,3+,0.0,New Property,V43914833,1172.0,0,0,0,0,1,0,74
flat,satya the hermitage,sector 103,1.12,5625.0,3,4,3+,9.0,New Property,L70174470,1734.0,0,0,0,1,0,0,49
flat,signature global park,sohna road,0.68,8252.0,2,2,2,3.0,New Property,G69187626,916.0,0,0,0,0,0,0,113
flat,dlf the ultima,sector 81,2.3,10936.0,3,3,3+,19.0,Relatively New,E69864862,1617.0,1,1,0,1,1,1,49
flat,pivotal devaan,sector 84,0.34,7039.0,2,2,1,1.0,Relatively New,R69547284,537.0,0,0,1,0,0,2,84
flat,antriksh heights,sector 84,0.85,4927.0,3,3,3+,10.0,Relatively New,C69994078,1561.0,1,0,0,0,0,0,52
house,emaar mgf marbella,sector 66,8.7,38667.0,4,5,2,3.0,New Property,Q69453972,2250.0,1,0,0,1,0,0,144
flat,m3m woodshire,sector 107,1.21,6227.0,3,3,3,7.0,Moderately Old,W69550374,1713.0,0,0,0,0,0,2,126
flat,silverglades the melia,sohna road,0.75,5555.0,2,2,2,4.0,Moderately Old,V69034064,1350.0,0,0,0,0,0,0,70
flat,godrej icon,sector 88a,1.62,10018.0,3,2,3+,10.0,Relatively New,U69075862,1463.0,1,0,0,0,0,1,49
flat,godrej nature plus,sector 33,1.65,14335.0,2,2,3,1.0,Under Construction,C68213464,1279.0,0,0,0,0,0,0,38
flat,tata primanti,sector 72,3.19,12152.0,4,5,3+,20.0,Relatively New,D69326428,2376.0,0,0,0,1,0,2,159
flat,parsvnath exotica,sector 53,4.8,16580.0,3,4,3+,8.0,Relatively New,I69204662,2500.0,0,1,0,1,1,2,174
flat,mapsko mount ville,sector 79,1.3,8024.0,3,3,2,6.0,Relatively New,P69665214,1215.0,1,1,0,0,0,0,151
flat,dlf the arbour,sector 63,7.52,19000.0,4,4,3,15.0,New Property,R69967702,3956.0,0,0,0,0,0,0,61
flat,signature global solera,sector 107,0.28,5725.0,2,2,2,10.0,Relatively New,R69242440,543.0,0,0,0,0,0,0,38
flat,tulsiani easy in homes,sohna road,0.4,7920.0,2,2,3,9.0,Under Construction,S63469070,561.0,0,0,0,0,0,0,36
house,independent,sector 7,0.45,5000.0,3,2,0,1.0,Old Property,R69166614,1000.0,0,0,0,0,0,0,0
flat,emaar gurgaon greens,sector 102,1.4,13690.0,3,3,3,7.0,Relatively New,F69028418,1315.0,0,0,0,1,0,0,67
flat,m3m golfestate,sector 65,6.15,15998.0,3,5,3+,1.0,Relatively New,W69736860,4271.0,0,0,0,1,0,1,49
flat,breez global hill view,sohna road,0.35,5600.0,2,2,2,14.0,Relatively New,A70147556,694.0,0,0,0,0,0,0,98
flat,paras dews,sector 106,0.87,9255.0,2,2,3+,1.0,New Property,X69767456,1120.0,0,0,0,0,0,0,174
flat,sare homes,sector 92,0.95,4750.0,4,3,2,17.0,New Property,J57458556,1983.0,0,0,0,0,0,0,7
flat,ansals highland park,dwarka expressway,1.2,6185.0,3,3,3+,4.0,Under Construction,M61073986,1940.0,0,0,0,1,0,0,0
house,huda floor,sector 38,4.0,22222.0,4,9,3+,2.0,Relatively New,Y69769594,4800.0,0,1,1,0,0,2,152
house,independent,sector 31,4.6,32258.0,2,2,2,2.0,Moderately Old,R68564090,1426.0,0,0,0,0,0,0,0
flat,experion windchants,sector 112,2.5,13888.0,2,2,3,10.0,Relatively New,X69128918,1939.03,1,1,0,0,0,2,174
flat,godrej oasis,sector 88a,1.5,8108.0,3,3,3+,11.0,New Property,R41823271,1674.0,0,0,0,0,0,0,39
flat,orris aster court premier,sector 85,1.25,5896.0,3,4,2,5.0,Relatively New,F59189772,1900.0,0,0,0,1,0,2,174
flat,imperia the esfera,sector 37c,0.99,5500.0,3,3,1,10.0,New Property,N70028090,1643.0,0,0,0,1,0,0,49
house,eros rosewood city,sector 49,3.75,22046.0,3,3,1,2.0,Old Property,B68550854,1701.0,0,1,0,0,0,2,6
house,international city by sobha phase 1,sector 109,5.7,10556.0,4,5,3+,3.0,Relatively New,N69283292,5400.0,1,1,1,1,0,0,160
flat,ambience creacions,sector 22,2.55,13709.0,3,3,3,8.0,Relatively New,H70126464,1860.0,0,0,0,0,1,2,125
flat,m3m woodshire,sector 107,1.3,8922.0,3,3,3+,4.0,Relatively New,B67389294,1554.0,0,1,0,0,0,2,174
house,independent,sector 4,3.25,14444.0,3,3,2,2.0,Old Property,J65967930,2250.0,0,0,0,0,0,0,27
flat,sare green parc phase 3,sector 92,1.08,5150.0,4,4,2,16.0,New Property,A46782853,1891.0,0,0,0,1,0,0,107
flat,signature global city 81,sector 81,0.89,8279.0,2,2,2,3.0,Under Construction,M68963232,1194.0,0,0,0,0,1,0,20
flat,tarc maceo,sector 91,1.8,7758.0,4,3,3+,0.0,Relatively New,Q70100554,2578.0,1,1,0,0,0,1,45
flat,shyamkunj ashok vihar pahse 2,sector 3 phase 2,0.3,4444.0,2,2,1,1.0,Relatively New,M68213978,750.0,0,0,0,0,0,0,21
house,independent,sector 7,1.15,8518.0,5,3,2,2.0,Old Property,R69883382,1350.0,0,1,0,0,0,0,15
house,uppal southend,sector 49,4.4,15278.0,6,6,3,3.0,Moderately Old,V68250404,2880.0,1,1,1,1,0,1,110
flat,signature global park,sohna road,0.54,7248.0,2,1,3,1.0,New Property,X69066898,828.0,0,0,0,0,0,0,65
house,independent,sector 91,3.6,14815.0,4,4,3,2.0,New Property,R69964752,2430.0,0,0,0,0,0,2,49
flat,dlf new town heights,sector 90,1.9,5683.0,4,4,3+,7.0,Relatively New,N43831871,2468.0,0,1,0,1,0,0,88
flat,emaar mgf palm hills,sector 77,1.9,9500.0,3,4,3+,6.0,New Property,F70162682,1582.0,0,0,0,1,0,2,42
house,independent,sector 21,0.45,8411.0,3,2,1,1.0,Old Property,X69854254,594.0,0,0,0,0,0,0,0
flat,m3m sky lofts,sector 71,0.9,13177.0,1,1,0,6.0,New Property,Q70179600,683.0,0,0,0,0,0,0,77
flat,ramprastha primera,sector 37d,1.02,6000.0,3,2,3,22.0,Under Construction,Q67217474,1538.0,0,0,0,0,0,0,43
flat,raheja vedaanta,sector 108,1.0,4854.0,2,2,2,0.0,Relatively New,L70031164,2060.0,0,0,0,0,0,0,0
flat,shapoorji pallonji joyville gurugram,sector 102,1.41,10307.0,2,2,3,0.0,Relatively New,N69316338,1238.0,0,0,0,0,1,0,49
flat,sobha city,sector 108,2.45,14040.0,3,3,3,15.0,Relatively New,U70067818,1460.0,0,0,0,0,0,0,49
flat,tulip violet,sector 69,1.76,9513.0,3,4,2,0.0,Relatively New,V69722022,1674.0,0,0,0,0,0,0,157
flat,gls avenue 51,sector 92,0.45,7614.0,2,2,1,10.0,New Property,M62215626,646.0,1,0,0,0,0,2,20
flat,ild greens,sector 37c,0.95,5066.0,3,3,3+,0.0,New Property,C67438794,1697.0,0,0,0,0,0,0,51
flat,supertech araville,sector 79,0.9,6950.0,2,2,0,12.0,Relatively New,E68021654,1295.0,0,0,0,0,0,0,0
house,vipul tatvam villa,sector 48,6.4,24691.0,3,4,3,2.0,Relatively New,I69883330,2592.0,1,0,1,1,0,2,148
house,emaar mgf marbella,sector 66,9.01,16066.0,4,4,3+,3.0,Relatively New,X69959612,5607.9919,0,0,1,1,0,0,122
flat,godrej,sector 79,2.01,8495.0,3,4,3+,6.0,Relatively New,Z69484588,2141.0,0,0,0,1,0,0,158
flat,central park flower valley,sector 33,2.3,12777.0,4,4,3+,5.0,New Property,E69609918,2000.0,0,1,0,1,0,0,42
flat,ansal heights,sector 92,0.6,4546.0,2,2,3,11.0,Under Construction,U38642171,1195.0,0,0,0,0,1,0,23
flat,signature global solera,sector 107,0.3,6134.0,2,2,1,5.0,Relatively New,R50229778,544.0,0,0,0,0,0,0,57
flat,ss the leaf,sector 85,1.25,10888.0,2,2,3+,17.0,Relatively New,X69884956,1426.0,0,0,1,0,0,0,156
flat,unitech heritage city,sector 14,4.26,13108.0,4,4,0,9.0,Old Property,J69091360,3250.0,0,0,0,0,0,0,0
flat,siddhartha apartment,sector 95,0.72,3664.0,3,3,2,4.0,Relatively New,W43918929,1800.0,0,0,0,0,1,0,21
flat,ss the leaf,sector 85,1.14,6433.0,2,2,3,16.0,Relatively New,D69824212,1604.0,0,0,0,0,0,0,44
flat,eldeco accolade,sohna road,1.35,6136.0,3,3,3,2.0,New Property,U57222896,2444.0,0,0,0,1,0,0,72
flat,nagata group housing society,sector 1,0.85,3695.0,3,3,3+,4.0,Relatively New,W68198492,2081.0,0,0,0,1,0,0,5
house,independent,sector 67,1.5,8642.0,5,3,2,2.0,New Property,L68022348,200.0,0,0,0,0,0,0,0
house,independent,sector 12,0.7,4117.0,4,4,1,2.0,Moderately Old,C69983014,1700.0,0,0,0,0,0,0,0
house,independent,sector 45,16.0,35003.0,6,7,3+,3.0,Relatively New,A64501138,4500.0,1,1,1,1,0,2,105
flat,indiabulls centrum park,sector 103,1.01,8080.0,2,2,3,5.0,Relatively New,K69069814,1338.0,0,0,1,0,0,2,165
flat,ashiana anmol,sohna road,0.99,8215.0,2,2,2,6.0,Under Construction,G69685226,1045.0,0,0,0,0,0,0,49
flat,sobha city,sector 108,3.35,13266.0,3,4,2,19.0,New Property,Z67172840,2525.0,0,0,0,0,0,0,102
flat,bptp astaire gardens,sector 70a,1.2,7058.0,3,3,3+,2.0,Relatively New,G69941916,1450.0,0,0,0,0,0,1,38
flat,ats triumph,sector 104,1.73,7554.0,3,4,3+,15.0,Relatively New,P68670840,2072.0,0,0,0,1,0,0,159
flat,tulip violet,sector 69,1.4,8856.0,3,3,2,9.0,Relatively New,X68278208,1428.0,0,1,0,0,0,0,120
flat,ats kocoon,sector 109,1.6,9169.0,3,3,3,10.0,Relatively New,U68138998,1550.0,0,0,0,0,0,0,86
flat,godrej nature plus,sector 33,1.2,13369.0,2,2,0,11.0,Under Construction,I69588098,85.0,0,0,0,0,0,0,56
house,nul,sector 25,6.25,34722.0,5,5,3,2.0,Moderately Old,C68371626,1800.0,0,1,0,1,0,2,112
flat,sare crescent parc royal greens phase 1,sector 92,0.5,5000.0,2,2,3,2.0,Relatively New,J69634490,1000.0,0,0,0,0,0,0,0
flat,paras dews,sector 106,0.95,6859.0,2,2,3+,2.0,Relatively New,B70066954,940.0,0,0,0,0,0,0,49
flat,vipul lavanya,sector 81,0.6,6666.0,2,2,1,0.0,Relatively New,P69554534,1000.0,0,0,0,0,0,0,49
house,independent,sector 14,4.15,18444.0,5,4,2,2.0,Old Property,E69326398,2250.0,0,0,0,0,0,2,51
flat,tulip ivory,sector 70,2.35,9791.0,4,4,3+,8.0,Moderately Old,J69769036,2667.0,0,0,0,1,0,0,108
flat,mrg world ultimus,sector 90,0.5,6983.0,2,2,2,1.0,Under Construction,K68195520,796.0,0,0,0,0,0,0,21
flat,elan mercado,sector 80,0.85,12408.0,1,1,1,15.0,Relatively New,A67150216,761.0,0,0,0,0,0,0,60
flat,orris aster court premier,sector 85,1.45,6839.0,3,4,2,3.0,New Property,V69344024,1616.0,0,0,0,1,0,0,16
house,international city by sobha phase 1,sector 109,6.0,9634.0,4,5,3,2.0,Moderately Old,D69749214,6228.0,0,0,0,0,0,0,76
flat,tulip purple,sector 69,1.92,8000.0,4,5,3+,5.0,Relatively New,O69569386,2172.0,0,0,0,1,0,2,158
flat,shapoorji pallonji joyville gurugram,sector 102,2.5,14000.0,3,3,3,15.0,Under Construction,S70038400,1653.0,0,0,0,0,0,0,151
flat,godrej,sector 79,1.28,8504.0,3,3,3,7.0,Relatively New,W69485350,1362.0,0,0,0,0,0,0,158
house,independent,sector 7,2.25,15625.0,3,3,2,2.0,Old Property,U67242684,1440.0,0,0,0,0,0,2,27
flat,the lions cghs,sector 56,2.05,8541.0,4,4,3+,8.0,Moderately Old,G70154506,2667.0,0,0,0,0,0,2,49
flat,ats triumph,sector 104,2.65,8412.0,4,4,3+,14.0,Relatively New,M69157638,2898.0,0,0,0,1,0,0,21
house,vatika signature villas,sector 82,4.7,21759.0,3,3,3+,3.0,New Property,T67390688,2160.0,0,0,0,1,0,0,33
house,independent,sector 4,1.9,8444.0,4,3,2,2.0,Moderately Old,G69479028,211.0,0,1,1,0,0,2,46
house,vipul tatvam villa,sector 48,19.5,22222.0,5,6,3,2.0,Moderately Old,Q69047570,8775.0,1,1,1,1,0,2,110
flat,shree vardhman flora,sector 90,0.92,4906.0,3,4,3,4.0,Relatively New,I68039286,1493.0,0,0,0,1,0,0,116
flat,aipl the peaceful homes,sector 70a,2.8,11914.0,3,4,3,22.0,Relatively New,N70121956,2350.0,0,0,0,1,0,0,49
flat,gls arawali homes,sohna road,0.27,4687.0,2,2,2,1.0,New Property,P59991732,640.0,0,0,0,0,0,0,35
flat,vatika city homes,sector 83,1.08,6206.0,3,3,3,6.0,Relatively New,U69729074,1537.0,0,0,1,0,0,0,111
flat,ramsons kshitij,sector 95,0.33,3911.0,2,2,1,14.0,New Property,N62052196,694.0,0,0,0,0,1,2,79
flat,paras dews,sector 106,1.15,7419.0,3,3,3,11.0,Relatively New,C69626052,1650.0,0,1,0,1,0,2,174
flat,bestech park view residency,sector 2,1.36,7646.0,3,3,3+,5.0,Moderately Old,X68401148,1611.0,0,0,0,0,0,0,84
flat,m3m capital,sector 113,2.57,15575.0,4,5,3+,25.0,Under Construction,B68315926,2060.0,1,0,0,0,0,2,79
flat,emaar mgf palm hills,sector 77,1.25,8620.0,3,4,3,1.0,Relatively New,T69205518,1611.0,0,0,0,1,0,2,104
flat,mvn athens,sohna road,0.25,3671.0,2,2,1,11.0,Relatively New,Q70054460,681.0,0,0,0,0,0,2,67
flat,gls arawali homes,sohna road,0.29,6035.0,2,2,2,9.0,Relatively New,W69911344,534.0,0,0,0,0,0,0,55
flat,birla navya,sector 63a,3.7,15416.0,3,3,3+,1.0,Under Construction,W66533824,2667.0,0,0,0,0,0,0,72
flat,godrej,sector 79,2.0,8453.0,3,4,3+,2.0,Relatively New,O69003136,2629.0,0,0,0,1,0,2,156
flat,indiabulls enigma,sector 110,3.4,10000.0,4,5,3,10.0,Relatively New,R69549220,3000.0,0,0,0,1,0,0,152
house,eldeco mansionz,sector 48,5.0,21367.0,7,7,3,2.0,Moderately Old,R70114886,2340.0,0,0,0,0,0,2,40
flat,signature global solera,sector 107,0.28,5623.0,2,2,2,14.0,Relatively New,Z69242412,543.0,0,0,0,0,0,0,38
house,independent,sector 25,6.5,36111.0,4,3,3,3.0,Moderately Old,Q70088736,1800.0,1,1,0,0,0,0,19
house,spaze privy,sector 72,3.1,8486.0,5,5,3+,21.0,Relatively New,I69930432,3653.0,0,0,0,0,0,0,0
flat,godrej meridien,sector 106,3.2,16000.0,3,3,3+,6.0,Under Construction,L68771822,2224.0,0,0,0,1,0,0,49
flat,pareena coban residences,sector 99a,1.56,7811.0,3,5,3,4.0,New Property,Z70031022,1807.0,0,0,0,1,1,0,49
flat,pyramid urban homes 2,sector 86,0.41,8283.0,2,2,1,7.0,New Property,J68669646,557.0,1,1,0,1,1,0,49
house,independent,sector 2,2.5,16056.0,4,4,2,4.0,Old Property,Q65612308,1557.0,0,0,0,0,0,0,17
house,independent,sector 105,9.9,49500.0,2,2,2,3.0,Moderately Old,J66250436,2000.0,0,0,0,0,0,0,0
flat,smart world orchard,sector 61,2.5,16139.0,3,3,1,1.0,Under Construction,K69876578,1549.0,0,0,0,0,0,0,61
flat,orchid petals,sector 49,4.52,10984.0,5,5,3+,14.0,Moderately Old,K69732128,3724.0,1,1,0,1,0,0,49
flat,m3m woodshire,sector 107,1.65,5960.0,4,5,3+,12.0,Relatively New,I68360600,2505.0,0,0,0,1,0,0,21
flat,emaar palm gardens,sector 83,3.15,8400.0,5,7,3+,15.0,Relatively New,J69236342,3200.0,0,0,0,1,0,2,165
flat,emaar gurgaon greens,sector 102,1.6,9696.0,3,3,3,8.0,Relatively New,I70126602,1315.0,0,0,0,0,0,0,46
flat,rail vihar cghs,sector 56,1.35,10384.0,3,2,2,1.0,Old Property,V69706736,1275.0,0,0,0,0,1,0,159
flat,adani aangan galleria,sector 89,0.25,5000.0,1,1,1,6.0,New Property,P66797320,430.0,0,0,0,0,0,0,74
house,ansals palam vihar,sector 2,2.75,17662.0,3,3,3,2.0,Moderately Old,E69690248,1557.0,1,1,0,0,0,2,15
flat,emaar palm heights,sector 77,2.1,10370.0,3,3,3,17.0,New Property,M66237678,1833.0,1,0,0,1,0,0,8
house,independent,sector 11,0.9,10000.0,2,4,3+,4.0,Moderately Old,R65475420,900.0,0,0,0,0,0,0,7
flat,ild greens,sector 37c,0.95,9223.0,2,2,3+,11.0,Relatively New,K69393628,1179.0,0,1,1,0,0,2,119
flat,shree vardhman victoria,sector 70,1.15,8518.0,2,2,2,6.0,Relatively New,Q69083398,1500.0,1,0,0,0,0,0,85
flat,hcbs sports ville,sohna road,0.32,5517.0,2,2,1,7.0,New Property,A58263532,644.0,0,0,0,0,0,0,37
flat,signature global city,sector 37d,1.25,6082.0,3,3,3,4.0,Under Construction,H69851460,2283.0,0,0,0,0,0,0,16
flat,indiabulls centrum park,sector 103,1.65,8250.0,3,3,3+,15.0,Relatively New,V69886138,1683.0,1,0,0,0,0,0,38
flat,shri ram apartments,sector 4,0.46,5111.0,2,2,1,1.0,Relatively New,M67722756,1000.0,0,0,0,0,0,2,69
flat,ss,sector 85,2.14,7610.0,4,4,3,6.0,Relatively New,M70087436,2300.0,1,1,0,1,0,0,49
flat,corona optus,sector 37c,1.25,8928.0,3,3,3,2.0,Relatively New,Y70043972,1563.0,1,0,0,0,0,0,49
flat,pareena coban residences,sector 99a,1.13,5658.0,3,5,3,5.0,Relatively New,O68920324,1790.0,0,0,0,1,1,0,49
flat,corona optus,sector 37c,1.2,6916.0,3,4,3,8.0,Relatively New,A69464642,1635.0,0,0,0,0,0,0,149
flat,zara aavaas,sector 104,0.4,7036.0,2,2,1,4.0,Relatively New,S56426314,514.0,0,0,0,0,0,0,52
flat,sukhshanti apartment,sector 56,1.65,7006.0,3,3,3+,5.0,Moderately Old,U69297024,2131.0,1,0,0,0,0,2,134
flat,paras dews,sector 106,1.25,11061.0,3,4,3+,7.0,Relatively New,J69531810,1186.0,1,0,0,1,0,0,167
house,independent,sector 3,0.9,8928.0,3,1,0,1.0,Moderately Old,E70113272,1008.0,0,0,0,0,0,0,0
flat,tulip orange,sector 70,1.1,8148.0,3,2,2,5.0,Relatively New,S69737856,1350.0,0,0,0,0,0,0,0
house,independent,sector 3,0.92,15257.0,4,1,0,1.0,Moderately Old,B69062474,603.0,0,0,0,0,0,0,0
flat,krisumi waterfall residences,sector 36a,3.65,14381.0,3,3,2,17.0,New Property,I69706594,2297.0,0,0,0,0,0,0,31
flat,vatika gurgaon,sector 83,1.1,6051.0,3,3,3,12.0,Relatively New,V67219316,1570.0,0,0,0,1,0,2,66
flat,m3m woodshire,sector 107,1.01,7394.0,2,2,3+,11.0,New Property,P22187629,1200.0,0,0,0,0,1,0,74
flat,ireo skyon,sector 60,3.6,12815.0,4,5,3,24.0,Relatively New,O69237000,2604.0,0,0,0,1,0,2,49
house,malibu towne,sector 47,8.81,27191.0,8,6,3+,3.0,Moderately Old,M69463338,3240.0,1,0,0,1,1,2,27
flat,ss the leaf,sector 85,2.2,6934.0,4,5,3+,4.0,Relatively New,H66299578,2545.0,0,0,0,0,0,0,106
flat,ireo the corridors,sector 67a,2.08,12044.0,3,3,2,6.0,Under Construction,W32639849,1563.0,0,0,0,0,1,0,55
flat,pioneer urban presidia,sector 62,7.15,16486.0,4,5,3+,7.0,Relatively New,A68758618,3925.0,1,0,1,1,0,2,158
flat,adani m2k oyster grande,sector 102,2.5,7817.0,4,5,3+,5.0,Relatively New,O66498046,2894.0,0,0,0,1,0,0,76
flat,corona optus,sector 37c,1.27,7203.0,3,3,3,2.0,Relatively New,U70043904,1581.0,1,0,0,0,1,0,49
flat,supertech araville,sector 79,1.35,9000.0,2,2,3,6.0,New Property,L21848441,1350.0,1,0,0,0,1,2,88
flat,avl 36 gurgaon,sector 36a,0.65,8953.0,2,2,2,7.0,Relatively New,B67060802,657.0,0,0,0,0,0,0,89
flat,ambience lagoon,sector 24,5.8,12500.0,3,4,3+,9.0,Old Property,J18888617,3700.0,1,1,0,1,1,1,68
flat,eldeco accolade,sohna road,0.96,6571.0,2,2,3+,14.0,Relatively New,W69773168,1131.0,1,0,0,0,0,0,151
flat,silverglades the melia,sohna road,0.78,5777.0,2,2,3,9.0,Under Construction,G56183810,1222.0,1,0,0,0,0,0,72
house,dlf city plots phase 3,sector 24,1.6,3292.0,8,5,3+,4.0,Old Property,N61562702,540.0,0,0,0,0,0,0,8
flat,pareena mi casa,sector 68,0.92,7389.0,2,2,3,5.0,Under Construction,O20402717,1127.0,0,0,0,0,1,0,50
flat,ss,sector 85,2.1,7467.0,4,4,3,2.0,Relatively New,R70087176,2600.0,0,0,0,0,0,0,49
house,ansals florence villa,sector 57,3.65,10579.0,6,6,2,3.0,Moderately Old,X69488470,3450.0,1,1,1,1,0,1,152
flat,emaar palm gardens,sector 83,1.4,9675.0,3,3,3,11.0,Relatively New,Q68168688,1582.0,0,0,0,1,0,1,58
house,independent,sector 17,9.5,23457.0,8,8,3,3.0,Relatively New,P69309028,4050.0,1,0,0,0,0,2,27
flat,signature global park,sohna road,0.78,6446.0,3,3,3,3.0,Relatively New,N69365196,1344.0,0,1,0,0,0,0,150
flat,kashish manor one,sector 111,1.65,7097.0,3,4,3+,14.0,Under Construction,L19055997,2104.0,0,0,0,1,1,0,8
flat,supertech hues,sector 68,1.0,8474.0,2,2,2,12.0,New Property,G60847090,1311.0,0,0,0,0,0,0,54
flat,corona optus,sector 37c,1.26,7250.0,3,3,3,4.0,New Property,G69594300,1400.0,0,0,0,0,0,0,28
flat,sapphire eighty three,sector 83,0.65,9286.0,1,1,0,6.0,Relatively New,C68022584,700.0,0,0,0,0,0,0,0
house,independent,sector 55,4.6,21296.0,3,3,3+,2.0,Old Property,B69565628,2160.0,0,1,1,1,0,2,37
flat,ramsons kshitij,sector 95,0.22,6470.0,1,1,1,2.0,New Property,N52301370,308.0,0,0,0,0,0,0,0
house,unitech nirvana birch court,sector 50,11.95,36883.0,3,3,2,1.0,Moderately Old,T69900704,3240.0,1,0,0,1,0,0,101
house,independent,sector 103,2.25,6367.0,3,5,3+,10.0,Relatively New,R68478332,3534.0,0,0,0,0,0,0,0
flat,conscient one,sector 109,1.7,17617.0,1,1,2,9.0,Relatively New,C68597238,965.0,0,0,0,0,0,0,0
house,unitech aspen greens,sector 50,6.95,4490.0,3,3,1,2.0,Moderately Old,C69454118,2160.0,0,0,0,1,0,0,160
flat,ambience lagoon,sector 24,4.25,13281.0,3,4,3+,3.0,Old Property,Z69119494,3201.0,0,0,1,1,0,2,131
flat,shapoorji pallonji joyville,sector 102,1.1,12022.0,2,2,1,7.0,Relatively New,K69058384,915.0,0,0,0,0,0,0,0
flat,experion windchants,sector 112,3.65,12312.0,3,4,3+,14.0,Relatively New,R62216030,2225.56,0,0,0,1,0,2,150
flat,m3m golfestate,sector 65,5.4,18126.0,3,4,3,19.0,Moderately Old,X69762008,2696.0,1,0,0,1,0,2,174
flat,paras dews,sector 106,1.34,9550.0,4,5,3+,7.0,Relatively New,I69432752,1535.0,0,0,0,1,0,0,49
flat,aipl zen residences,sector 70a,1.4,11094.0,2,2,2,16.0,Relatively New,T69982464,1262.0,0,0,0,0,0,0,0
flat,pareena laxmi apartments,sector 99a,0.31,5904.0,2,2,2,6.0,New Property,H70058650,583.0,0,0,0,0,0,0,74
flat,ireo the grand arch,sector 58,2.2,16000.0,2,2,2,6.0,Relatively New,D69199860,1244.0,0,0,0,0,0,0,42
flat,emaar mgf emerald floors premier,sector 65,2.8,16969.0,4,4,3,2.0,Relatively New,V69389658,1650.0,1,0,0,0,0,2,89
flat,la vida by tata housing,sector 113,1.5,11755.0,2,2,2,13.0,New Property,N68564716,1418.0,0,0,0,0,0,0,71
flat,trisara our homes 3,sohna road,0.38,6312.0,2,2,2,1.0,Relatively New,P68881374,602.0,0,0,0,0,0,0,0
flat,vatika emilia floors,sector 83,0.6,5714.0,2,2,2,1.0,Relatively New,U69339966,990.0,0,0,0,0,0,2,167
house,vatika signature villas,sector 82,3.2,14351.0,3,4,3,1.0,New Property,I65064814,2160.0,1,1,1,1,0,0,66
house,independent,sector 23,2.7,18620.0,5,5,2,3.0,Old Property,K68370728,1450.0,0,0,0,0,0,2,17
flat,experion the heartsong,sector 108,3.0,18392.0,4,5,3+,2.0,Relatively New,S69976164,2204.25,0,0,0,1,0,1,149
house,independent,sector 3,0.6,6000.0,1,1,0,1.0,Moderately Old,Q67785990,1000.0,0,0,0,0,0,0,0
flat,ss the leaf,sector 85,1.1,9565.0,2,2,3,10.0,Relatively New,M69399790,1600.0,0,1,0,0,0,0,150
house,independent,sector 3,0.68,3874.0,5,3,0,1.0,Moderately Old,D68593046,1755.0,0,0,0,0,0,0,0
flat,kiran residency,sector 56,1.55,6888.0,3,3,3+,5.0,Moderately Old,U69829328,1900.0,0,1,0,1,0,2,92
flat,chd avenue,sector 71,1.25,6597.0,3,4,2,14.0,Relatively New,M68092930,1577.0,1,1,0,1,1,1,128
flat,bptp terra,sector 37d,2.08,10000.0,4,4,3,0.0,New Property,H69558740,2211.0,1,1,0,1,0,0,121
house,independent,sector 8,0.82,9111.0,2,3,3,2.0,Moderately Old,K69990342,900.0,0,0,0,0,0,0,12
flat,kiran residency,sector 56,1.55,7750.0,3,3,3+,5.0,Old Property,V69199668,1800.0,0,1,0,1,1,0,166
flat,shree vardhman flora,sector 90,0.65,4961.0,2,2,3,11.0,Relatively New,N69126336,1225.0,1,0,0,0,0,2,49
flat,signature andour heights,sector 71,0.6,10000.0,2,2,1,5.0,Relatively New,Q56425980,557.0,0,1,0,0,0,0,59
house,independent,sector 38,4.0,21786.0,6,6,3+,4.0,Old Property,F69521040,1836.0,1,1,0,1,1,2,137
flat,vatika xpressions,sector 88b,0.92,7360.0,2,2,2,3.0,Relatively New,Z69531440,1300.0,0,1,0,0,0,0,174
flat,tata primanti,sector 72,3.5,11428.0,4,5,3+,16.0,Relatively New,G16283577,2625.0,0,0,0,1,1,0,31
flat,ats triumph,sector 104,2.6,8253.0,4,4,3+,12.0,Relatively New,S68587250,2851.0,0,0,0,1,0,0,118
flat,dlf the grove,sector 43,6.0,25000.0,4,4,2,1.0,Under Construction,E69846304,2667.0,0,0,0,1,0,2,49
flat,unitech vistas,sector 70,0.99,6325.0,3,4,2,11.0,Under Construction,A65916402,1416.0,0,0,0,0,0,0,0
flat,green campus chs,manesar,0.92,4022.0,3,3,3+,8.0,Moderately Old,F68198434,1924.0,0,0,0,1,0,0,5
flat,assotech blith,sector 99,0.82,6007.0,2,2,3,0.0,New Property,O65985156,1365.0,0,0,0,0,0,0,51
flat,signature global park 4,sector 36,1.0,9900.0,3,2,3,2.0,New Property,U68941552,1122.0,0,0,0,0,0,0,128
house,dlf city phase 1,sector 26,5.5,30556.0,4,4,3+,2.0,Moderately Old,U69483020,1800.0,0,1,1,0,0,0,49
flat,godrej,sector 79,1.35,8970.0,3,3,2,7.0,Relatively New,Q69438420,1362.0,0,0,0,0,0,0,118
flat,ss the leaf,sector 85,1.2,7317.0,2,2,3,6.0,Relatively New,G69992530,1300.0,0,0,0,0,0,2,174
flat,dlf the arbour,sector 63,7.9,20000.0,4,4,3+,34.0,Under Construction,A69395700,3950.0,0,0,0,0,0,0,61
house,ats tourmaline,sector 109,1.87,8697.0,3,4,0,12.0,Relatively New,H69815482,2150.0,0,0,0,0,0,0,0
flat,breez global hill view,sohna road,0.3,5403.0,2,2,2,6.0,New Property,I68780016,605.0,0,0,0,0,0,0,109
house,independent,sector 4,0.61,11111.0,2,2,2,2.0,Moderately Old,B69408974,61.0,0,0,0,0,1,0,14
house,independent,sector 28,1.45,8000.0,3,2,1,1.0,Relatively New,O68021286,1800.0,0,0,0,0,0,0,0
flat,breez global heights,sohna road,0.4,6420.0,2,2,1,4.0,New Property,R68572186,615.0,0,0,0,0,0,0,49
flat,sunischit apartments,sector 54,1.69,7954.0,3,3,3+,5.0,Old Property,X69607964,1991.0,0,0,0,1,0,2,65
flat,unitech south park,sector 70,1.13,7000.0,3,3,2,1.0,Under Construction,D69281388,1457.0,0,0,0,0,0,0,46
flat,raheja atlantis,sector 31,5.5,18688.0,4,5,3+,1.0,Relatively New,Q70084598,2663.0,1,1,0,1,0,0,81
flat,shree vardhman flora,sector 90,1.25,4854.0,4,4,3,10.0,Relatively New,Y69236170,2861.0,1,1,0,0,0,0,174
flat,smart world orchard,sector 61,2.57,15766.0,3,3,2,3.0,Under Construction,S66339050,1630.0,1,0,0,0,0,0,0
house,ansal api spanish court,sector 2,2.9,18626.0,4,4,3,2.0,Relatively New,J12592219,1557.0,0,0,1,0,0,2,49
house,independent,sector 46,3.6,24845.0,5,5,3+,3.0,Moderately Old,V69469434,1449.0,0,0,0,1,0,2,75
house,independent,sector 24,6.5,22855.0,4,4,2,2.0,Old Property,J70255162,2844.0,0,1,0,0,0,0,35
house,independent,sohna road road,0.95,8920.0,3,10,3+,3.0,New Property,E61723906,1065.0,0,0,0,0,0,0,0
flat,ats marigold,sector 89,1.7,9714.0,3,3,3+,8.0,Under Construction,F69969730,1944.0,1,0,0,0,0,0,65
house,vipul tatvam villa,sector 48,22.0,26667.0,5,6,3,3.0,Moderately Old,F66657698,8250.0,0,0,0,1,0,0,54
house,nirvana cedar crest,sector 50,7.1,32870.0,5,4,3,2.0,Moderately Old,J69949690,2160.0,1,1,1,0,0,2,110
flat,m3m sierra 68,sector 68,1.05,8536.0,2,2,2,11.0,New Property,U69117548,1200.0,0,0,0,0,0,2,127
flat,ireo victory valley,sector 67,3.49,13000.0,3,3,3,19.0,Relatively New,Y66191024,2724.0,0,0,0,1,0,0,103
house,independent,sector 55,5.6,20741.0,6,4,3,3.0,Old Property,A69673016,2700.0,0,0,0,1,0,2,41
house,independent,sector 10a,1.7,18888.0,2,1,2,2.0,Old Property,G69173270,900.0,0,0,0,0,1,0,8
flat,jammu and kashmir bank employees cghs,sector 9a,0.94,6064.0,3,3,2,5.0,Moderately Old,K64593266,1722.0,0,0,0,0,0,2,85
flat,conscient heritage max,sector 102,2.15,9306.0,3,4,3,13.0,Relatively New,U69573286,1945.0,1,0,0,1,0,0,101
flat,suncity platinum towers,sector 28,7.0,22222.0,4,3,2,10.0,Moderately Old,W68297470,2488.0,0,0,0,1,0,0,31
flat,raheja vedaanta,sector 108,0.7,4651.0,2,2,2,12.0,Moderately Old,J70052074,1362.0,0,0,0,0,0,0,72
flat,shree vardhman victoria,sector 70,1.62,8307.0,3,5,3,9.0,Relatively New,C69936836,1527.0,0,0,0,1,0,0,43
flat,dlf belvedere towers,sector 25,3.7,17619.0,4,4,3,18.0,Old Property,L69620694,2333.0,0,0,0,1,0,2,26
flat,central park flower valley,sector 33,1.35,10384.0,3,2,2,3.0,New Property,N69795228,1444.0,0,0,0,0,0,0,87
house,independent,sector 55,1.45,26852.0,1,4,3+,4.0,Relatively New,R68970126,60.0,0,0,1,0,0,0,70
flat,ss the leaf,sector 85,1.85,7682.0,3,4,3,2.0,Relatively New,Z69461738,2179.0,1,0,0,1,0,2,49
flat,railway officers rpf society,sector 9a,1.25,6921.0,4,3,3,1.0,Old Property,G69748500,2007.0,0,0,0,1,0,2,12
flat,emaar mgf emerald floors premier,sector 65,2.35,14242.0,3,3,3,2.0,Relatively New,Q66912750,1493.0,1,0,0,1,0,2,168
house,independent,sector 3 phase 3 extension,0.75,6410.0,2,2,0,1.0,Moderately Old,R69772636,130.0,0,0,0,0,0,0,0
house,huda flats,sector 7,2.3,17037.0,5,3,3+,3.0,Old Property,I68303966,1350.0,1,1,0,1,0,0,27
flat,ss the leaf,sector 85,1.1,6318.0,2,2,3+,3.0,Relatively New,E69884678,1464.0,0,0,1,0,0,0,143
flat,avl 36 gurgaon,sector 36a,0.36,8990.0,1,1,1,7.0,Relatively New,S67074968,407.0,0,0,0,0,0,0,95
flat,m3m merlin,sector 67,2.78,13580.0,3,3,3+,4.0,Relatively New,J69098392,2047.0,0,1,0,0,0,2,157
flat,alpha corp gurgaonone,sector 84,2.28,8769.0,4,4,3+,8.0,Relatively New,Y69570694,2998.0,0,0,0,1,0,0,61
flat,tulip ivory,sector 70,5.0,10416.0,6,7,3+,0.0,Relatively New,N68921910,5333.0,1,0,0,1,0,0,119
flat,signature global park,sohna road,0.54,7200.0,2,2,2,4.0,Under Construction,R67547148,833.0,0,0,0,0,0,0,111
flat,m3m sierra 68,sector 68,1.25,10245.0,2,2,3,4.0,New Property,B67273936,938.0,0,0,0,0,0,0,44
flat,aipl joy square,sector 63a,0.7,10101.0,1,1,0,7.0,Under Construction,P70014532,693.0,0,0,0,0,0,0,0
flat,ireo skyon,sector 60,2.82,12818.0,3,3,3,2.0,Relatively New,E69439924,2400.0,0,0,0,1,0,2,174
flat,pyramid urban,sector 67a,0.56,7928.0,2,2,2,0.0,Relatively New,V69823998,778.0,0,0,0,0,1,0,49
house,unitech espace,sector 50,11.0,40741.0,4,4,3+,2.0,Moderately Old,O68535212,2700.0,0,0,0,1,0,2,88
flat,ansal heights,sector 92,0.72,4500.0,3,3,3,9.0,Relatively New,R69253696,1700.0,0,0,0,1,0,0,49
flat,ats triumph,sector 104,2.63,9563.0,4,4,3+,21.0,Relatively New,A69089142,2953.0,0,0,0,1,0,2,161
flat,m3m heights,sector 65,3.67,17990.0,3,3,2,27.0,Under Construction,U68312404,2040.0,0,0,0,1,0,0,43
flat,lord krishna,sector 12,2.7,8571.0,4,3,3,6.0,Old Property,Z68946778,3150.0,0,0,0,0,0,0,0
flat,bestech park view ananda,sector 81,1.4,7734.0,3,3,3+,6.0,Relatively New,A69156170,1475.0,0,0,0,0,0,0,95
flat,ss the leaf,sector 83,1.19,7225.0,2,2,3,4.0,Relatively New,F70085560,1630.0,0,0,0,0,0,0,49
flat,professional society,manesar,0.75,3067.0,3,4,3,3.0,Relatively New,A69377176,2717.0,0,0,0,1,0,0,21
house,independent,sector 4,0.47,3519.0,3,4,0,3.0,Moderately Old,A67904104,1350.0,0,0,0,0,0,0,0
flat,raheja revanta,sector 78,4.75,16885.0,3,3,2,31.0,Under Construction,E68833932,2813.0,0,0,0,1,0,0,100
flat,m3m golfestate,sector 65,4.94,16233.0,3,4,3,15.0,Moderately Old,N67917630,2754.0,0,0,0,1,0,0,165
flat,puri emerald bay,sector 104,2.6,15160.0,3,4,3+,5.0,Relatively New,Y69157790,2061.0,1,0,0,1,0,0,81
flat,capital residences 360,sector 70a,1.69,8552.0,3,3,3+,8.0,New Property,I70035180,1900.0,0,0,0,1,0,0,165
house,sheetla enclave,sector 5,0.96,10000.0,2,4,2,3.0,Moderately Old,C65281436,945.0,0,1,1,0,0,2,0
flat,dlf the skycourt,sector 86,1.5,7776.0,3,3,1,15.0,Relatively New,U69308792,1550.0,0,0,0,0,0,0,159
flat,spaze privvy the address,sector 93,1.25,6900.0,3,4,2,12.0,Relatively New,G66828720,1350.0,0,0,0,0,0,2,96
flat,shree vardhman victoria,sector 70,1.8,9230.0,3,3,3+,10.0,New Property,I69326592,1765.0,0,0,0,0,1,2,49
flat,irwo westend towers,sector 47,0.65,12059.0,1,1,2,3.0,Old Property,I69344720,599.0,0,0,0,0,0,0,56
flat,suncity avenue 76,sector 76,0.75,10204.0,2,2,2,11.0,Under Construction,U69653114,665.0,0,0,0,0,0,0,57
flat,signature andour heights,sector 71,0.65,10172.0,2,2,1,10.0,Relatively New,U70026016,590.0,0,0,0,0,0,2,23
flat,pioneer araya,sector 62,10.75,19500.0,5,7,3,10.0,Relatively New,J69118026,4990.0,0,0,0,1,0,2,153
house,independent,sector 9,3.5,13410.0,9,9,3+,3.0,Relatively New,W66824186,2610.0,1,0,0,0,0,0,23
flat,emaar palm premier,sector 77,2.1,10500.0,3,4,3+,11.0,New Property,T68605618,1600.0,0,0,0,1,0,2,129
flat,shapoorji pallonji joyville gurugram,sector 102,2.03,12000.0,3,3,2,1.0,New Property,G70098068,1337.0,0,0,0,0,0,0,67
flat,shapoorji pallonji joyville gurugram,sector 102,1.95,10529.0,3,3,3,10.0,Relatively New,F69125772,1676.0,0,0,0,0,0,0,59
house,independent,sector 9,0.6,10753.0,3,3,1,2.0,Relatively New,B68717324,558.0,0,0,0,0,0,0,0
flat,apex our homes,sector 37c,0.35,3783.0,2,2,1,7.0,Relatively New,P70095968,850.0,0,0,0,0,0,2,158
flat,dlf the ultima,sector 81,2.2,10461.0,3,3,3+,5.0,Relatively New,L69301106,1570.0,1,1,0,1,1,1,49
flat,puri diplomatic greens,sector 111,5.25,11666.0,4,6,3+,7.0,Relatively New,I61071446,4072.0,0,0,0,1,0,2,134
flat,dlf regal gardens,sector 90,1.26,7403.0,3,3,3,6.0,Relatively New,K69428214,1603.0,0,0,0,0,1,2,28
house,dlf new town heights,sector 91,2.5,7058.0,4,4,3+,3.0,Moderately Old,A68671054,3400.0,1,1,1,1,0,2,80
flat,puri diplomatic greens,sector 111,3.7,12542.0,4,5,3+,12.0,Relatively New,J66379228,2650.0,0,0,0,1,0,2,158
flat,bestech park view ananda,sector 81,0.95,6985.0,2,2,2,14.0,Relatively New,G69311146,1260.0,0,0,0,0,0,2,165
house,dlf city plots,sector 26,13.5,29880.0,5,5,3,2.0,Old Property,M68242740,4518.0,1,1,1,1,0,2,110
house,independent,sector 43,8.25,30556.0,5,6,3+,3.0,Moderately Old,F69489716,2700.0,1,1,1,1,0,2,64
house,unitech espace,sector 50,11.5,35494.0,5,6,0,1.0,Moderately Old,M68631410,3240.0,0,0,0,0,0,0,0
flat,orris carnation residency,sector 85,0.72,4881.0,3,3,2,9.0,Moderately Old,X64885444,1350.0,0,0,0,0,1,0,49
flat,conscient heritage max,sector 102,1.9,9783.0,3,4,3+,20.0,Relatively New,G69435466,1757.0,0,0,0,1,0,0,165
flat,ramshanti cooperative society,sector 52,1.76,7242.0,4,4,3+,12.0,New Property,W63152076,2199.0,0,0,0,0,0,0,0
house,independent,sector 14,6.4,20317.0,6,6,3+,3.0,Old Property,G70092112,3150.0,0,0,0,0,1,0,35
flat,ireo victory valley,sector 67,4.5,14097.0,4,4,3+,0.0,Relatively New,X70073600,3160.0,0,1,0,1,0,2,42
flat,ireo the corridors,sector 67a,1.7,9843.0,3,3,2,10.0,New Property,U68168784,1346.0,0,0,0,1,1,2,44
flat,ambience creacions,sector 22,1.65,11956.0,2,2,2,9.0,Relatively New,X70126650,1200.0,0,1,0,0,1,1,133
flat,sare crescent parc,sector 92,0.5,5000.0,2,2,3,2.0,Moderately Old,I69893694,905.0,0,0,0,0,0,0,38
house,independent,sector 57,7.25,26852.0,9,9,3+,2.0,New Property,K69590498,2700.0,0,1,0,1,1,2,49
flat,chd avenue,sector 71,1.0,6734.0,3,3,3+,3.0,Relatively New,W54082456,1344.0,0,0,0,0,0,2,7
flat,eldeco accolade,sohna road,0.73,5775.0,2,2,3,5.0,Relatively New,O69763896,978.0,0,1,0,0,0,0,33
house,hero homes,sector 104,1.95,21195.0,3,5,3+,2.0,Moderately Old,M68710216,920.0,0,0,0,0,0,0,64
flat,shree vardhman flora,sector 90,0.7,5177.0,2,2,3,9.0,New Property,Y61324016,1224.0,1,0,0,0,0,0,97
flat,orris aster court,sector 85,0.69,5221.0,2,2,2,5.0,Relatively New,L69846120,1075.0,0,0,0,0,0,0,37
flat,unitech uniworld gardens,sector 47,2.4,11505.0,3,4,3+,10.0,Moderately Old,L68514138,1916.0,0,0,0,1,0,0,103
flat,godrej oasis,sector 88a,1.5,8108.0,3,3,2,3.0,Relatively New,O53137952,2056.0,0,0,0,0,0,0,47
flat,shri ram apartments,sector 4,0.32,3368.0,2,2,1,4.0,Relatively New,I69742414,1056.0,0,0,0,0,0,2,7
flat,ats triumph,sector 104,2.3,10000.0,3,4,3+,15.0,New Property,T70127554,2544.0,0,0,0,1,0,0,117
flat,m3m skywalk,sector 74,2.7,13379.0,3,3,3,13.0,New Property,P69918002,2018.0,0,0,1,0,0,0,92
house,bptp visionnaire,sector 70a,5.35,8916.0,4,4,3+,3.0,Relatively New,G58279888,6000.0,1,1,1,1,0,2,160
flat,ambience creacions,sector 22,1.75,12700.0,2,2,2,11.0,Under Construction,L61678758,1249.0,0,0,0,0,0,0,57
flat,capital residences 360,sector 70a,1.68,8502.0,3,3,3+,5.0,New Property,W70081272,1900.0,0,0,0,1,0,0,141
flat,m3m sierra 68,sector 68,1.2,9000.0,2,2,3,1.0,Relatively New,U69787898,982.0,0,0,0,0,0,1,76
flat,ats tourmaline,sector 109,2.3,8897.0,3,4,3+,10.0,New Property,C62418100,2339.0,0,0,0,1,1,0,74
flat,signature global synera,sector 81,0.45,7525.0,2,2,2,6.0,Relatively New,V69392696,664.0,0,0,1,0,0,2,39
house,independent,sector 13,0.9,11464.0,2,4,3,3.0,Moderately Old,O68628698,785.0,1,1,0,1,1,0,0
flat,signature andour heights,sector 71,0.39,9846.0,1,1,2,1.0,New Property,R62787862,294.0,0,0,0,0,0,0,0
flat,proxima tower,sector 37c,0.6,4602.0,2,2,3,5.0,Under Construction,Q32382779,1180.0,1,1,0,0,0,0,55
flat,tata primanti,sector 72,4.1,14100.0,4,5,3+,39.0,New Property,W68196252,2629.0,0,0,0,1,1,0,103
flat,emaar gurgaon greens,sector 102,1.4,8484.0,3,3,3,4.0,Relatively New,F69124312,1493.0,0,0,0,1,0,2,83
flat,signature andour heights,sector 71,0.37,8222.0,1,1,2,2.0,Relatively New,Q59172916,450.0,0,0,0,0,0,0,65
flat,dlf regal gardens,sector 90,2.05,9000.0,4,4,3+,5.0,Relatively New,K70171052,2005.0,0,0,0,0,0,2,49
flat,tulip violet,sector 69,1.37,8675.0,3,3,1,12.0,Relatively New,F69354676,1568.0,0,1,0,0,0,0,95
flat,m3m sierra 68,sector 68,1.13,9076.0,2,2,3,9.0,Relatively New,X69526324,1130.0,0,0,0,0,0,2,149
flat,vatika city homes,sector 83,1.05,8571.0,3,3,3,8.0,Moderately Old,D60670642,1468.0,0,1,0,0,0,2,103
house,unitech nirvana birch court,sector 50,6.8,31481.0,4,4,3+,2.0,Old Property,U68504362,2160.0,1,1,0,1,0,0,105
flat,parsvnath green ville,sector 48,1.42,8606.0,3,3,3,1.0,Moderately Old,K69418718,1493.0,0,0,1,0,0,1,174
house,central park flower valley cerise floors,sector 33,1.35,11157.0,2,2,2,4.0,New Property,I70191298,1210.0,1,0,0,0,0,1,107
flat,shree vardhman victoria,sector 70,1.8,9230.0,3,5,3,0.0,New Property,V69957538,2167.0,0,0,0,0,0,0,72
flat,supertech hues,sector 68,0.8,6779.0,2,2,3+,14.0,New Property,V69809542,1180.0,0,0,0,0,0,2,26
flat,dhoot time residency,sector 63,2.2,12813.0,3,4,3+,8.0,Moderately Old,K68428438,1554.0,1,0,0,0,0,2,61
house,independent,sector 12,1.7,8000.0,5,5,3,3.0,Moderately Old,Z62601748,2000.0,0,1,0,0,1,0,9
flat,ild grand centra,sector 37c,0.95,5220.0,3,1,0,0.0,Relatively New,O67903798,1820.0,0,0,0,0,0,0,0
house,rwa sector 46,sector 46,3.5,21605.0,4,4,2,2.0,Relatively New,A70159984,1620.0,0,1,0,0,0,2,30
house,unitech espace,sector 50,9.8,30247.0,4,4,3,2.0,Moderately Old,O70388968,3240.0,0,0,0,1,0,0,22
flat,godrej icon,sector 88a,1.65,9041.0,3,3,3,12.0,New Property,O69918112,1652.0,0,0,0,0,0,0,60
flat,vipul world,sector 48,1.38,9482.0,3,3,1,2.0,Relatively New,V70187274,1611.0,0,0,0,0,0,0,60
flat,emaar mgf emerald floors premier,sector 65,2.75,13924.0,4,4,3,3.0,Relatively New,Z69389830,1975.0,1,0,0,1,0,2,113
flat,ansal heights 86,sector 86,1.25,7396.0,3,2,1,2.0,New Property,C70111660,1529.0,0,0,0,0,0,0,100
flat,paras dews,sector 106,1.13,6406.0,3,4,3+,18.0,Relatively New,B69431824,1186.0,1,0,0,1,0,0,49
flat,smart world gems,sector 89,1.0,9033.0,2,2,2,1.0,Under Construction,P69385200,1230.0,1,0,0,0,0,0,38
flat,sare homes,new,0.85,4786.0,4,4,3,3.0,Moderately Old,L63033262,1607.0,0,0,0,0,0,0,0
flat,m3m capital,sector 113,1.83,13969.0,2,2,0,7.0,New Property,H68063758,1310.0,0,0,0,0,0,0,68
flat,orris aster court,sector 85,0.9,5671.0,3,3,3,8.0,Relatively New,L60446362,1436.0,0,0,0,0,0,0,49
flat,essel towers,sector 14,2.2,12500.0,3,4,3+,3.0,Old Property,S68924950,1956.0,0,0,0,0,0,0,0
house,independent,sector 7,0.66,12000.0,3,1,1,3.0,Relatively New,E70138136,550.0,0,0,0,0,1,0,22
flat,ild grand,sector 37c,1.2,6593.0,3,3,3,7.0,Under Construction,C69503758,1647.0,0,0,0,0,0,0,24
flat,dlf new town heights,sector 90,1.9,6967.0,4,4,3+,19.0,Relatively New,R70023498,2512.0,0,0,1,1,0,2,174
flat,signature global solera,sector 107,0.37,6751.0,2,2,1,10.0,Relatively New,U57619116,496.0,0,0,0,0,0,0,73
house,ss aaron ville,sector 49,6.75,15000.0,5,4,2,2.0,New Property,J68210970,4500.0,0,0,0,0,1,0,49
flat,pareena coban residences,sector 99a,1.16,5808.0,3,3,3,3.0,Relatively New,U68919558,1790.0,0,0,0,1,1,0,49
flat,chd avenue,sector 71,1.1,6790.0,3,3,3,11.0,Relatively New,L44903927,1466.0,0,0,0,0,1,0,72
flat,smart world gems,sector 89,0.9,8159.0,2,2,2,2.0,New Property,P67923336,998.0,1,0,0,0,1,0,44
flat,ats triumph,sector 104,1.75,7641.0,3,4,3+,11.0,Relatively New,T69574214,2072.0,0,0,0,1,0,0,110
house,ashok vihar phase 3 gurgaon,sector 3 phase 3 extension,0.95,8878.0,4,3,2,1.0,Old Property,L70132458,1070.0,0,0,0,0,0,0,8
flat,signature global park,sohna road,0.53,6386.0,2,2,2,2.0,Relatively New,P69364218,913.0,0,1,0,0,0,0,168
flat,m3m soulitude,sector 89,1.14,8000.0,3,3,2,2.0,Under Construction,X66948958,1581.0,1,0,0,0,0,0,77
house,independent,sector 43,5.3,27390.0,3,9,3+,3.0,Moderately Old,A69556196,1935.0,0,0,0,1,0,2,71
flat,dlf regency park,sector 28,2.25,14516.0,3,3,2,16.0,Old Property,W66458368,1700.0,0,0,0,1,0,0,89
house,independent,sector 56,3.25,21495.0,5,6,3+,4.0,Relatively New,G69897394,1512.0,0,1,0,0,1,2,27
flat,godrej nature plus,sector 33,1.55,9955.0,3,2,3+,8.0,New Property,V68581360,1730.0,0,0,0,0,0,0,43
flat,vatika xpressions,sector 88b,0.92,6815.0,2,2,3,3.0,New Property,V67904060,1350.0,0,0,0,0,0,0,26
house,independent,sector 25,13.5,19286.0,9,9,0,1.0,Relatively New,L69111278,7000.0,0,0,0,0,0,0,0
flat,"new colony, gurgaon",sector 7,0.8,8100.0,3,2,1,4.0,Relatively New,F69807298,1100.0,0,0,0,0,0,2,69
flat,godrej,sector 79,1.12,7146.0,2,2,3,6.0,Relatively New,M69922706,1325.0,1,0,0,0,0,0,49
flat,tulip violet,sector 69,1.75,8882.0,4,4,1,12.0,Relatively New,O69376716,1783.0,0,0,0,0,0,0,86
flat,puri emerald bay,sector 104,2.23,9911.0,3,4,3+,10.0,Relatively New,O69187884,2359.0,0,0,0,1,0,2,159
flat,dlf garden city floors,sector 92,1.7,8588.0,3,4,2,1.0,Under Construction,U69167798,1475.0,0,0,0,0,0,0,63
flat,mapsko mount ville,sector 79,1.3,8024.0,3,3,3+,1.0,Relatively New,C69305780,1213.0,0,0,0,0,0,2,140
house,independent,sector 105,0.74,7400.0,3,3,0,2.0,Moderately Old,C67903878,1000.0,0,0,0,0,0,0,0
flat,emaar mgf emerald floors premier,sector 65,3.0,15189.0,4,4,3+,2.0,Relatively New,X69449836,1975.0,0,0,0,1,0,0,87
flat,indiabulls enigma,sector 110,3.45,10147.0,4,4,3,9.0,Moderately Old,R68299870,3077.0,0,0,0,1,0,2,125
flat,signature global park,sohna road,0.7,6071.0,3,3,3,2.0,Relatively New,G69365112,1281.0,0,1,0,0,0,0,152
flat,dlf the ultima,sector 81,2.3,10994.0,3,4,3+,6.0,New Property,J69272686,1893.0,0,0,0,1,0,1,167
flat,dlf the skycourt,sector 86,1.5,9740.0,3,3,3+,18.0,Relatively New,Z69657480,1780.0,1,0,0,0,0,0,174
flat,emaar mgf the palm drive,sector 66,3.5,15909.0,3,3,3,7.0,Moderately Old,D69567612,2125.0,0,0,1,1,0,2,149
house,ansal api esencia,sector 67,5.46,24170.0,4,5,3+,2.0,Relatively New,J69714706,2259.0,1,1,1,0,0,2,103
flat,dlf trinity towers,sector 43,3.8,15510.0,3,3,3+,1.0,Moderately Old,T69408490,2450.0,0,1,0,1,0,2,68
flat,pooja apartment,sector 3 phase 3 extension,0.25,3571.0,2,2,2,2.0,Relatively New,K59141252,778.0,0,0,0,0,0,0,0
flat,maruti kunj,sector 11,0.8,5161.0,3,2,0,0.0,Old Property,A43202179,1403.0,0,0,0,0,0,0,8
flat,mvn athens,sohna road,0.26,5397.0,2,2,1,2.0,Relatively New,Z68555144,535.0,0,0,0,0,0,0,37
flat,earth copia,sector 112,0.7,4673.0,2,2,2,4.0,Relatively New,F27383885,1498.0,0,0,0,0,0,0,65
flat,ss the leaf,sector 85,2.15,10924.0,4,5,3+,6.0,Relatively New,X69998392,2366.0,0,0,0,1,0,0,156
flat,greenopolis,sector 89,0.8,6168.0,2,2,2,6.0,Under Construction,L65741604,1441.0,0,0,0,0,0,0,44
flat,sare homes,sector 92,0.95,4871.0,4,3,3,13.0,New Property,Q55329782,1765.0,0,0,0,0,0,0,0
house,independent,sector 4,1.1,11111.0,3,4,1,2.0,Moderately Old,Z69515126,990.0,0,0,0,0,0,0,0
flat,bptp astaire gardens,sector 70a,1.6,8658.0,4,4,3,1.0,Relatively New,G69688296,1600.0,1,0,0,0,1,0,42
flat,bestech park view residency,sector 2,0.95,6709.0,2,2,3,10.0,Old Property,F69767120,1573.0,0,0,0,0,0,2,88
house,independent,sector 50,13.2,27155.0,6,6,0,2.0,Moderately Old,H69535654,4861.0,0,0,0,0,0,0,0
flat,bptp terra,sector 37d,1.55,7074.0,4,3,3+,19.0,Relatively New,Y69144770,2100.0,0,0,0,0,1,2,131
house,independent,sector 14,3.5,18088.0,6,4,2,2.0,Old Property,Z70090890,1935.0,0,0,0,0,1,2,27
flat,la vida by tata housing,sector 113,3.05,11338.0,3,4,3,15.0,New Property,Q68408792,2600.0,0,0,0,1,0,0,174
house,international city by sobha phase 1,sector 109,6.15,27333.0,5,5,3+,3.0,Relatively New,C65639966,2250.0,0,1,1,1,0,2,130
house,ansals palam vihar,sector 2,4.0,16666.0,4,4,3+,2.0,Moderately Old,B66375136,2400.0,0,0,0,1,0,0,0
flat,puri emerald bay,sector 104,1.8,8823.0,2,3,3,23.0,New Property,C62379110,1538.0,0,0,0,1,0,0,36
flat,emaar palm gardens,sector 83,1.8,9473.0,3,4,3,4.0,Relatively New,Y69577746,1551.0,1,1,1,1,0,2,174
flat,dlf regency park,sector 28,2.26,13696.0,3,3,2,19.0,Old Property,V66669594,1700.0,0,0,0,1,0,0,158
flat,ss the leaf,sector 85,2.1,7467.0,4,4,3,7.0,Relatively New,F70087658,2600.0,1,1,0,1,0,0,49
flat,vatika the seven lamps,sector 82,1.28,6819.0,3,3,3,3.0,Relatively New,D69545164,1800.0,1,0,0,0,0,2,165
house,independent,sector 7,2.0,13889.0,2,2,2,2.0,Old Property,P66687786,1440.0,0,0,0,0,0,0,22
flat,smart world gems,sector 89,1.1,9972.0,2,2,2,3.0,New Property,H69613078,1226.0,0,0,1,0,0,0,77
flat,ss the leaf,sector 85,1.3,7779.0,2,2,3+,16.0,Relatively New,X69963728,1406.0,0,0,1,0,0,0,148
flat,paras dews,sector 106,1.42,6029.0,4,6,3+,11.0,Relatively New,X69553558,2131.0,0,0,0,1,0,0,143
flat,sanskriti apartment,sector 10a,1.1,6666.0,3,3,3,2.0,Moderately Old,K67148990,1833.0,0,0,0,0,0,0,22
house,house number b-34,sector 5,0.8,8888.0,2,2,1,1.0,Old Property,F67247670,900.0,0,0,0,0,0,0,0
house,puri diplomatic greens,sector 111,9.0,11250.0,5,5,3+,3.0,Relatively New,F63418044,8000.0,0,0,0,1,0,0,112
flat,pyramid urban,sector 67a,0.7,11844.0,2,2,1,14.0,New Property,K57042012,657.0,0,0,0,0,0,0,44
flat,godrej nature plus,sector 33,1.3,8349.0,3,2,3+,18.0,New Property,A69989180,1409.0,0,0,0,0,0,0,38
flat,ats triumph,sector 104,1.83,7991.0,3,4,3+,10.0,Relatively New,A66305504,2000.0,0,0,0,1,0,0,165
flat,ramprastha the edge towers,sector 37d,0.98,5536.0,3,3,3+,5.0,Relatively New,E61449810,1675.0,0,1,0,0,0,0,174
house,independent,sector 43,9.5,42222.0,5,5,3+,2.0,Relatively New,B70289660,2250.0,0,1,0,1,0,2,88
flat,the khushboo cooperative housing society ltd,sector 9a,0.88,4888.0,3,3,2,2.0,Old Property,U66525930,1438.0,0,0,0,0,0,2,31
flat,the lions cghs,sector 56,1.99,11055.0,4,4,3+,4.0,Old Property,T68585622,2000.0,0,1,0,0,1,2,105
flat,bptp terra,sector 37d,1.65,8790.0,3,3,2,15.0,Relatively New,G69274416,1699.0,0,0,0,0,0,0,116
flat,dlf new town heights,sector 90,1.75,5720.0,4,4,3+,17.0,Relatively New,H42579745,2468.0,0,1,0,1,0,0,88
flat,ashiana mulberry,sohna road,1.05,5412.0,2,2,3,1.0,New Property,S66551698,1175.97,1,0,0,0,0,0,49
house,raj villas,sector 52,8.0,25543.0,6,5,3+,4.0,Moderately Old,A68021376,3132.0,0,0,0,0,0,0,0
flat,adani m2k oyster grande,sector 102,2.35,8468.0,3,3,3,14.0,Relatively New,K68646072,2351.0,1,0,0,1,0,2,165
flat,experion the heartsong,sector 108,1.02,7950.0,2,3,3,4.0,Relatively New,L69065854,1283.0,1,0,0,0,0,0,112
flat,signature global park,sohna road,0.95,7846.0,3,2,3+,1.0,Relatively New,J68768928,1210.723472,0,0,0,0,0,0,46
flat,dlf the ultima,sector 81,2.5,11726.0,3,3,2,4.0,Relatively New,S69236546,2130.0,0,0,0,1,0,1,82
house,independent,sector 13,1.5,10518.0,2,2,2,3.0,Old Property,O69220384,1426.0,1,1,0,0,0,0,7
flat,signature global park,sohna road,0.85,7863.0,3,2,2,4.0,New Property,J70147690,1080.0,0,0,0,0,0,0,23
flat,chd avenue,sector 71,1.4,7945.0,3,3,2,1.0,Moderately Old,V69704890,1958.0,0,1,0,0,0,2,125
house,eros rosewood city,sector 49,4.05,20769.0,3,3,3,2.0,Moderately Old,V68912558,2000.0,0,0,1,1,0,0,46
flat,satya the hermitage,sector 103,0.93,6404.0,2,3,3,3.0,Relatively New,G61210394,1613.0,0,0,0,1,0,2,90
house,dlf city plots phase 2,sector 25,10.5,29022.0,4,4,2,2.0,Old Property,O69990870,3618.0,0,1,0,1,0,2,91
flat,central park flower valley aqua front towers,sector 33,2.96,13870.0,4,4,3,1.0,New Property,V69898786,2371.0,0,0,0,1,0,2,24
flat,m3m skywalk,sector 74,1.48,12333.0,2,2,3,13.0,Relatively New,J69816764,1300.0,0,0,1,0,0,0,158
flat,hsiidc sidco aravali,manesar,0.9,3648.0,4,4,3,7.0,Moderately Old,W68190696,2233.0,0,0,0,0,0,0,0
flat,sidhartha ncr one phase,sector 95,0.56,4105.0,2,2,2,10.0,Relatively New,L58014294,1234.0,0,0,0,0,0,2,60
flat,tata primanti,sector 72,3.9,13425.0,4,4,3+,39.0,Relatively New,E69736070,2509.0,0,0,0,1,1,0,49
house,eldeco mansionz,sector 48,6.4,23704.0,4,4,3,3.0,Moderately Old,M69124884,2700.0,0,0,1,1,0,2,151
house,emaar mgf marbella,sector 66,15.1,18605.0,5,5,3+,3.0,New Property,S69959820,8115.9806,1,1,1,1,0,0,120
house,independent,sector 12,3.71,19818.0,3,3,1,4.0,Moderately Old,I61114114,1872.0,0,1,0,0,0,0,0
flat,m3m soulitude,sector 89,1.42,9978.0,3,3,2,3.0,New Property,F69673370,1581.0,0,0,0,0,0,0,15
flat,maa bhagwati residency,sector 7,0.45,5000.0,2,2,1,4.0,Relatively New,C68850746,1000.0,0,0,0,0,0,0,28
flat,breez global hill view,sohna road,0.32,5470.0,2,2,1,17.0,New Property,I66160796,1000.0,0,0,0,0,0,0,49
flat,sare homes,sector 92,0.56,4729.0,3,1,3,1.0,Moderately Old,L70036110,1316.0,0,0,0,0,0,2,75
flat,piedmont taksila heights,sector 37c,0.9,5855.0,3,3,3,9.0,Moderately Old,M69655182,1537.0,0,0,0,0,0,2,94
flat,greenopolis,sector 89,0.65,5195.0,2,2,2,15.0,Under Construction,F69279446,1390.0,0,0,0,0,0,0,37
flat,shree vardhman victoria,sector 70,1.25,9259.0,2,2,3,3.0,Relatively New,T69936934,1222.0,1,0,0,0,0,0,43
flat,ansal heights 86,sector 86,0.64,4706.0,2,2,1,3.0,New Property,P69816218,1360.0,0,0,0,0,0,0,73
flat,godrej oasis,sector 88a,1.29,7800.0,3,3,3,5.0,New Property,L65391812,1642.0,1,0,0,0,1,0,65
house,eldeco mansionz,sector 48,6.0,22222.0,4,4,3+,2.0,Moderately Old,D64135238,2700.0,0,0,0,1,0,0,69
house,independent,sector 12,1.35,12222.0,2,5,1,3.0,Old Property,J27842225,2052.0,0,0,0,0,0,0,31
flat,huda ashok vihar phase,sector 4,0.43,6615.0,2,2,1,2.0,Relatively New,H63910126,722.0,0,0,0,0,0,0,7
flat,unitech fresco,sector 50,1.14,8532.0,2,2,2,19.0,Moderately Old,S70104758,1330.0,0,0,0,0,1,2,174
house,the laburnum,sector 43,11.0,27160.0,5,6,3+,3.0,New Property,E66222008,4050.0,0,1,0,1,0,2,160
flat,bptp terra,sector 37d,1.78,8124.0,4,3,3,10.0,Relatively New,X67372260,1983.0,0,0,0,1,0,0,127
flat,vatika gurgaon,sector 83,0.87,6987.0,2,2,2,3.0,Moderately Old,I66285752,1127.0,0,0,0,0,0,0,35
flat,tulip lemon,sector 69,0.6,11407.0,2,1,1,11.0,Relatively New,U70031524,584.0,0,0,0,0,0,0,0
flat,m3m merlin,sector 67,2.65,12945.0,3,3,3,0.0,Relatively New,H67972704,2047.0,0,0,0,0,1,2,174
house,independent,sector 26,8.1,35294.0,5,5,2,4.0,Old Property,R28894103,2295.0,0,0,0,0,0,0,42
flat,tulip lemon,sector 69,0.62,12863.0,2,2,1,4.0,Relatively New,L69568872,536.0,0,0,0,0,0,2,108
flat,shapoorji pallonji joyville gurugram,sector 102,1.95,17285.0,3,3,3,12.0,New Property,T69361884,1465.0,0,0,1,0,0,0,72
house,independent,sector 7,2.43,14890.0,4,4,2,3.0,Old Property,A67774052,345.0,1,1,1,0,0,0,38
flat,dlf the skycourt,sector 86,1.55,8031.0,3,3,3,5.0,Relatively New,P69710804,1900.0,0,0,0,0,0,0,49
flat,experion the heartsong,sector 108,1.68,8387.0,3,3,3+,4.0,Relatively New,Q69667402,1338.29,1,0,0,1,0,2,86
flat,ats tourmaline,sector 109,1.72,8000.0,3,4,3+,7.0,Relatively New,P68391708,1797.0,0,0,0,1,0,0,167
flat,experion the heartsong,sector 108,0.98,13343.0,2,3,3,12.0,Relatively New,X70002402,978.223232,1,1,1,1,0,0,31
flat,shapoorji pallonji joyville gurugram,sector 102,0.95,10383.0,2,2,2,14.0,Relatively New,F69078840,915.0,0,0,0,0,0,0,0
flat,ramsons kshitij,sector 95,0.35,5495.0,2,2,0,5.0,New Property,Z65720898,637.0,0,0,0,0,0,0,0
flat,ss the leaf,sector 85,1.3,7926.0,2,2,2,17.0,New Property,I49614764,1484.0,0,0,0,0,0,0,90
flat,shapoorji pallonji joyville gurugram,sector 102,1.24,10205.0,2,2,2,10.0,Relatively New,M69976672,1100.0,0,0,0,0,0,0,141
house,independent,sector 11,0.95,7308.0,5,3,0,1.0,Moderately Old,P69982938,1300.0,0,0,0,0,0,0,0
flat,radhakrishna society,sector 23,0.55,5000.0,2,2,1,1.0,Moderately Old,B70015514,995.0,0,0,0,0,0,2,29
flat,dlf royalton tower,sector 43,6.5,20687.0,4,4,3+,9.0,Moderately Old,I69118750,2712.0,0,0,0,1,0,0,7
house,independent,sector 4,3.2,14222.0,3,3,2,2.0,Old Property,N69450068,2250.0,0,0,0,0,0,0,13
house,independent,sector 46,3.55,24500.0,5,4,3+,3.0,Moderately Old,B69469612,1449.0,0,0,0,1,0,2,73
flat,pareena mi casa,sector 68,1.9,9227.0,3,3,3+,1.0,Under Construction,Z64110184,2288.0,0,0,0,1,0,0,49
house,ss hibiscus,sector 50,12.5,40850.0,4,4,3+,2.0,Relatively New,N69343182,3060.0,1,0,0,1,0,1,160
flat,emaar gurgaon greens,sector 102,1.39,8424.0,3,3,3,7.0,Relatively New,U69412300,1493.0,0,0,0,1,0,2,21
flat,dlf express greens,manesar,1.2,6505.0,3,4,2,5.0,Relatively New,T50764478,1670.0,0,0,0,1,1,0,43
flat,shree arihant apartment,sector 54,1.55,7380.0,3,3,3+,3.0,Moderately Old,E68958236,2000.0,0,1,0,0,1,2,125
flat,city heights,sector 39,1.75,8750.0,3,4,3,3.0,Old Property,V70008766,2222.0,0,0,0,1,0,1,42
flat,la vida by tata housing,sector 113,2.45,11050.0,3,3,3+,3.0,Relatively New,Y69732156,1890.0,1,0,0,0,0,0,174
flat,la vida by tata housing,sector 113,3.0,14285.0,3,3,3+,3.0,Relatively New,Y69731932,2460.0,0,0,0,1,0,0,167
flat,m3m skywalk,sector 74,1.6,11379.0,2,2,2,28.0,New Property,E69703134,1272.0,0,0,0,0,0,0,15
flat,ss the leaf,sector 85,1.04,8320.0,2,2,3,17.0,New Property,P69230418,1550.0,0,0,0,0,1,0,145
house,eldeco mansionz,sector 48,4.75,20299.0,7,7,3,2.0,Moderately Old,B70111024,2340.0,1,0,0,0,0,2,33
house,independent,sector 2,3.0,19268.0,6,4,3+,3.0,Old Property,Z70117010,1557.0,0,0,0,0,0,2,28
flat,umang winter hills,sector 77,0.75,5588.0,2,2,2,7.0,Relatively New,S69303118,1180.0,0,0,0,0,0,2,174
flat,uphaar homes,sector 105,0.45,4736.0,3,2,1,1.0,Relatively New,H66601404,1056.0,0,0,0,0,0,2,44
flat,vatika the seven lamps,sector 82,0.94,6567.0,2,2,2,12.0,Relatively New,J69790804,1299.0,1,0,0,0,0,2,103
flat,lotus homz,sector 111,0.6,8450.0,2,2,3,9.0,New Property,U68353772,789.0,0,0,0,0,0,0,52
flat,bestech park view spa next,sector 67,3.32,12599.0,4,5,3+,12.0,Moderately Old,K70049680,2385.0,0,0,0,1,0,2,174
flat,dlf regal gardens,sector 90,1.15,6325.0,3,3,3+,18.0,Relatively New,K65532766,1645.0,0,1,0,0,0,2,130
flat,vatika the seven lamps,sector 82,0.85,6538.0,2,2,2,0.0,Relatively New,H69845336,1176.0,0,0,0,0,0,2,49
house,eros rosewood villas,sector 49,2.5,13513.0,3,3,2,2.0,Moderately Old,Z68912250,1900.0,0,1,1,0,0,0,59
flat,breeze global heights,sector 33,0.4,6421.0,2,2,2,4.0,Under Construction,R69074616,623.0,0,0,0,0,0,0,0
house,independent,new sector 2,1.0,8796.0,3,2,2,1.0,Old Property,K38173331,120.0,0,1,0,0,0,0,0
flat,microtek greenburg,sector 86,1.93,8446.0,3,4,3,12.0,Relatively New,T68746200,2068.0,0,0,0,1,0,0,72
house,independent,sector 12,1.2,14184.0,2,4,2,2.0,Relatively New,J67709074,846.0,0,1,0,0,0,2,7
flat,ireo uptown,sector 66,2.4,13064.0,3,2,3,5.0,Relatively New,B69847394,1700.0,0,0,0,1,0,2,156
flat,cghs airport apartment,sector 47,1.8,6000.0,4,4,3+,4.0,Moderately Old,V69086280,2857.0,0,0,1,0,0,2,120
flat,paras dews,sector 106,0.97,8818.0,2,2,3,6.0,New Property,W69625822,1200.0,0,1,0,0,0,2,174
flat,ats tourmaline,sector 109,1.75,8139.0,3,4,3+,2.0,Relatively New,L50076370,1946.0,0,0,0,1,1,0,65
flat,ild greens,sector 37c,1.0,4320.0,3,3,3+,5.0,Under Construction,V37903509,1697.0,0,0,0,0,0,0,51
flat,central park flower valley,sector 33,1.79,11251.0,3,3,3,3.0,Old Property,T69658490,1619.0,0,0,0,0,0,0,71
flat,ramsons kshitij,sector 95,0.19,591.0,1,1,1,14.0,Relatively New,T70043008,3569.0,0,0,0,0,0,0,49
flat,unitech vistas,sector 70,0.53,4800.0,2,2,2,9.0,Under Construction,F31622943,991.0,0,0,0,0,1,0,24
flat,satya element one,sector 49,0.94,14009.0,1,2,2,2.0,Moderately Old,E67903898,746.0,0,0,0,0,0,0,0
flat,tulip violet,sector 69,1.36,8618.0,3,3,1,12.0,Relatively New,K69568256,1291.0,0,1,0,0,0,0,95
flat,housing apna enclave,sector 4,0.39,4105.0,2,2,1,1.0,Relatively New,E68368414,950.0,0,0,0,0,0,0,0
flat,emaar gurgaon greens,sector 102,1.3,7878.0,3,3,3,4.0,Relatively New,Q67478474,1315.0,0,0,0,1,0,2,125
flat,vatika independent floors,sector 82,1.16,6987.0,3,3,3+,1.0,Relatively New,Z66364664,1844.0,0,1,1,1,0,2,151
flat,experion the heartsong,sector 108,0.9,7014.0,2,3,3,7.0,Relatively New,V50058800,1161.0,0,0,0,1,1,0,72
flat,la vida by tata housing,sector 113,3.35,12444.0,4,4,3+,11.0,Relatively New,K69821840,2991.0,1,0,0,1,0,0,174
flat,m3m crown,sector 111,4.67,17000.0,4,4,3+,8.0,Under Construction,I68979650,3056.0,0,0,0,0,0,0,73
flat,sare green parc 2,sector 92,0.61,4837.0,3,2,2,6.0,Under Construction,D59682774,1141.0,0,0,0,0,1,0,0
flat,parsvnath exotica,sector 53,6.5,19174.0,4,5,3+,10.0,Relatively New,I69204972,3000.0,1,1,0,1,0,2,174
flat,experion windchants,sector 112,4.75,12622.0,3,5,3+,4.0,Relatively New,B70095602,3405.0,0,0,0,1,0,2,42
flat,the close north,sector 50,2.35,11358.0,3,3,3,8.0,Moderately Old,Y69725362,1900.0,0,0,0,0,0,2,49
flat,pyramid urban homes 2,sector 86,0.43,8582.0,2,2,1,6.0,New Property,H69452704,557.0,0,0,0,0,1,0,72
flat,bestech altura,sector 79,1.9,8837.0,3,4,3,11.0,Under Construction,T69644514,1946.0,0,0,0,0,0,0,96
flat,mapsko casa bella,sector 82,1.75,6903.0,4,5,3+,1.0,Relatively New,J69772634,2535.0,0,0,0,0,0,0,54
flat,bestech altura,sector 79,2.69,12500.0,3,4,3+,3.0,New Property,M69582218,2152.0,0,0,0,1,0,0,49
flat,dlf regal gardens,sector 90,1.79,8081.0,4,3,3+,10.0,Moderately Old,M62323566,2461.0,0,0,0,0,0,0,63
flat,shapoorji pallonji joyville gurugram,sector 102,1.9,10259.0,3,3,3+,15.0,New Property,W69505050,1700.0,0,1,0,0,0,0,174
flat,shapoorji pallonji joyville gurugram,sector 102,1.2,14563.0,2,2,3,0.0,Relatively New,T69179276,1073.0,0,0,0,0,0,0,49
flat,emaar palm gardens,sector 83,1.4,8139.0,3,3,3,2.0,Relatively New,M69589232,1387.0,1,1,1,1,0,2,174
flat,signature global synera,sector 81,0.4,6319.0,2,2,1,12.0,Relatively New,Q65738118,586.0,0,0,0,0,0,0,23
house,independent,sector 4,0.67,9795.0,3,3,2,2.0,Relatively New,Y69410258,76.0,0,0,0,0,1,0,7
flat,signature global park,sohna road,0.58,7056.0,2,2,2,3.0,Relatively New,X69816370,822.0,0,0,0,0,0,0,58
flat,tulip violet,sector 69,1.68,8348.0,4,4,2,1.0,Relatively New,Q68361160,1819.0,0,1,0,0,0,0,102
flat,dlf regency park,sector 28,1.6,14545.0,2,2,2,3.0,Relatively New,L68741592,1222.0,0,0,0,0,0,0,52
flat,dlf regal gardens,sector 90,1.29,9020.0,3,3,3,7.0,Relatively New,F66607568,1540.0,1,0,0,0,0,0,174
flat,ireo uptown,sector 66,1.85,12567.0,2,3,3,16.0,Relatively New,Y43156359,1470.0,0,0,0,1,1,2,79
flat,sbr apartment,manesar,0.68,4456.0,3,3,3,2.0,Moderately Old,J69036924,1526.0,0,0,0,0,0,0,0
flat,m3m heights,sector 65,2.5,13600.0,3,3,3,19.0,Under Construction,N68485940,1654.0,0,0,0,0,0,0,48
flat,ireo the corridors,sector 67a,1.3,10031.0,2,2,2,1.0,New Property,K69999718,1296.0,0,0,0,0,0,0,55
flat,m3m woodshire,sector 107,0.75,5490.0,2,2,3+,14.0,Relatively New,Q69544690,1201.0,0,1,0,0,0,0,174
flat,tulip violet,sector 69,1.55,9639.0,3,3,2,2.0,Relatively New,H69668344,1455.0,0,1,0,0,0,2,86
flat,central park flower valley,sector 33,2.15,13522.0,3,3,3+,1.0,New Property,C67385044,1439.0,0,0,0,0,0,0,31
flat,dlf royalton tower,sector 43,6.5,22108.0,4,5,2,8.0,Relatively New,B68873746,2661.0,0,0,0,1,0,0,15
flat,orchid petals,sector 49,2.55,12318.0,3,4,3,8.0,Relatively New,T69215426,2060.0,1,0,0,0,0,2,49
flat,ashiana anmol,sector 33,1.1,8627.0,2,2,2,4.0,Under Construction,G68904948,1275.0,0,0,0,0,0,0,0
flat,the lions cghs,sector 56,2.05,9534.0,4,4,3,7.0,Relatively New,J70153716,2000.0,0,0,0,1,1,2,49
flat,krishna appartment,sector 12,0.35,3500.0,3,3,1,2.0,Old Property,S49820216,905.0,0,0,0,0,0,0,0
house,independent,sector 109,1.55,6567.0,3,2,0,1.0,Relatively New,Q69442064,2360.0,0,0,0,0,0,0,0
flat,sare homes,sector 92,1.12,5358.0,4,4,2,12.0,Relatively New,S69810470,2322.0,0,0,0,1,0,0,85
flat,dlf new town heights,sector 90,1.3,6735.0,3,3,3+,10.0,Relatively New,I69266172,1929.0,0,1,0,1,0,2,129
flat,avl 36 gurgaon,sector 36a,0.5,8333.0,1,1,1,5.0,Relatively New,C69668916,600.0,0,0,0,0,0,0,0
flat,mapsko mount ville,sector 79,1.1,12732.0,3,3,3,22.0,Relatively New,I69664328,1154.0,1,1,0,0,0,0,135
flat,godrej aria,sector 79,1.7,7426.0,3,4,3+,6.0,New Property,O69330672,1659.0,0,0,0,1,0,0,81
house,dlf city plots,sector 26,13.5,29880.0,5,5,2,2.0,Moderately Old,Q68631104,4518.0,1,0,0,1,1,2,104
flat,umang monsoon breeze,sector 78,0.95,5491.0,3,3,2,9.0,Relatively New,U61729278,1730.0,0,0,0,0,0,2,65
flat,ambience creacions,sector 22,4.1,28101.0,3,3,3+,2.0,New Property,Q69082478,2069.0,0,0,0,0,0,1,119
flat,dlf exclusive floors,sector 43,2.35,14242.0,3,3,2,1.0,Old Property,B69402744,1527.0,0,0,1,0,0,2,102
flat,shree vardhman victoria,sector 70,1.9,9743.0,3,3,3,10.0,New Property,S31689979,1765.0,0,1,1,1,1,0,36
flat,emaar gurgaon greens,sector 102,1.35,10800.0,3,4,3+,9.0,Relatively New,R69505282,1400.0,0,1,0,1,0,2,174
flat,essel tower,sector 28,2.2,12500.0,3,4,3+,3.0,Moderately Old,R69082924,1956.0,0,0,0,1,0,1,0
house,sector 14 rwa,sector 14,6.5,26000.0,5,5,0,4.0,Moderately Old,C69120542,2500.0,0,0,0,0,0,0,0
flat,dlf new town heights,sector 86,1.55,6578.0,4,4,3+,12.0,Moderately Old,N61446680,2038.0,0,1,0,1,0,2,120
flat,smart world orchard,sector 61,2.54,15500.0,3,3,3,2.0,Under Construction,I69547932,1639.0,0,0,1,0,0,0,16
flat,godrej nature plus,sector 33,1.4,9333.0,2,2,3,14.0,Under Construction,S68036134,1448.0,0,0,0,0,0,0,67
house,vipul tatvam villa,sector 48,7.25,22377.0,4,4,3,2.0,Relatively New,D70180330,3240.0,1,1,1,1,0,2,103
flat,pareena mi casa,sector 68,1.7,8500.0,4,4,3+,23.0,New Property,Z45897659,1809.0,0,0,0,0,0,0,88
flat,m3m golfestate,sector 65,5.2,17455.0,3,3,3,18.0,Relatively New,R69687378,2696.0,1,0,0,1,0,2,76
flat,signature global solera,sector 107,0.27,5521.0,2,2,2,0.0,Relatively New,X69217210,543.0,0,0,0,0,0,0,45
flat,sobha city,sector 108,3.75,14938.0,3,3,2,16.0,New Property,Y68158826,2120.0,0,0,0,1,0,0,77
flat,viridian the plaza 106,sector 106,0.39,5571.0,1,1,1,7.0,Relatively New,S69971192,567.0,0,0,0,0,0,0,130
flat,pyramid urban homes 2,sector 86,0.41,6905.0,2,2,1,3.0,Relatively New,E69867822,668.0,0,0,0,0,0,0,63
flat,dlf the ultima,sector 81,2.3,14603.0,3,4,3+,27.0,Relatively New,T62174546,1825.0,0,0,0,1,0,2,119
flat,m3m capital,sector 113,2.37,11500.0,4,4,3+,20.0,Under Construction,G68788156,2060.0,1,0,0,0,0,0,143
flat,pivotal riddhi siddhi,sector 99,0.4,4444.0,2,2,2,9.0,New Property,G53211690,733.0,0,0,0,0,0,0,60
flat,sobha city,sector 108,2.9,14478.0,3,4,2,11.0,Relatively New,L69513420,2003.0,0,0,0,0,0,0,108
flat,chd avenue,sector 71,1.32,6019.0,4,4,3,14.0,Moderately Old,D69662880,1985.0,0,0,0,1,0,0,65
flat,elan the presidential,sector 106,3.9,15918.0,3,3,0,20.0,Relatively New,V69770998,2450.0,0,0,0,0,0,0,66
flat,dlf the ultima,sector 81,3.5,11686.0,4,5,3+,7.0,Relatively New,L70015174,2577.0,0,0,0,1,0,1,174
house,unitech uniworld resorts,sector 33,10.0,20202.0,5,6,3,4.0,New Property,J64562212,4950.0,1,0,0,1,0,0,26
flat,emaar palm gardens,sector 83,1.3,11868.0,3,3,3,16.0,Relatively New,H69770092,1387.0,0,0,0,1,0,2,174
flat,apex builders,sector 37c,0.42,5600.0,2,2,2,4.0,Relatively New,I68801870,833.0,0,0,0,0,0,0,42
flat,sare petioles,sector 92,1.3,6373.0,4,4,0,7.0,Relatively New,C69192320,2040.0,0,0,0,0,0,0,0
flat,emaar palm gardens,sector 83,1.72,9052.0,3,3,3,4.0,Relatively New,P69268966,1600.0,0,0,0,1,0,2,165
flat,signature global the millennia 3,sector 37d,0.45,7627.0,2,3,2,8.0,Under Construction,L70187142,656.0,0,0,0,0,0,0,8
house,ansals palam vihar,sector 2,5.7,14729.0,5,5,2,2.0,Old Property,L69619340,4550.0,0,1,0,0,0,1,94
flat,rof ananda,sector 95,0.38,6919.0,2,2,1,4.0,New Property,E66226318,610.0,0,0,0,0,0,0,0
flat,511 sarahah tower,sector 12,0.6,8333.0,2,2,1,0.0,New Property,G69788446,800.0,0,1,0,0,0,1,0
flat,ramsons kshitij,sector 95,0.29,5178.0,2,2,2,14.0,Relatively New,W63126780,507.0,0,0,0,0,0,0,50
flat,m3m woodshire,sector 107,1.02,6649.0,2,2,3,6.0,Relatively New,I69550388,1388.0,1,0,0,0,0,0,112
flat,m3m heights,sector 65,1.9,15000.0,2,2,3,4.0,Under Construction,C69919812,1141.0,0,0,0,0,0,0,54
flat,experion the heartsong,sector 108,0.97,9238.0,2,2,3,10.0,Relatively New,T69548882,1167.0,0,0,0,1,0,0,165
flat,spaze privvy the address,sector 93,1.45,8033.0,3,4,2,12.0,Relatively New,G66828720,1350.0,0,0,0,0,0,2,96
house,independent,sector 56,8.0,9654.0,10,10,3+,4.0,Relatively New,V69476552,8286.0,1,1,0,1,0,1,107
flat,signature global park 4,sector 36,0.72,6428.0,3,2,3,2.0,Under Construction,A67199810,1244.0,0,0,0,0,0,0,0
flat,raheja vedaanta,sector 108,1.5,5263.0,3,4,0,12.0,Relatively New,U68022230,2850.0,0,0,0,0,0,0,0
flat,godrej icon,sector 88a,1.31,8100.0,2,2,3+,3.0,Relatively New,S69145532,1463.0,1,0,0,0,0,0,102
house,independent,sector 2,0.7,7777.0,1,1,0,1.0,Moderately Old,D66469458,900.0,0,0,0,0,0,0,0
house,independent,sector 55,2.8,18667.0,4,4,0,2.0,Old Property,N69650234,1500.0,0,0,0,0,0,0,0
house,sector 38 rwa,sector 38,4.3,28782.0,3,9,3+,3.0,Relatively New,E69566242,1494.0,0,1,0,0,1,2,41
house,independent,sector 47,4.3,29312.0,3,4,2,2.0,Moderately Old,K68213440,1467.0,0,0,0,0,1,0,0
house,independent,sector 56,7.25,29340.0,8,8,3+,0.0,Moderately Old,D66962598,2471.0,0,0,0,0,0,2,24
house,unitech palms south city 1,sector 41,9.35,28858.0,10,10,3+,4.0,Moderately Old,F70038696,7500.0,1,0,0,1,0,2,70
flat,emaar imperial gardens,sector 102,1.92,9600.0,3,3,3,12.0,Relatively New,M70002238,2222.0,1,1,1,1,0,0,95
flat,m3m woodshire,sector 107,0.88,6442.0,2,2,3+,3.0,Relatively New,I69721846,1236.0,0,0,0,0,0,0,99
flat,godrej,sector 79,1.29,8206.0,2,2,3,4.0,New Property,W66928082,1423.0,0,0,0,0,0,0,0
house,independent,sector 26,20.0,44444.0,5,7,3+,3.0,Relatively New,T69775462,4500.0,0,1,0,1,0,1,97
house,vipul tatvam villa,sector 48,8.5,26235.0,4,6,3,3.0,Old Property,W68875850,3240.0,0,1,0,1,1,0,49
flat,orris carnation residency,sector 85,1.1,6686.0,3,4,3,6.0,Moderately Old,J69346106,1467.0,0,0,0,1,0,1,65
flat,trisara our homes 3,sohna road,0.4,6561.0,2,2,1,0.0,New Property,F65810820,669.0,0,0,0,0,0,2,90
house,vipul tatvam villa,sector 48,8.5,26235.0,4,4,1,2.0,Relatively New,E69756874,3240.0,0,0,0,0,0,0,21
flat,senate court,sector 62,0.9,14084.0,1,1,0,0.0,Relatively New,S64125662,639.0,0,0,0,0,0,0,0
flat,dlf regal gardens,sector 90,1.76,7945.0,4,4,3+,8.0,Relatively New,Z68285654,2020.0,0,0,0,0,0,2,135
flat,m3m woodshire,sector 107,0.9,6588.0,2,2,3+,4.0,Relatively New,S70122896,1236.0,0,0,0,0,0,0,21
house,unitech espace,sector 50,10.45,32253.0,5,7,3+,3.0,Moderately Old,I69169294,3240.0,1,1,0,1,1,2,153
flat,ashiana anmol,sohna road,0.9,7059.0,2,2,2,8.0,Relatively New,F69698892,1275.0,0,0,0,0,0,0,0
flat,signature the serenas,sohna road,0.5,9406.0,2,2,2,6.0,New Property,P68689268,591.0,0,0,0,0,0,0,37
house,independent,sector 40,5.0,21124.0,9,9,3+,3.0,Moderately Old,C69535484,2367.0,0,0,1,1,0,2,83
flat,ats marigold,sector 89,1.5,8500.0,3,3,3,5.0,Under Construction,L69765038,1480.0,0,0,0,0,0,0,96
flat,godrej aria,sector 79,1.95,8519.0,3,4,3+,10.0,New Property,V62090670,1659.0,0,0,0,1,0,0,32
flat,emaar mgf emerald floors premier,sector 65,2.77,14025.0,4,4,3+,3.0,Relatively New,N69869760,2194.0,1,0,0,1,0,1,174
house,emaar mgf marbella,sector 66,12.0,38095.0,5,6,3+,4.0,New Property,P64342250,3150.0,0,1,0,1,0,0,38
flat,smart world gems,sector 89,0.86,7796.0,2,3,2,4.0,New Property,G66179018,1226.0,1,1,0,1,0,2,72
flat,bptp terra,sector 37d,1.5,8282.0,3,3,3,17.0,Relatively New,D70022246,1692.0,0,0,0,0,1,0,49
flat,umang winter hills,sector 77,0.75,5588.0,2,2,2,8.0,Relatively New,F69444226,1140.0,0,0,1,0,0,2,102
flat,g l s arawali homes,sohna road,0.26,4513.0,2,2,2,1.0,Moderately Old,A69656896,521.0,0,0,0,0,0,0,0
flat,unitech the residences,sector 33,1.1,9909.0,2,2,3,9.0,Moderately Old,E68269980,1100.0,0,0,0,0,0,2,44
flat,dlf the primus,sector 82a,1.85,10283.0,3,3,3+,2.0,Relatively New,U69551310,1668.0,0,0,0,0,0,2,44
flat,ats tourmaline,sector 109,2.25,8704.0,3,4,3,14.0,Relatively New,T69512220,2339.0,0,0,0,1,0,0,101
flat,imperia the esfera,sector 37c,0.7,4879.0,2,3,3+,12.0,Under Construction,O34919717,1299.0,1,0,0,0,1,0,58
flat,maruti vihar,sector 28,1.0,9090.0,1,1,1,1.0,Old Property,G68997632,995.0,1,1,0,0,0,2,80
flat,sare crescent parc,sector 92,0.9,4278.0,4,5,3+,14.0,Relatively New,P41495683,1692.0,0,0,0,1,1,0,62
flat,vatika city,sector 49,3.6,11920.0,4,5,3,7.0,Moderately Old,D63665484,3356.0,0,1,0,1,0,1,15
flat,signature global solera 2,sector 107,0.5,8928.0,2,2,2,13.0,New Property,C69348248,622.0,0,0,0,0,0,0,8
flat,tata primanti,sector 72,4.0,16032.0,4,5,3+,22.0,Relatively New,O69179880,2701.0,0,0,0,1,0,2,174
flat,rof ananda,sector 95,0.46,6318.0,2,2,2,11.0,New Property,S66285718,809.0,1,0,0,0,0,0,82
flat,tata primanti,sector 72,4.0,13769.0,4,5,3+,9.0,Relatively New,M69966198,2800.0,0,0,0,1,0,2,165
flat,sidhartha ncr greens,sector 95,0.56,5656.0,2,2,3,13.0,New Property,J69503006,896.0,0,0,0,0,0,0,8
house,independent,sector 4,2.35,16319.0,4,4,2,2.0,Old Property,S69966248,1440.0,0,1,0,0,0,0,43
flat,tulip violet,sector 69,2.0,9950.0,4,4,2,0.0,Relatively New,I69376626,1819.0,0,0,0,0,0,0,95
flat,signature the roselia,sector 95,0.48,7164.0,2,2,2,6.0,Relatively New,R70027012,744.0,0,0,0,0,0,0,16
house,ninex city,sector 76,1.75,6250.0,4,4,0,14.0,New Property,V69930438,3111.0,0,0,0,0,0,0,0
flat,shree vardhman victoria,sector 70,1.65,8461.0,3,5,3,6.0,Relatively New,G69691402,1527.0,0,1,0,1,0,0,167
house,dlf city phase 1,sector 26,3.25,3681.0,3,3,3,2.0,Old Property,J70280212,8829.0,1,0,0,0,0,0,79
house,independent,sohna road road,0.49,4260.0,2,2,1,3.0,New Property,S57177304,1150.0,0,0,0,0,0,0,0
flat,dlf belvedere towers,sector 25,3.4,13765.0,4,4,3,1.0,Old Property,E69620848,2744.0,0,0,0,1,0,0,26
house,rwa sector 46,sector 46,4.5,24390.0,6,6,3+,3.0,Moderately Old,L70376756,1845.0,0,0,1,0,0,2,80
flat,signature global the millennia,sector 37d,0.55,9166.0,2,2,3,3.0,New Property,G68322916,543.0,0,0,0,0,0,0,53
flat,dlf the ultima,sector 81,3.25,11805.0,4,4,3+,11.0,Moderately Old,O68626762,2491.0,0,0,0,1,0,0,28
flat,m3m merlin,sector 67,2.98,14557.0,3,3,3,0.0,Relatively New,M69690192,2047.0,0,0,0,0,1,2,49
flat,sobha city,sector 108,1.9,13758.0,2,2,2,8.0,Relatively New,K69513320,1250.0,0,0,0,0,0,0,85
flat,smart world gems,sector 89,1.1,9972.0,3,1,0,0.0,New Property,T69796666,1103.0,0,0,0,0,0,0,45
flat,smart world gems,sector 89,1.2,8433.0,3,3,2,2.0,New Property,C69125920,1423.0,0,0,0,0,0,0,45
house,international city by sobha phase 2,sector 109,7.0,12963.0,5,6,2,2.0,Relatively New,G69900346,5400.0,0,0,0,1,0,0,154
flat,godrej,sector 79,2.0,8474.0,3,4,3+,9.0,Relatively New,M69660446,1963.0,0,0,0,1,0,0,108
flat,godrej summit,sector 104,0.85,6896.0,2,2,3,12.0,Relatively New,U58907926,1611.0,1,0,0,0,1,0,61
flat,ats tourmaline,sector 109,1.5,6976.0,3,4,3+,4.0,Relatively New,D68008938,1797.0,0,0,0,1,0,0,39
house,dlf south city 1,sector 41,2.65,18928.0,3,3,3,4.0,New Property,Q69713444,1400.0,0,0,0,1,0,2,22
house,independent,sector 25,9.0,33333.0,5,5,3,3.0,Old Property,F69978152,2700.0,1,1,1,1,0,0,56
flat,hcbs sports ville,sohna road,0.32,6165.0,2,2,2,2.0,New Property,J58389954,577.0,0,0,0,0,0,0,37
flat,shapoorji pallonji joyville gurugram,sector 102,2.12,16960.0,3,3,3,9.0,Relatively New,U67661174,1852.0,0,0,0,0,0,0,72
house,bestech park view aindependentda,sector 81,4.35,7937.0,4,4,3,2.0,Relatively New,U69605056,5480.0,0,0,1,1,0,0,51
flat,central park flower valley,sector 33,2.5,13270.0,3,3,2,1.0,Under Construction,X69058016,2093.0,0,0,0,0,0,0,66
house,independent,sector 7,1.35,4545.0,4,5,0,3.0,Old Property,M69535664,330.0,0,0,0,0,0,0,0
flat,ashiana apartment,sector 23,0.16,2051.0,2,2,2,1.0,Moderately Old,Q70189730,706.0,0,0,0,0,0,0,0
flat,supertech new soft launch,sector 68,0.84,7119.0,2,2,2,7.0,New Property,P69774466,1180.0,0,0,0,0,0,0,0
flat,ats triumph,sector 104,1.85,8078.0,3,4,3+,14.0,Relatively New,K70066734,2072.0,1,1,1,1,0,0,117
flat,signature global park,sohna road,0.54,6331.0,2,2,2,4.0,Relatively New,Z69365004,939.0,0,1,0,0,0,0,159
flat,la vida by tata housing,sector 113,2.35,10599.0,3,3,3,11.0,New Property,X68408548,2210.0,0,0,0,1,0,0,174
flat,shree vardhman flora,sector 90,0.92,4717.0,3,3,2,6.0,Relatively New,B69731600,2167.0,1,0,0,0,0,2,49
flat,my home,new sector 2,0.22,4400.0,2,2,1,1.0,New Property,O66615752,556.0,0,0,0,0,0,2,0
house,independent,sector 105,0.6,13333.0,3,3,0,3.0,Moderately Old,F70035582,450.0,0,0,0,0,0,0,0
flat,mvn athens,sohna road,0.24,7056.0,1,1,1,12.0,Relatively New,D69042566,378.0,0,0,0,0,0,0,66
flat,satya the hermitage,sector 103,0.89,6137.0,2,3,3,1.0,Relatively New,O66032396,1257.0,0,0,0,1,0,0,75
flat,m3m heights,sector 65,1.99,15793.0,2,2,2,26.0,Under Construction,B68209038,1140.0,0,0,0,0,0,0,48
flat,hero homes,sector 104,1.9,11249.0,3,3,3,16.0,Under Construction,X69886996,1365.0,0,1,0,0,0,2,103
flat,bestech park view residency,sector 2,1.18,7539.0,2,2,3,5.0,Old Property,S69100190,1416.0,1,0,0,0,0,0,76
flat,ramprastha city,dwarka expressway,1.3,9285.0,3,3,2,3.0,Under Construction,X68567614,1267.0,0,0,0,0,0,0,0
flat,trisara our homes 3,sohna road,0.21,4339.0,1,1,0,2.0,Relatively New,O68908920,484.0,0,0,0,0,0,0,0
flat,the pearl apartmen,sector 15,0.43,5584.0,2,2,1,2.0,Relatively New,L69151724,856.0,0,0,0,0,0,2,28
flat,umang winter hills,sector 77,0.8,5961.0,2,2,2,10.0,Relatively New,W69654942,1163.0,0,0,0,0,0,2,49
flat,godrej,sector 79,1.34,8524.0,2,2,3,2.0,Relatively New,J69483440,1423.0,1,0,0,0,0,0,158
flat,signature signum 95a,sector 95,0.4,7782.0,2,2,2,3.0,New Property,A68440828,571.0,0,0,0,0,0,0,44
flat,whiteland the aspen,sector 76,3.35,17615.0,3,4,3+,5.0,Under Construction,A69585100,2111.0,0,0,0,1,0,1,151
house,project housing board colony,sector 28,2.58,17695.0,4,2,2,2.0,Relatively New,L69614906,1458.0,0,0,0,0,0,0,0
flat,ansal housing highland park,sector 103,0.8,5878.0,2,2,2,9.0,Relatively New,E68022102,1361.0,0,0,0,0,0,0,0
flat,mahindra aura,sector 110,1.4,9655.0,3,3,3,10.0,Relatively New,B69710156,1550.0,0,0,0,0,0,2,142
flat,apex our homes,sector 37c,0.33,3567.0,2,2,1,3.0,Relatively New,D70095814,850.0,0,0,0,0,0,2,158
flat,corona optus,sector 37c,1.25,7090.0,3,3,3,4.0,Relatively New,B69870480,1350.0,0,0,0,0,1,0,49
flat,spaze privy at,sector 84,1.24,6465.0,3,3,3,8.0,Relatively New,N69292980,1650.0,1,0,0,0,0,2,158
flat,emaar palm gardens,sector 83,1.35,12325.0,3,3,3,7.0,Relatively New,O55737304,1387.0,0,0,0,1,0,0,24
flat,experion windchants,sector 112,3.0,11538.0,3,3,2,2.0,Relatively New,J69916692,2600.0,0,0,0,0,1,2,49
flat,signature global synera,sector 81,0.48,8450.0,2,2,1,7.0,Relatively New,W69403362,613.0,0,0,0,0,0,2,70
flat,awho sispal vihar,sector 49,2.0,7262.0,4,3,3+,4.0,Old Property,X70167572,2492.0,0,0,0,0,0,0,65
flat,paras dews,sector 106,1.4,9978.0,4,6,3+,10.0,Relatively New,P69532574,1535.0,0,0,0,1,0,0,174
flat,sare crescent parc,sector 92,1.0,4778.0,4,4,3,9.0,Relatively New,B70143732,2093.0,0,0,0,0,0,0,0
flat,adani oyster greens,sector 102,1.9,10058.0,3,3,3+,9.0,Relatively New,W70011122,2099.0,1,1,1,0,0,0,0
flat,bhemerlei,sohna road road,0.69,5100.0,2,2,2,3.0,Under Construction,A27211569,1350.0,0,0,0,0,0,0,0
flat,dlf new town heights,sector 90,1.25,6476.0,3,3,3+,6.0,Relatively New,N69266530,1929.0,0,1,0,1,0,0,136
flat,ambience creacions,sector 22,4.8,19200.0,4,6,3+,10.0,New Property,U67798494,2778.0,0,1,0,1,0,1,49
flat,bestech park view spa next,sector 67,2.72,11574.0,4,4,3+,0.0,Relatively New,D69506128,2250.0,0,1,0,1,0,2,128
flat,pioneer araya,sector 62,8.35,19513.0,4,6,3,16.0,Relatively New,Y69067966,3872.0,0,1,0,1,0,0,153
flat,m3m woodshire,sector 107,0.8,5856.0,2,2,3+,14.0,New Property,M62958574,1236.0,0,0,0,0,0,0,67
flat,ireo victory valley,sector 67,4.75,13929.0,4,4,3+,0.0,Relatively New,T69823410,3200.0,1,1,1,1,0,2,165
flat,sushant lok 1 builder floors,sector 43,2.5,12920.0,3,3,2,2.0,New Property,A68537744,195.0,0,0,0,0,0,0,0
house,sushant lok 1 builder floors,sector 43,2.45,7756.0,4,4,3+,3.0,Moderately Old,M69616474,540.0,1,1,0,1,1,1,123
house,independent,sector 23,2.8,17983.0,5,5,3+,2.0,Old Property,C69920108,1557.0,0,1,0,0,0,2,74
house,unitech uniworld resorts,sector 33,9.55,19293.0,6,7,3+,2.0,Relatively New,Z70215070,4950.0,1,1,1,1,0,2,126
flat,shree vardhman flora,sector 90,0.85,4404.0,3,4,3,3.0,Relatively New,F68357314,1679.0,0,0,1,1,0,0,110
flat,signature global park,sohna road,0.52,6326.0,2,2,2,3.0,Relatively New,P69364116,913.0,0,1,0,0,0,0,161
house,bhim garh kheri,sector 3,0.75,6410.0,4,2,2,2.0,Old Property,T69080734,1170.0,0,0,0,0,0,0,16
flat,orchid petals,sector 49,2.51,12178.0,3,3,3+,7.0,Old Property,H69607876,2061.0,1,0,0,0,0,2,72
flat,m3m woodshire,sector 107,1.32,6330.0,3,3,3,10.0,Relatively New,A69551290,1758.0,0,0,0,0,0,0,117
flat,conscient heritage max,sector 102,2.5,11633.0,3,4,3+,25.0,New Property,H58335368,1945.0,1,0,0,1,0,2,56
house,independent,sector 25,6.5,36111.0,4,4,3+,2.0,Moderately Old,Q69690592,1800.0,1,1,1,1,0,0,61
house,independent,sector 57,3.15,20349.0,5,4,3+,2.0,Moderately Old,H70267206,1548.0,0,0,1,0,0,2,60
flat,awho shanti vihar,sector 95,0.8,8888.0,2,2,3,9.0,New Property,R70152082,713.0,1,0,0,0,0,0,67
flat,tulip orange,sector 70,1.0,10309.0,3,2,2,3.0,Moderately Old,F70070030,1078.0,0,0,0,0,0,0,58
flat,tulip violet,sector 69,1.4,8840.0,3,3,2,1.0,Relatively New,H68277890,1428.0,0,0,0,0,0,0,95
flat,sare homes,sector 92,0.71,5354.0,3,3,3,2.0,Relatively New,G69808444,1473.0,0,1,0,0,0,0,108
flat,ss the coralwood,sector 84,1.01,5771.0,3,3,2,18.0,Relatively New,B68616090,1475.0,0,0,0,0,0,0,40
flat,tulip violet,sector 69,1.68,8358.0,4,4,2,2.0,Relatively New,W68278084,1819.0,0,1,0,0,0,0,112
flat,smart world orchard,sector 61,2.2,13500.0,3,3,2,1.0,Under Construction,S68277154,1778.0,0,0,0,0,0,0,49
flat,the lions cghs,sector 56,2.0,8333.0,4,4,3,8.0,Relatively New,O69575176,2253.0,0,0,0,0,1,2,49
house,satya the hermitage,sector 103,4.35,13501.0,4,4,3+,2.0,Relatively New,G69957692,3222.0,1,1,1,1,0,0,138
flat,shree vardhman flora,sector 90,0.65,4814.0,2,2,3,6.0,Relatively New,T69236258,1222.0,1,0,0,0,0,0,174
flat,antriksh heights,sector 84,0.92,5041.0,3,3,3,2.0,Relatively New,Z69973884,1652.0,1,1,0,0,0,0,67
flat,bptp astaire gardens,sector 70a,1.8,9350.0,3,3,3,3.0,Relatively New,B68804336,1925.0,1,0,0,0,0,0,135
flat,vatika inxt floors,sector 82a,1.25,8333.0,3,2,3,2.0,Relatively New,Z67067884,1667.0,1,1,0,0,0,2,94
flat,satya the hermitage,sector 103,0.8,5517.0,2,2,0,10.0,Relatively New,U69277026,1450.0,0,0,0,0,0,0,61
flat,m3m skywalk,sector 74,1.52,13342.0,2,2,3,6.0,Relatively New,S69823246,1250.0,0,0,1,0,0,0,174
house,independent,sector 12,0.38,4222.0,3,3,3,3.0,Relatively New,N68008590,900.0,0,0,0,0,0,0,0
flat,mapsko mount ville,sector 79,1.3,8724.0,3,3,3,19.0,Relatively New,O69444490,1176.0,0,0,1,0,0,2,102
flat,ireo victory valley,sector 67,3.65,13528.0,3,4,3+,18.0,Relatively New,B69859308,2490.0,0,1,0,1,0,2,61
flat,raheja atharva,sector 109,2.2,9490.0,3,3,2,7.0,Moderately Old,O69310644,2576.0,0,0,0,1,0,2,111
flat,tulip violet,sector 69,1.31,8517.0,3,3,2,12.0,Relatively New,V69215690,1392.0,0,1,0,0,0,2,174
house,independent,sector 28,0.7,8101.0,2,2,0,2.0,Old Property,A55466486,864.0,0,0,0,0,0,0,7
flat,eldeco accolade,sohna road,0.78,5422.0,2,2,2,7.0,Relatively New,N66355402,1319.0,1,0,0,0,0,2,137
flat,parsvnath green ville,sector 48,2.0,7765.0,3,3,0,15.0,Relatively New,I22744913,1923.0,0,0,0,1,0,0,74
house,ansal api esencia,sector 67,1.85,8222.0,3,3,3,1.0,Moderately Old,G68803572,278.0,0,0,0,0,0,0,49
flat,ansal housing highland park,sector 103,1.25,6443.0,3,3,3+,2.0,New Property,C68575328,1464.0,0,1,0,0,0,0,105
house,independent,sector 3 phase 3 extension,0.55,5000.0,2,1,0,1.0,Moderately Old,A69442080,1100.0,0,0,0,0,0,0,0
flat,rk tower,sector 2,0.95,9595.0,2,2,1,1.0,Relatively New,V64495872,1100.0,0,0,0,0,0,0,99
flat,ansal api celebrity suites,sector 2,0.6,8163.0,1,1,1,5.0,Moderately Old,A69939188,665.0,0,0,0,0,0,2,67
flat,m3m ikonic,sector 68,1.78,9128.0,3,3,3+,27.0,Relatively New,H69523902,1845.0,0,0,0,0,0,2,126
flat,supertech araville,sector 79,0.8,6178.0,2,2,3+,9.0,New Property,J35698061,1172.0,0,0,0,0,1,0,24
flat,shri ram apartments,sector 4,0.36,3789.0,2,2,1,4.0,Relatively New,M66372352,1056.0,0,0,0,0,0,0,0
flat,zara aavaas,sector 104,0.2,6645.0,1,1,1,3.0,Relatively New,Q69910288,301.0,0,0,0,0,0,0,67
flat,m3m skywalk,sector 74,1.55,13790.0,2,2,3+,18.0,Relatively New,D69704294,1300.0,0,0,0,0,1,0,137
house,independent,sector 17b,8.5,18814.0,4,4,2,2.0,Old Property,T69520988,4518.0,1,1,0,1,0,2,21
house,independent,sector 4,2.3,17014.0,4,4,3,2.0,Old Property,E67927738,160.0,0,0,0,0,0,2,15
flat,dlf the skycourt,sector 86,1.58,8190.0,3,3,1,16.0,Relatively New,G69760528,1750.0,0,1,0,0,0,2,152
flat,vatika the seven lamps,sector 82,1.37,8753.0,3,3,3,11.0,Relatively New,Q68174274,2000.0,1,1,0,1,0,2,145
flat,vatika the seven lamps,sector 82,1.6,6597.0,4,5,3+,8.0,Relatively New,G67513232,2195.0,0,0,0,1,0,0,133
flat,sare crescent parc,sector 92,0.8,6033.0,3,2,2,3.0,Relatively New,H70119648,1473.0,0,0,0,0,0,0,15
flat,emaar mgf the palm drive,sector 66,2.85,14615.0,3,3,3,11.0,Relatively New,B67722588,1950.0,1,0,0,0,0,2,67
flat,godrej nature plus,sector 33,1.5,9677.0,3,3,3,6.0,Under Construction,W65193196,1403.0,1,0,0,0,0,0,72
flat,sonata group housing gh 24,manesar,1.65,5892.0,4,3,3,8.0,New Property,P68194060,3111.0,0,0,0,1,0,0,20
house,independent,sector 13,2.25,6944.0,10,10,2,1.0,Old Property,S69886526,400.0,0,0,0,0,0,0,0
flat,m3m skycity,sector 65,3.0,16411.0,3,3,3,17.0,Under Construction,J69477404,1828.0,0,0,0,0,0,0,99
flat,puri diplomatic greens,sector 111,2.58,11727.0,3,4,2,10.0,Moderately Old,C69922374,2200.0,0,0,0,1,0,0,86
house,independent,sector 3,0.9,10000.0,3,4,3,3.0,Moderately Old,F45310333,3500.0,0,0,0,0,1,2,42
flat,tulip purple,sector 69,1.8,9000.0,4,5,3+,4.0,Relatively New,V69689190,2200.0,0,0,0,1,0,0,165
flat,pivotal devaan,sector 84,0.41,7032.0,2,2,2,10.0,New Property,X58511882,565.0,0,0,0,0,0,2,23
house,independent,sector 31,3.5,24155.0,4,3,3,2.0,Moderately Old,D69471284,1449.0,0,0,1,0,0,2,81
flat,emaar palm gardens,sector 83,1.48,7789.0,3,3,3,7.0,Relatively New,J56394836,1549.0,0,0,0,1,0,0,66
house,independent,sector 53,4.65,17574.0,5,5,3+,1.0,Moderately Old,D67766780,2646.0,0,0,0,0,0,2,0
flat,signature global orchard avenue,sector 93,0.85,14237.0,2,2,0,10.0,Relatively New,K69125930,597.0,0,0,0,0,0,0,0
house,ansal florence super,sector 57,3.75,23148.0,3,4,3,2.0,Moderately Old,N69415184,1620.0,1,0,1,1,0,2,38
flat,emaar mgf emerald floors premier,sector 65,2.24,13575.0,3,3,3,2.0,Relatively New,A68420638,1833.0,1,0,0,1,0,0,46
flat,m3m merlin,sector 67,2.8,13678.0,3,3,3,5.0,Moderately Old,U69569464,2047.0,0,0,0,1,0,1,26
flat,smart world orchard,sector 61,1.57,13652.0,2,2,2,3.0,New Property,Z66719878,1150.0,1,0,0,0,1,0,71
flat,signature global city,sector 37d,0.8,8421.0,2,2,2,2.0,Under Construction,B69908914,860.0,0,0,0,0,0,0,42
flat,bestech altura,sector 79,1.72,8000.0,3,4,3+,5.0,Relatively New,Y68282394,1695.0,0,0,0,1,0,0,174
flat,adani m2k oyster grande,sector 102,1.9,9105.0,3,4,3,8.0,Relatively New,K68563454,1710.0,0,0,0,1,0,0,165
flat,godrej summit,sector 104,0.82,9854.0,2,2,3,12.0,Relatively New,Z68982730,86.0,1,0,0,0,0,0,120
flat,breez global heights,sohna road,0.26,6598.0,1,1,1,6.0,New Property,X65817956,438.0,0,0,0,0,0,0,26
flat,lig flat,sector 40,1.5,5556.0,1,1,0,0.0,Moderately Old,E64375676,300.0,0,0,0,0,0,0,0
flat,emaar digihomes,sector 62,3.95,15262.0,3,3,3,33.0,New Property,W70126434,2876.0,0,0,0,1,0,2,49
flat,vatika sovereign next,sector 82a,3.85,7500.0,5,6,3+,6.0,New Property,G68310268,5711.0,0,1,0,1,0,0,148
flat,experion windchants,sector 112,5.2,10726.0,4,6,3+,15.0,Relatively New,O69129068,3655.35,0,1,0,1,0,2,174
flat,bestech park view spa next,sector 67,2.35,12144.0,3,4,3+,14.0,Moderately Old,M69768722,1751.0,0,0,0,1,0,2,156
flat,suncity avenue 76,sector 76,0.55,7422.0,2,2,2,9.0,Under Construction,Q67912486,823.0,0,0,0,0,0,0,26
flat,sare homes,sector 92,0.68,5238.0,3,3,2,11.0,Relatively New,V69810190,1442.0,0,1,0,0,0,0,100
house,independent,sector 9a,4.5,14286.0,9,9,3+,3.0,Relatively New,T70128718,3150.0,1,1,0,0,1,2,38
house,independent,sector 17,3.0,11111.0,4,4,0,1.0,Old Property,F65593142,3000.0,0,0,0,0,0,0,0
house,independent,sector 105,1.2,13333.0,4,4,1,2.0,Moderately Old,G69794726,900.0,0,0,0,0,1,0,14
flat,dlf the crest,sector 54,11.0,35223.0,4,6,3,7.0,Relatively New,V70296402,2826.0,0,0,0,1,0,1,125
flat,aipl the peaceful homes,sector 70a,2.52,10723.0,3,4,3,8.0,Relatively New,K67892500,2127.0,0,0,0,1,0,0,174
house,independent,sector 3 phase 2,0.4,8000.0,2,1,0,1.0,Relatively New,E67903812,500.0,0,0,0,0,0,0,0
flat,m3m woodshire,sector 107,1.2,6176.0,3,3,3,7.0,Relatively New,L60518054,1750.0,0,0,0,0,0,2,49
flat,spire woods now ananda by alpha corp,sector 103,1.25,6902.0,3,4,3,11.0,Under Construction,B52179254,2012.0,1,0,0,1,0,0,105
flat,godrej summit,sector 104,0.75,5910.0,2,2,3,6.0,Relatively New,U50040234,1148.0,0,0,0,0,1,0,79
flat,ramprastha primera,sector 37d,1.1,6111.0,3,3,3,6.0,Relatively New,I70105392,1700.0,0,0,0,0,0,0,149
flat,shree vardhman flora,sector 90,0.9,4615.0,3,4,3,4.0,Relatively New,R69236068,1765.0,0,0,0,1,0,0,165
flat,m3m merlin,sector 67,4.5,14267.0,4,4,3+,15.0,Relatively New,A67866916,2854.0,0,0,0,1,0,2,158
flat,bptp terra,sector 37d,1.72,9497.0,3,3,3,9.0,Relatively New,Y69197764,1373.0,1,0,0,0,0,2,24
house,ansal heights,sector 92,2.75,9793.0,4,4,3+,3.0,Relatively New,A57226658,5000.0,1,1,0,0,0,0,0
flat,corona optus,sector 37c,1.4,7035.0,3,3,3+,4.0,Relatively New,O69464448,1890.0,0,0,0,1,0,0,149
flat,suncity vatsal valley,gwal pahari,1.0,13340.0,2,2,2,3.0,New Property,X69881374,833.0,0,0,0,0,0,2,13
flat,vatika gurgaon,sector 83,1.19,7437.0,3,3,2,10.0,Relatively New,O69428382,1778.0,0,0,0,1,0,2,35
flat,sare homes,sector 92,0.5,4237.0,3,3,2,1.0,Relatively New,Y69744558,1068.0,0,0,0,0,0,0,26
flat,mapsko mount ville,sector 79,1.2,8053.0,3,3,3+,24.0,Relatively New,D70021798,1154.0,0,0,0,0,0,2,135
flat,maruti vihar colony,sector 28,0.95,8886.0,2,1,1,1.0,Old Property,C68339188,1188.0,0,0,0,0,0,0,59
flat,vatika gurgaon,sector 83,0.75,6024.0,2,2,2,19.0,Relatively New,Z68690432,1150.0,0,0,0,0,1,2,105
flat,ireo uptown,sector 66,4.85,12999.0,4,4,3+,15.0,Relatively New,M70162658,3500.0,1,1,1,1,0,2,156
flat,dlf the ultima,sector 81,2.45,11491.0,3,3,2,9.0,Relatively New,D69512748,1800.0,0,0,0,1,0,2,174
house,independent,sector 57,8.0,29630.0,5,4,3,2.0,Relatively New,F70269238,2700.0,1,1,0,1,0,0,21
flat,dlf the ultima,sector 81,2.21,10365.0,3,3,3+,3.0,Relatively New,T69183570,1881.0,0,0,0,1,0,1,149
flat,smart world gems,sector 89,1.2,8432.0,3,3,2,3.0,New Property,Q69481026,1423.0,1,0,0,0,1,0,37
flat,orris aster court premier,sector 85,1.5,5859.0,4,5,3+,6.0,New Property,P69543590,2017.0,0,0,0,1,0,2,28
flat,aipl club residences,sector 70a,1.27,9777.0,2,2,3+,24.0,Relatively New,U68690944,1449.0,0,0,0,0,1,2,113
flat,ss the leaf,sector 85,2.2,5641.0,4,6,3,10.0,Relatively New,M67564758,3920.0,0,0,0,1,0,0,174
flat,dlf new town heights,sector 91,1.65,6345.0,4,4,3+,11.0,Moderately Old,T61877736,2139.0,0,0,0,1,0,0,72
house,independent,sector 4,0.47,10601.0,2,2,1,2.0,New Property,Y67947294,50.0,1,0,0,0,0,2,73
flat,citizen apartment,sector 51,3.55,6826.0,5,6,3+,11.0,Moderately Old,L63486746,5200.0,1,1,1,1,0,2,157
house,independent,sector 2,5.7,22634.0,9,9,3+,3.0,Moderately Old,U69098430,2430.0,0,1,0,0,0,2,0
flat,godrej,sector 79,1.93,8532.0,3,4,3+,5.0,Relatively New,G69484496,2047.0,0,0,0,1,0,0,158
flat,emaar mgf the palm drive,sector 66,2.99,14950.0,3,3,3,7.0,Relatively New,A70150868,2000.0,0,0,0,1,0,2,49
house,international city by sobha phase 1,sector 109,5.9,24280.0,4,5,2,2.0,Relatively New,K69122484,2430.0,0,0,0,1,0,2,111
flat,tarc maceo,sector 91,1.4,7407.0,3,3,3+,7.0,Relatively New,Z64921228,1700.0,0,0,0,0,0,0,76
house,sneh vihar,sohna road road,1.35,10000.0,5,5,3+,4.0,Relatively New,I64937710,1350.0,0,0,0,0,0,0,0
flat,la vida by tata housing,sector 113,2.85,12855.0,3,3,3+,10.0,New Property,N68807188,2006.0,0,0,0,1,0,0,72
flat,m3m merlin,sector 67,3.39,14376.0,3,4,3,14.0,Relatively New,S69448102,2100.0,0,0,0,1,0,2,26
flat,signature global city,sector 37d,1.1,8800.0,3,3,3,1.0,Under Construction,J68899930,1389.0,0,0,0,0,0,0,16
flat,tulip yellow,sector 69,1.8,10563.0,3,3,3,14.0,Under Construction,C69757652,1893.0,0,0,0,0,0,0,49
flat,dlf regal gardens,sector 90,1.27,5499.0,3,3,3+,2.0,Relatively New,X40075997,1500.0,0,0,0,0,1,0,72
flat,raheja vedaanta,sector 108,0.7,4666.0,2,2,1,10.0,Moderately Old,I68478324,1468.0,0,0,0,0,0,0,0
flat,umang monsoon breeze,sector 78,1.25,5000.0,4,4,3,2.0,Relatively New,S28331353,2300.0,0,1,0,1,1,0,57
house,huda sector-56 gurgaon,sector 56,3.6,24845.0,5,5,3+,3.0,Moderately Old,H69129272,1449.0,0,0,0,0,1,0,47
house,independent,sector 39,5.15,14072.0,5,5,0,1.0,Relatively New,I69125938,3660.0,0,0,0,0,0,0,0
house,nul,sector 25,9.5,33404.0,9,9,3+,3.0,Old Property,L69935722,2844.0,0,0,0,0,1,0,81
flat,dlf the skycourt,sector 86,2.2,11500.0,3,3,1,7.0,Relatively New,R69778854,1747.0,0,1,0,0,0,1,77
house,independent,sector 7,0.45,5000.0,3,2,1,2.0,Old Property,Q68455832,900.0,0,0,0,0,1,0,12
flat,adani brahma samsara vilasa,sector 63,3.25,29545.0,3,3,3,4.0,New Property,O69756512,2700.0,0,0,0,0,1,0,41
flat,dlf the primus,sector 82a,2.2,10516.0,3,3,3+,16.0,Relatively New,U69767906,1893.0,0,0,0,1,0,1,174
flat,eldeco accolade,sohna road,0.66,5181.0,2,2,3,12.0,Relatively New,T69764972,978.0,0,1,0,0,0,0,49
flat,hcbs sports ville,sector 2,0.35,4375.0,2,2,2,8.0,Relatively New,K70035584,800.0,0,0,0,0,0,0,37
house,huda ashok vihar phase,sector 4,0.7,10233.0,3,2,1,2.0,New Property,R70134894,684.0,1,0,0,0,0,0,7
house,independent,sector 11,1.8,8078.0,8,5,2,1.0,Moderately Old,Z67904448,2476.0,0,0,0,0,0,0,0
flat,sare homes,sector 92,1.19,5219.0,4,3,3,14.0,Relatively New,G69810774,2533.0,0,0,0,1,0,0,100
flat,bestech park view residency,sector 2,1.59,8281.0,3,4,3+,11.0,Moderately Old,Y70072452,1738.0,0,0,0,1,0,0,100
house,independent,sector 24,2.6,24074.0,4,4,3+,4.0,Relatively New,Y61487770,1080.0,1,1,1,0,0,1,0
house,independent,sector 26,12.5,38580.0,5,5,3+,2.0,Old Property,L68499996,3240.0,1,1,1,1,0,2,79
flat,smart world gems,sector 89,1.2,12526.0,3,3,3,3.0,Under Construction,L68503958,1064.0,0,1,1,0,0,0,131
house,independent,sector 7,1.2,11194.0,2,4,2,3.0,Old Property,A67904096,1072.0,0,0,0,0,0,0,0
flat,emaar the palm drive,sector 66,3.9,18636.0,3,4,3,2.0,Relatively New,Y68846782,2200.0,0,0,0,0,0,0,0
flat,dlf new town heights,sector 86,1.25,6476.0,3,4,3+,2.0,Relatively New,L43236671,1747.0,0,1,0,1,0,0,65
flat,vatika the seven lamps,sector 82,1.39,6412.0,3,3,3+,11.0,Relatively New,P69523768,1955.0,1,0,0,1,0,2,117
flat,guru gram haryana cghs,sector 56,1.39,8424.0,3,2,3,6.0,Old Property,G69430838,1750.0,0,1,0,1,0,2,89
house,independent,sector 50,10.56,32593.0,5,5,3,3.0,Moderately Old,J69645548,3240.0,0,0,0,1,0,0,20
flat,godrej nature plus,sector 33,1.2,12000.0,2,2,3+,3.0,Under Construction,D67948974,1111.0,0,0,0,0,0,0,105
flat,tulip violet,sector 69,1.3,8283.0,3,3,1,12.0,Relatively New,J69429668,1419.0,0,1,0,0,0,0,86
flat,sare crescent parc royal greens phase 1,sector 92,1.0,3713.0,4,4,3,15.0,New Property,M50541110,1828.0,0,0,0,0,0,0,31
flat,tulip violet,sector 69,1.75,9459.0,3,4,2,0.0,Relatively New,A69646676,2056.0,0,0,0,0,0,2,174
flat,rof ananda,sector 95,0.32,5736.0,2,2,1,10.0,Relatively New,W69978828,610.0,0,1,0,0,0,2,50
flat,signature global park,sohna road,0.67,5537.0,2,2,3,4.0,Relatively New,O69315836,1095.0,0,1,0,0,0,0,127
flat,central park flower valley aqua front towers,sector 33,2.0,11179.0,3,3,3+,8.0,New Property,Q58093696,1619.0,0,0,0,0,0,0,23
flat,m3m the marina,sector 68,2.22,14322.0,3,2,3,4.0,Relatively New,T69492986,1403.0,0,0,0,0,0,0,44
flat,gls avenue 51,sector 92,0.42,6562.0,3,3,1,2.0,Relatively New,R70169162,711.0,0,0,0,0,0,0,20
flat,shree vardhman flora,sector 90,0.7,5384.0,2,2,3,13.0,New Property,K68824240,1176.0,1,0,0,0,0,0,15
flat,smartworld one dxp,sector 113,2.0,11074.0,3,3,3,12.0,New Property,G70031532,1806.0,0,0,0,0,0,0,70
house,independent,sector 25,10.0,37037.0,5,6,3,3.0,Old Property,T70164790,2700.0,0,0,1,1,0,2,64
flat,conscient habitat,sector 99a,0.27,5599.0,2,2,1,8.0,Relatively New,Q69706920,538.0,0,0,0,0,1,0,49
flat,sare homes,sector 92,1.1,5347.0,4,4,3,4.0,Relatively New,V69811272,2286.0,0,0,0,1,0,0,108
flat,tata primanti,sector 72,4.25,13076.0,4,4,3+,0.0,Relatively New,Q69318144,2941.0,0,0,0,1,0,2,174
house,independent,sector 105,1.3,11556.0,3,3,1,1.0,Moderately Old,E68592468,1125.0,0,0,0,0,0,0,0
flat,signature global park 4,sector 36,0.85,11333.0,3,2,3,1.0,New Property,E69678674,833.0,0,0,0,0,0,0,33
flat,m3m golfestate,sector 65,5.0,16666.0,3,3,3,2.0,Relatively New,O69258752,3245.0,0,0,0,1,0,2,174
house,bptp astaire gardens,sector 70a,6.5,27873.0,4,4,3+,2.0,New Property,R69569176,2332.0,1,1,0,1,0,2,160
flat,emaar digihomes,sector 62,2.15,14257.0,2,2,3,31.0,Under Construction,B68616192,1676.0,0,0,0,0,0,0,101
flat,signature the roselia,sector 95,0.45,7908.0,2,2,2,2.0,New Property,L66086946,632.0,0,0,0,0,0,2,31
flat,ats triumph,sector 104,2.52,8000.0,4,4,3+,19.0,Relatively New,O66305694,2800.0,0,0,1,1,0,2,156
flat,emaar mgf emerald floors premier,sector 65,2.79,14126.0,4,4,3+,2.0,Relatively New,H69099026,2194.0,1,0,0,1,0,1,174
flat,smartworld 1dxp,sector 113,2.75,10589.0,4,4,3+,20.0,Under Construction,W68576550,2886.0,1,1,0,1,0,1,57
house,bptp visionnaire,sector 70a,6.0,22222.0,5,4,3,3.0,New Property,I69662056,2700.0,1,0,0,0,0,0,40
house,independent,sector 4,3.3,14667.0,3,3,2,1.0,Old Property,S70287950,2250.0,0,0,0,0,0,0,34
flat,green court,new,0.38,5507.0,2,2,1,7.0,Under Construction,U61839206,767.0,0,0,0,0,0,0,35
flat,shree vardhman flora,sector 90,0.65,6789.0,2,2,3,9.0,Relatively New,R67799858,1050.0,1,0,0,0,0,0,67
flat,chd avenue,sector 71,0.79,6594.0,2,2,2,8.0,Relatively New,X49323767,1084.0,0,0,0,0,1,0,0
flat,apex our homes,sector 37c,0.38,4108.0,2,2,1,9.0,Relatively New,P70125476,925.0,0,0,0,0,0,0,65
flat,signature global orchard avenue,sector 93,0.38,6387.0,2,2,2,7.0,Relatively New,Z65692386,661.0,0,0,0,0,0,0,16
flat,global hill view,sector 11,0.36,5150.0,2,2,0,15.0,Relatively New,Q69513906,699.0,0,0,0,0,0,0,0
flat,emaar mgf emerald floors premier,sector 65,2.25,13636.0,3,3,3,3.0,Relatively New,O69343358,1600.0,1,0,0,1,0,2,49
flat,vatika gurgaon,sector 83,1.12,6455.0,3,3,2,17.0,Moderately Old,G65294570,1500.0,0,0,0,0,0,2,111
flat,ramprastha skyz,sector 37d,1.2,6000.0,3,2,1,9.0,Under Construction,F48991065,1900.0,0,0,0,1,1,0,53
flat,paras dews,sector 106,1.14,6000.0,3,4,3,8.0,Relatively New,T70064750,1305.0,1,0,0,1,0,0,49
house,independent,sector 25,9.9,29333.0,5,5,2,2.0,Moderately Old,Y68361814,3375.0,0,1,0,0,0,2,106
flat,avl 36 gurgaon,sector 36a,0.37,10539.0,1,1,1,3.0,Relatively New,Q66757326,319.0,0,0,0,0,0,2,88
house,international city by sobha phase 2,sector 109,5.65,10463.0,4,4,3+,2.0,New Property,B68531796,5400.0,0,0,0,1,1,2,44
house,independent,sector 4,0.65,11111.0,4,2,2,2.0,Moderately Old,R65283270,585.0,0,0,0,0,0,0,0
flat,green court,sector 90,0.45,7188.0,2,2,1,2.0,New Property,M68470638,696.0,0,0,0,0,0,2,42
flat,bestech park view city,sector 48,2.65,10323.0,4,4,3+,11.0,Moderately Old,Z69696264,2134.0,1,0,0,1,0,2,174
house,international city by sobha phase 2,sector 109,8.48,23556.0,4,6,3+,3.0,New Property,J70153062,3600.0,1,1,1,1,0,0,153
house,independent,sector 105,0.38,8444.0,2,2,2,1.0,Moderately Old,H68066338,56.0,0,0,0,0,0,0,0
flat,bptp astaire gardens,sector 70a,0.97,6587.0,3,3,3+,1.0,Relatively New,R41492057,1339.0,0,0,0,0,1,0,149
flat,dlf new town heights,sector 90,1.95,7150.0,4,4,3+,24.0,Relatively New,T69867310,2456.0,0,0,1,1,0,0,174
flat,ats kocoon,sector 109,1.65,10645.0,3,3,3,19.0,Relatively New,R69141828,1650.0,0,0,1,0,0,2,159
house,unitech uniworld resorts,sector 33,9.5,19333.0,6,6,3+,3.0,Moderately Old,Z70123946,4914.0,0,0,0,0,0,2,40
flat,vatika lifestyle homes,sector 83,1.25,6839.0,3,2,1,6.0,Relatively New,B69846404,1654.0,1,1,1,1,0,1,174
house,independent,sector 4,0.55,4074.0,3,3,2,2.0,Relatively New,L69937380,1350.0,0,0,0,0,1,0,7
flat,bptp terra,sector 37d,1.8,8215.0,4,3,3,12.0,Relatively New,H66081186,1983.0,1,0,0,0,0,2,144
flat,godrej oasis,sector 88a,1.45,8082.0,3,3,3,12.0,Relatively New,I69233150,1993.0,0,0,0,0,0,0,49
flat,aipl club residences,sector 70a,0.85,9139.0,2,2,2,5.0,Relatively New,J69964070,842.0,0,0,0,0,0,2,45
flat,sobha city,sector 108,2.33,14463.0,3,3,3,17.0,Relatively New,U69326196,1711.0,0,0,1,0,0,2,159
flat,sidhartha ncr one,sector 95,0.56,4106.0,2,2,2,10.0,New Property,M64213920,1364.0,0,0,0,0,0,0,0
flat,bestech park view residency,sector 2,1.55,8072.0,3,4,3+,10.0,Moderately Old,J70072386,1738.0,0,0,0,1,0,0,100
flat,hcbs sports ville,sohna road,0.24,7407.0,1,1,2,1.0,New Property,D68607336,360.0,0,0,0,0,0,0,68
flat,ss the leaf,sector 85,1.2,12371.0,2,2,2,4.0,Relatively New,L69748098,1190.0,0,0,1,1,0,0,81
flat,godrej oasis,sector 88a,1.45,8367.0,2,2,3+,9.0,Relatively New,I63299060,133.0,1,0,0,0,0,1,85
flat,micasa sec 68,sohna road road,1.5,12244.0,2,2,3,11.0,New Property,C68450894,1361.0,0,0,0,0,0,0,44
flat,signature the roselia,sector 95,0.41,7293.0,2,2,2,12.0,New Property,J70037020,670.0,0,0,0,0,0,2,93
flat,ild grand,sector 37c,0.66,5038.0,2,2,3+,14.0,Relatively New,Y68069556,1310.0,0,0,0,0,0,0,60
flat,smart world gems,sector 89,0.88,7963.0,2,2,3,2.0,New Property,W68438620,1228.0,1,0,0,0,0,0,44
flat,paras quartier,gwal pahari,5.9,11028.0,4,4,3+,0.0,Moderately Old,J69511694,5350.0,0,0,0,0,0,0,63
flat,godrej oasis,sector 88a,1.0,6896.0,2,2,3,7.0,Relatively New,U66115782,1611.0,1,0,0,0,0,0,72
flat,tulip violet,sector 69,1.8,8955.0,4,4,2,9.0,Relatively New,G69975672,1819.0,0,1,0,0,0,2,165
flat,antriksh heights,sector 84,0.79,4579.0,3,3,3+,8.0,New Property,Z67825922,1561.0,0,0,0,0,0,0,24
flat,umang monsoon breeze,sector 78,1.05,5666.0,3,3,3,6.0,Moderately Old,D67904324,1853.0,0,0,0,0,0,0,0
flat,ireo victory valley,sector 67,3.15,12846.0,3,4,3+,15.0,Relatively New,I68178284,2219.0,0,1,0,1,0,2,149
flat,tulip violet,sector 69,1.55,9822.0,3,3,2,0.0,Relatively New,O69570742,1428.0,0,1,0,0,0,2,129
house,aindependentt raj estates,sector 63a,8.5,27139.0,6,6,3+,3.0,Under Construction,L60330100,3132.0,0,1,1,0,0,0,29
flat,pivotal devaan apartments,sector 84,0.39,6500.0,2,2,0,5.0,Relatively New,M69839388,549.0,0,0,0,0,0,0,0
flat,vipul belmonte,sector 53,6.0,24490.0,3,4,3+,6.0,Moderately Old,X69526946,2217.0,0,0,0,1,1,2,26
flat,apartment,sector 92,0.75,4687.0,3,4,3,2.0,Moderately Old,S69087390,1778.0,1,0,0,0,0,0,113
flat,signature global park,sohna road,0.72,5991.0,2,2,3,3.0,Relatively New,K69315712,1095.0,0,1,0,0,0,0,158
flat,ansal heights 86,sector 86,1.25,7396.0,3,2,1,11.0,New Property,C68557164,1529.0,0,0,0,0,0,0,45
flat,deepak minda,manesar,1.25,4716.0,3,3,3+,6.0,Moderately Old,P63886926,2944.0,0,0,0,1,0,0,44
flat,dlf regal gardens,sector 90,1.21,6926.0,3,3,3+,29.0,Relatively New,O41345031,1581.0,0,0,0,0,1,0,95
house,vipul tatvam villa,sector 48,8.2,25309.0,3,3,2,2.0,Moderately Old,H69998944,3240.0,1,1,0,1,0,1,160
flat,m3m woodshire,sector 107,0.8,5856.0,2,2,3+,6.0,Relatively New,F69544930,1204.0,0,1,0,0,0,2,174
house,independent,sector 51,2.25,2778.0,6,3,3+,3.0,Relatively New,L69209886,900.0,0,0,0,0,0,0,54
flat,ireo the grand arch,sector 58,3.83,21577.0,3,4,2,10.0,Relatively New,R69355184,2000.0,1,0,0,1,0,2,174
flat,emaar mgf emerald estate,sector 65,1.3,20602.0,2,2,2,7.0,Relatively New,L69598068,812.0,1,0,0,0,0,0,78
flat,la vida by tata housing,sector 113,2.4,10825.0,3,4,3+,5.0,Relatively New,U69781434,1940.0,0,0,0,1,0,0,49
flat,sare petioles,sector 92,1.22,5250.0,4,3,3,9.0,Under Construction,B12964797,2093.0,0,0,0,1,0,0,99
flat,m3m woodshire,sector 107,0.9,5867.0,2,2,3,8.0,Relatively New,C57468912,1281.0,1,0,0,0,0,2,74
flat,valley view estate,gwal pahari,1.5,8278.0,4,4,3+,9.0,Old Property,F69492454,2013.0,1,0,0,1,1,0,135
flat,central park flower valley,sector 33,1.55,11923.0,3,3,3+,7.0,New Property,Q69600700,1444.0,0,0,0,0,0,2,28
flat,dlf the ultima,sector 81,3.46,12047.0,4,4,3+,10.0,New Property,S69786590,2599.0,0,0,0,1,0,1,161
flat,antriksh heights,sector 84,0.9,4444.0,3,3,3,18.0,Relatively New,F69973180,1833.0,0,1,0,1,0,0,59
flat,bptp terra,sector 37d,1.5,8255.0,3,3,3,12.0,Relatively New,G70022990,1686.0,0,0,0,0,1,0,49
flat,signature global synera,sector 81,0.5,6802.0,2,2,3,6.0,Relatively New,O69389840,700.0,0,0,0,0,0,0,117
flat,silverglades the melia,sohna road,0.91,6800.0,2,2,3,1.0,New Property,Q66806930,1222.0,1,0,0,0,0,0,72
flat,experion windchants,sector 112,3.75,13383.0,3,5,3+,22.0,Relatively New,T70109814,2536.0,0,0,0,1,0,2,49
house,dlf city plots,sector 26,16.0,37780.0,4,4,3,1.0,Relatively New,E69623360,4235.0,1,1,1,0,0,0,7
flat,ambience creacions,sector 22,2.79,15000.0,3,3,3,13.0,New Property,Y61449034,1860.0,0,0,0,0,0,1,158
flat,unitech uniworld gardens,sector 47,2.15,10306.0,3,4,3+,10.0,Moderately Old,P69470654,1950.0,0,0,0,1,0,0,49
flat,suposhaa smartworld orchard,sector 61,2.25,14525.0,3,3,2,3.0,Under Construction,P69302034,1721.0,0,0,0,0,0,0,0
flat,tulip violet,sector 69,1.85,9203.0,4,4,2,14.0,Relatively New,Y69407976,1819.0,0,0,0,0,0,2,157
flat,signature global infinity mall,sector 36,0.41,6269.0,2,2,3,3.0,New Property,S68847140,654.0,0,0,0,0,0,0,0
flat,godrej habitat,sector 3,1.1,10410.0,2,2,2,14.0,Under Construction,X61744324,956.0,0,0,0,0,0,0,60
flat,emaar gurgaon greens,sector 102,1.45,8787.0,3,3,3,8.0,Relatively New,J69848742,1300.0,0,0,0,1,0,0,49
flat,smart world orchard,sector 61,1.6,13913.0,2,2,2,4.0,Under Construction,Q66609632,1278.0,0,0,0,0,0,0,16
flat,capital residences 360,sector 70a,1.1,7586.0,2,2,2,10.0,Relatively New,B69688910,1312.0,1,0,0,0,0,0,42
house,independent,sector 49,4.5,15625.0,8,8,3,3.0,Moderately Old,A68250960,2880.0,1,1,1,1,0,1,151
flat,vatika inxt floors,sector 82a,0.75,7500.0,2,2,2,1.0,Relatively New,I68426572,1000.0,0,0,0,0,0,0,0
flat,essel towers,sector 14,2.2,12500.0,3,4,3+,3.0,Old Property,B68924952,1956.0,0,0,0,0,0,0,0
flat,la vida by tata housing,sector 113,2.7,16363.0,3,4,3+,4.0,Relatively New,B69810550,2217.0,0,0,0,1,0,2,49
house,bhawani enclave,sector 12,0.42,8235.0,3,3,0,2.0,New Property,M69796502,567.0,0,1,0,0,0,0,0
flat,m3m urbana,sector 67,1.0,12106.0,1,1,1,17.0,Relatively New,E66326536,826.0,0,0,0,0,0,0,49
flat,central park resort belgravia residences,sector 48,6.25,24300.0,3,5,3+,5.0,Moderately Old,E68802270,3200.0,0,0,0,1,0,2,49
flat,uphaar residency 2,sector 105,0.42,5600.0,3,2,1,0.0,Moderately Old,V66177344,833.0,0,0,0,0,1,0,7
flat,ss the leaf,sector 85,1.04,5973.0,2,3,3+,4.0,Relatively New,O66846568,1576.0,0,0,1,0,0,0,113
flat,krrish provence estate,gwal pahari,5.5,9482.0,4,5,3+,11.0,New Property,S69942394,5249.0,1,1,0,1,0,0,151
flat,signature global park,sohna road,0.9,8036.0,3,2,0,2.0,Under Construction,O68636314,1120.0,0,0,0,0,0,0,58
house,independent,sector 12,3.5,14787.0,8,8,3+,3.0,Relatively New,A65227308,4800.0,1,1,0,1,0,1,77
flat,signature global solera,sector 107,0.35,6489.0,2,2,2,8.0,Relatively New,J69217284,608.0,0,0,0,0,0,0,45
house,independent,sector 8,0.82,10224.0,2,4,0,2.0,Moderately Old,Y68833322,891.0,0,0,0,0,0,0,0
house,independent,sector 46,2.2,24202.0,3,3,2,3.0,Old Property,W69471658,909.0,0,0,1,0,0,2,56
house,independent,sector 31,3.69,23699.0,4,4,2,2.0,Moderately Old,B69208946,1557.0,1,1,0,1,0,2,75
flat,elevate,sector 50,6.75,19882.0,4,4,0,10.0,Moderately Old,H69856042,3395.0,0,0,0,0,0,0,0
flat,raheja navodaya,sector 92,0.85,4271.0,3,3,3,2.0,Relatively New,X68141470,1801.0,0,0,0,0,0,0,100
house,vatika india next,sector 82,7.0,21605.0,4,4,3+,3.0,Relatively New,O69921822,3900.0,0,0,0,1,0,1,105
flat,ats tourmaline,sector 109,1.4,8000.0,3,3,3+,8.0,Relatively New,R65958512,1466.0,0,0,1,0,0,0,119
flat,antriksh heights,sector 84,0.69,5111.0,2,2,3+,8.0,Relatively New,L69973338,1222.0,1,0,0,0,0,0,59
flat,bestech park view residency,sector 2,0.55,8461.0,1,1,2,7.0,Moderately Old,Z44931141,588.0,0,0,0,0,0,0,31
house,experion windchants,sector 112,9.5,23457.0,5,5,3,2.0,Relatively New,L67975250,7450.0,0,0,0,1,0,0,45
flat,surya vihar rwa,sector 21,1.3,6500.0,5,5,2,2.0,Old Property,V56621680,2400.0,1,0,1,1,0,2,42
house,independent,sector 7,1.75,11111.0,4,2,2,2.0,Old Property,O69082386,1575.0,0,0,0,0,1,0,31
flat,emaar gurgaon greens,sector 102,1.45,14179.0,3,3,3,10.0,Relatively New,D69431806,1315.0,0,0,0,1,0,0,165
flat,shapoorji pallonji joyville gurugram,sector 102,1.6,11700.0,2,2,3,14.0,Moderately Old,K69091354,1368.0,0,0,0,0,0,0,0
flat,ambience creacions,sector 22,4.78,15469.0,3,4,3,7.0,Relatively New,U68608612,2500.0,0,0,0,1,1,1,111
house,independent,sector 3 phase 3 extension,0.85,8500.0,1,1,0,1.0,Moderately Old,T66439054,1000.0,0,0,0,0,0,0,0
flat,puri diplomatic greens,sector 111,2.25,13235.0,3,3,2,12.0,Relatively New,R69578844,1538.0,0,0,0,0,0,0,101
flat,dlf new town heights,sector 91,1.8,7679.0,4,4,3+,6.0,Moderately Old,A70082770,2604.0,0,1,0,1,0,0,81
house,independent,sector 39,1.8,21875.0,1,1,2,3.0,Relatively New,S67904518,800.0,0,0,0,0,0,0,0
flat,dlf the arbour,sector 63,7.8,19747.0,4,4,0,6.0,New Property,Q69739946,3950.0,0,0,0,0,0,0,61
flat,m3m soulitude,sector 89,1.3,8700.0,3,3,2,1.0,New Property,Y70142130,1179.0,0,0,0,0,1,0,45
flat,pgr shree kripaluji apartment,sector 52,1.4,6086.0,3,3,3+,8.0,Relatively New,M69732980,2556.0,0,0,0,0,0,2,80
flat,m3m woodshire,sector 107,1.8,7623.0,3,4,3+,2.0,Relatively New,M69453782,1837.0,0,0,0,1,0,0,129
flat,alpha corp gurgaonone,sector 84,1.5,7641.0,3,3,3,20.0,Relatively New,Q70006900,1833.0,0,0,0,1,0,2,37
flat,vatika gurgaon,sector 83,1.4,6628.0,3,3,2,7.0,Relatively New,R27159915,1570.0,0,0,0,0,0,2,74
flat,eldeco accolade,sohna road,0.95,6542.0,2,2,3+,6.0,New Property,G54006748,1129.0,1,0,0,0,0,2,56
flat,today callidora,sector 73,1.0,7692.0,2,2,2,13.0,New Property,F70004456,1444.0,0,0,0,0,0,0,0
flat,shapoorji pallonji joyville gurugram,sector 102,0.95,10383.0,2,2,2,14.0,Relatively New,P69078414,915.0,0,0,0,0,0,0,0
flat,orris carnation residency,sector 85,0.9,4531.0,4,4,3,8.0,Moderately Old,L69103748,1575.0,0,0,0,0,0,2,40
flat,eldeco accolade,sohna road,1.1,7549.0,2,2,3+,17.0,Relatively New,G54918888,1319.0,1,0,0,0,1,2,7
flat,signature global superbia,sector 95,0.4,6728.0,2,2,3,2.0,Under Construction,S69880812,661.0,0,0,0,0,0,0,0
house,ansals palam vihar,sector 2,2.68,17213.0,4,3,2,3.0,Moderately Old,B68172110,1557.0,0,0,1,0,0,2,74
flat,ansal housing highland park,sector 103,0.8,5878.0,2,2,3,3.0,New Property,Y68584460,1089.0,0,1,0,0,0,0,174
flat,pyramid urban homes 2,sector 86,0.5,9698.0,2,2,2,6.0,Old Property,J69380510,573.0,0,0,0,0,0,0,15
flat,rwa,sector 7,0.48,6000.0,3,2,1,1.0,New Property,R70015770,889.0,0,0,0,0,0,0,21
flat,pioneer park,sector 61,2.0,11764.0,3,3,3,24.0,Moderately Old,H68382146,1538.0,0,0,0,0,0,2,75
house,independent,sector 24,3.25,30374.0,4,4,3,3.0,Old Property,U55815156,1070.0,0,0,0,0,0,0,15
flat,the nav manesar apartment,sector 1,0.85,3953.0,3,3,3+,5.0,Moderately Old,A68198542,1946.0,0,0,0,1,0,0,5
house,spaze privy,sector 72,3.09,6981.0,5,5,3+,14.0,Relatively New,W67904058,3653.0,0,0,0,1,0,2,33
flat,tulip violet,sector 69,1.43,8886.0,3,3,2,1.0,Relatively New,R69568362,1305.0,0,1,0,0,0,0,86
flat,pareena laxmi apartments,sector 99a,0.32,5786.0,2,2,2,11.0,New Property,Z66464876,502.0,0,0,0,0,0,0,66
flat,signature global city 81,sector 81,0.82,8639.0,2,2,3,2.0,Relatively New,Y69777076,955.0,0,0,0,0,0,0,53
house,independent,sector 4,0.67,8557.0,3,2,1,1.0,Moderately Old,C69834964,783.0,0,1,0,0,1,0,19
flat,mahindra aura,sector 110,1.8,8814.0,3,3,3+,7.0,Relatively New,S69100154,1850.0,0,0,0,1,0,2,136
house,independent,sector 7,0.69,9103.0,1,1,1,2.0,Old Property,F67903768,758.0,0,0,0,0,0,0,0
flat,milan cghs 9,sector 39,2.0,8333.0,3,3,3+,0.0,Old Property,G69080104,2400.0,0,0,0,0,0,0,0
flat,breez global heights,sohna road,0.46,6478.0,2,2,2,6.0,Relatively New,H69560214,789.0,0,0,0,0,0,1,49
house,iffco nagar and 17b rwa,sector 17,2.98,20566.0,2,6,3+,3.0,Relatively New,E70081436,1449.0,1,1,0,0,0,0,78
flat,pyramid urban,sector 67a,0.6,8571.0,2,2,2,14.0,New Property,T69835524,633.0,0,0,0,0,0,0,15
house,independent,sector 4,0.55,6813.0,2,1,1,1.0,Moderately Old,J62553070,75.0,0,0,0,0,0,0,0
flat,experion heartsong,dwarka expressway,1.08,6150.0,3,3,0,2.0,Under Construction,G8922001,1758.0,0,0,0,0,0,0,0
flat,central park flower valley aqua front towers,sector 33,1.7,9449.0,3,3,3+,5.0,New Property,F56404940,1697.0,0,0,0,0,0,2,44
house,independent,sector 55,3.55,24500.0,4,4,3+,2.0,Old Property,L70105542,1449.0,0,0,0,0,0,2,27
flat,green homes,sector 52,1.85,7872.0,3,3,3,7.0,Moderately Old,E69072636,2127.0,0,0,0,1,0,0,28
flat,experion the heartsong,sector 108,0.87,11845.0,2,3,3,2.0,Relatively New,Q67864736,978.23,0,0,0,1,0,2,123
flat,tulip violet,sector 69,1.43,9039.0,3,3,2,1.0,Relatively New,F69354742,1428.0,0,1,0,0,0,0,102
flat,bestech park view ananda,sector 81,1.35,7541.0,3,3,3+,10.0,Moderately Old,P69234252,1438.0,0,0,1,0,0,2,72
flat,hcbs sports ville,sohna road,0.29,5587.0,2,2,1,4.0,Relatively New,S68825922,577.0,0,0,0,0,0,0,44
house,ansals florence villa,sector 57,3.3,19820.0,4,3,3+,2.0,Moderately Old,Y69091740,1665.0,1,1,1,1,0,0,151
flat,paras dews,sector 106,1.32,5605.0,4,5,3+,11.0,Relatively New,Y69429218,1535.0,0,0,0,1,0,0,49
house,independent,sector 43,1.9,3909.0,3,3,3+,3.0,Old Property,B67000852,60.0,0,0,0,0,0,1,0
house,independent,sector 36,0.75,6938.0,3,1,0,1.0,New Property,G67502202,1081.0,0,0,0,0,0,0,0
flat,rof ananda,sector 95,0.55,8527.0,3,2,2,14.0,New Property,E69600022,811.0,1,0,0,0,0,2,81
flat,tulip violet,sector 69,1.44,9125.0,3,3,2,1.0,Relatively New,Q69429568,1381.0,0,1,0,0,0,0,174
flat,ats tourmaline,sector 109,1.45,6744.0,3,4,3+,4.0,Relatively New,D64898286,1797.0,0,0,0,1,0,0,71
flat,godrej oasis,sector 88a,1.15,9856.0,2,2,1,12.0,New Property,O70144978,120.0,1,0,0,0,0,0,79
flat,indiabulls centrum park,sector 103,2.36,9182.0,4,6,3+,8.0,Relatively New,B69312092,2729.0,0,0,0,1,0,2,159
flat,corona gracieux,sector 76,1.05,5949.0,3,3,3+,7.0,Relatively New,C69055372,1597.0,0,0,0,0,0,2,133
flat,godrej,sector 79,1.33,8531.0,2,2,3,6.0,Relatively New,W69483012,1411.0,1,0,0,0,0,0,158
house,independent,sector 46,4.25,23148.0,5,4,2,3.0,Moderately Old,Y69486408,1836.0,0,0,1,0,0,2,57
flat,bestech park view city,sector 49,3.0,12589.0,4,4,3,5.0,Moderately Old,L69627884,2200.0,0,1,0,1,0,2,141
flat,emaar digihomes,sector 62,4.25,26562.0,3,3,3,8.0,Under Construction,J68201818,1600.0,1,0,0,0,0,0,16
house,palam vihar extension west zone rwa,sector 2,0.35,6481.0,2,2,0,1.0,New Property,J65657404,600.0,0,0,0,0,0,0,0
flat,sare homes,sector 92,1.18,5207.0,4,4,3,8.0,Relatively New,K69810986,2518.0,0,0,0,1,0,0,108
flat,ss the leaf,sector 85,2.03,7230.0,4,4,3+,3.0,Relatively New,H69585066,2225.0,0,0,0,0,1,0,49
house,independent,sector 7,6.5,15046.0,3,2,3+,2.0,Old Property,V39950201,4320.0,0,0,0,0,0,0,9
flat,vidya apartment,sector 3 phase 3 extension,0.22,4210.0,2,2,1,1.0,Relatively New,O50995620,570.0,0,0,0,0,1,1,36
house,independent,sector 56,4.0,26613.0,4,4,3+,2.0,Relatively New,T60111342,1503.0,0,0,0,0,0,2,24
flat,eldeco accolade,sohna road,0.73,5752.0,2,2,3,9.0,Relatively New,W67702602,1148.0,0,1,0,0,0,0,103
house,independent,sector 57,3.5,21605.0,4,4,3+,3.0,Old Property,E68275318,1620.0,0,0,1,0,0,2,67
flat,ats tourmaline,sector 109,1.4,8000.0,3,3,3+,12.0,Relatively New,W50058892,1584.0,0,0,0,0,1,0,65
flat,godrej air,sector 85,1.35,13632.0,2,2,3,19.0,Under Construction,C63223510,102.0,0,0,0,0,0,0,44
house,independent,sector 46,5.65,23870.0,8,6,3+,3.0,Moderately Old,A69470986,2367.0,0,0,0,1,0,2,67
flat,shree vardhman flora,sector 90,0.7,4615.0,2,2,3,9.0,New Property,G39255297,1224.0,1,0,0,0,1,0,51
house,dlf city plots,sector 26,4.0,4531.0,4,3,2,2.0,Relatively New,J70013000,8829.0,0,0,0,0,0,2,0
flat,aditya apartment,manesar,1.0,4033.0,3,4,0,3.0,New Property,C20893671,2480.0,0,0,0,0,0,0,0
flat,conscient elevate,sector 59,4.25,18518.0,3,4,3,3.0,Under Construction,D69024020,2077.0,0,0,0,0,0,0,0
flat,smart world orchard,sector 61,1.9,22700.0,3,3,3,1.0,New Property,P65721546,1137.0,0,0,0,0,0,0,30
flat,shapoorji pallonji joyville gurugram,sector 102,2.0,10799.0,3,3,3,9.0,Relatively New,R70022430,1676.0,0,0,0,0,0,0,49
house,independent,sector 2,2.95,15989.0,4,4,3+,2.0,Old Property,X70117098,1845.0,0,0,0,0,0,0,27
house,shivaji nagar residential,sector 11,3.08,11407.0,6,4,2,1.0,Moderately Old,M68021744,2700.0,0,0,0,0,0,0,0
house,dlf the grove,sector 54,5.7,23457.0,4,4,0,1.0,Moderately Old,F68946776,2430.0,0,0,0,0,0,0,46
flat,sobha city,sector 108,2.1,13975.0,2,2,2,3.0,Under Construction,Y67006136,1250.0,0,0,0,0,0,0,74
flat,alpha corp gurgaonone,sector 84,2.2,6406.0,4,4,3+,15.0,Relatively New,T70162906,3108.0,0,0,0,1,0,0,97
flat,ats tourmaline,sector 109,1.75,8139.0,3,4,3+,9.0,Relatively New,L69512094,1946.0,0,0,0,1,0,0,94
flat,railway officers rpf society,sector 9a,1.3,5039.0,4,4,3+,9.0,Old Property,O67903928,2580.0,0,0,0,0,0,0,0
house,indiabulls centrum park,sector 103,3.25,8125.0,4,3,3+,20.0,Under Construction,I68315640,4000.0,0,0,0,0,0,0,51
flat,tulip violet,sector 69,1.4,9102.0,3,3,1,12.0,Relatively New,X69653224,1392.0,0,0,0,0,0,2,157
flat,shapoorji pallonji joyville gurugram,sector 102,1.1,12181.0,2,2,1,8.0,Under Construction,V68286938,817.0,0,0,0,0,0,0,105
flat,signature global solera,sector 107,0.5,7692.0,2,2,1,11.0,Relatively New,Z68531202,494.0,0,0,0,0,0,0,55
flat,la vida by tata housing,sector 113,3.35,16750.0,3,4,3+,12.0,New Property,Y69770160,2200.0,1,0,0,1,0,0,174
flat,cghs vidya enclave,sector 56,1.7,10967.0,3,2,3,6.0,Old Property,Z69212182,1585.0,0,0,1,0,0,0,101
flat,dlf the ultima,sector 81,3.45,12356.0,4,4,3+,25.0,Moderately Old,Z68652142,2527.0,0,0,0,1,0,0,67
flat,emaar gurgaon greens,sector 102,1.3,7878.0,3,3,3,7.0,Relatively New,Q61696670,1388.0,0,0,0,1,0,0,93
flat,eldeco accolade,sohna road,0.95,6554.0,2,2,3,8.0,Under Construction,Y67455364,1131.0,1,0,0,0,0,0,42
house,vipul tatvam villa,sector 48,7.25,27971.0,3,4,2,2.0,Moderately Old,F70119766,2592.0,1,1,1,1,0,2,115
flat,ss the leaf,sector 85,1.24,7122.0,2,2,3,10.0,Relatively New,L70086096,1730.0,0,0,0,0,0,0,49
flat,smart world orchard,sector 61,2.2,13496.0,3,3,2,3.0,Under Construction,C68443708,1811.0,0,0,0,0,0,0,16
flat,smart world gems,sector 89,1.3,9135.0,3,3,2,2.0,New Property,X66582760,1581.0,1,0,0,0,0,0,44
flat,smart world gems,sector 89,0.88,7978.0,2,2,0,2.0,New Property,J69238068,1103.0,0,0,0,0,0,0,45
house,independent,sector 92,8.31,24171.0,5,6,3+,4.0,Old Property,E69994668,3438.0,1,1,1,1,0,0,34
flat,conscient heritage max,sector 102,1.82,9371.0,3,4,3+,15.0,Moderately Old,N70043450,1757.0,0,0,0,1,0,0,125
flat,smart world orchard,sector 61,1.7,15178.0,2,2,2,4.0,Under Construction,I66957408,1244.0,1,0,0,0,0,0,127
flat,emaar mgf emerald floors premier,sector 65,2.35,14242.0,3,3,2,4.0,Relatively New,U70023960,1650.0,1,0,0,1,0,0,165
flat,rof aalayas,sector 102,0.45,6000.0,1,1,2,6.0,Relatively New,Z69515124,750.0,0,0,0,0,0,0,0
house,independent,sector 6,0.75,10518.0,2,4,1,3.0,Moderately Old,S65481788,713.0,0,0,0,0,0,0,62
flat,signature global city 63a,sector 63a,1.55,14783.0,2,2,2,2.0,Under Construction,S70013926,1167.0,0,0,0,0,0,0,0
house,independent,sector 1,1.85,16003.0,4,3,2,3.0,Moderately Old,A67903828,1284.0,0,0,0,0,0,0,0
flat,supertech araville,sector 79,1.35,6940.0,3,3,3,4.0,Relatively New,H68825634,2161.0,0,0,0,0,0,0,0
flat,orris aster court,sector 85,0.67,5825.0,2,2,2,5.0,Relatively New,A64944642,1250.0,0,0,0,0,1,2,174
flat,lotus homz,sector 111,0.7,10057.0,2,2,2,8.0,Relatively New,J69627294,773.0,0,0,0,0,0,0,68
flat,corona optus,sector 37c,1.27,7231.0,3,3,3,2.0,Relatively New,I70044694,1595.0,0,0,0,0,1,0,49
flat,the new crpf apartments,sector 9a,0.75,5813.0,3,3,3,6.0,Old Property,G70096950,1433.0,0,1,0,0,0,0,31
flat,ss the leaf,sector 85,1.14,6951.0,2,2,3,4.0,Relatively New,S69449988,1484.0,0,0,0,0,0,0,109
flat,bptp terra,sector 37d,1.79,8983.0,4,3,3,15.0,Relatively New,S70026262,1808.0,0,0,0,0,1,2,37
flat,dlf regal gardens,sector 90,1.25,10416.0,3,3,3,18.0,Moderately Old,Z68626288,1437.0,0,0,0,1,0,0,100
flat,umang winter hills,sector 77,1.2,6586.0,3,3,3,14.0,Relatively New,S69814050,1822.0,0,0,0,0,0,0,46
flat,umang winter hills,sector 77,0.92,5049.0,3,3,3,17.0,Relatively New,G68287864,1602.0,0,0,0,0,1,2,49
flat,orchid petals,sector 49,1.9,10526.0,3,3,3,2.0,Old Property,H69821268,1600.0,0,0,0,0,1,2,49
house,independent,sector 23,4.0,16004.0,3,3,2,2.0,Moderately Old,B54749950,2430.0,0,0,0,1,0,2,115
flat,rof ananda,sector 95,0.26,6842.0,1,1,1,8.0,New Property,S65553662,422.0,0,0,0,0,0,0,49
flat,conscient heritage max,sector 102,3.0,10489.0,4,4,3+,7.0,Relatively New,M67522174,3178.0,0,0,0,0,1,2,65
flat,umang winter hills,sector 77,1.0,7500.0,2,2,2,3.0,New Property,W61214098,1489.0,0,0,0,0,0,0,74
house,independent,sector 2,6.0,20000.0,4,4,1,2.0,Relatively New,X69650252,3000.0,0,0,0,0,0,0,0
flat,tulip violet,sector 69,1.65,8872.0,3,3,2,1.0,Relatively New,B66250438,1578.0,0,0,0,0,0,2,69
flat,shree vardhman victoria,sector 70,1.5,7692.0,3,5,3,7.0,Relatively New,Z70122968,1527.0,0,0,0,1,0,2,174
flat,pareena coban residences,sector 99a,1.23,6159.0,3,5,3,5.0,Relatively New,P69410574,1807.0,0,0,0,1,0,0,99
flat,ats tourmaline,sector 109,1.4,8000.0,3,3,3+,9.0,Relatively New,P69511818,1584.0,0,0,0,0,0,0,95
flat,signature global park 4,sector 36,0.82,7585.0,3,2,3,2.0,New Property,P69347302,1201.0,0,0,0,0,0,0,24
house,independent,sector 8,0.32,7111.0,2,3,1,1.0,Relatively New,V68368412,450.0,0,0,0,0,0,0,0
flat,aipl the peaceful homes,sector 70a,2.4,11162.0,3,3,3,11.0,Relatively New,L68419948,1946.0,0,0,0,1,0,0,108
flat,tulip violet,sector 69,1.95,9701.0,4,4,2,0.0,Relatively New,Z69721338,1819.0,0,0,0,0,0,0,157
flat,raheja vedaanta,sector 108,0.65,4761.0,2,2,2,5.0,Relatively New,Y67111934,1235.0,0,1,0,0,0,2,174
flat,dlf regal gardens,sector 90,1.75,7900.0,4,4,3+,3.0,Relatively New,E69221550,2005.0,0,0,0,0,1,0,6
house,independent,sector 53,4.0,17778.0,5,5,2,3.0,Relatively New,H47319641,2250.0,1,0,0,0,0,0,23
flat,tata primanti,sector 72,6.75,19285.0,4,4,3+,0.0,New Property,R70100752,4000.0,0,0,0,1,0,2,174
flat,emaar gurgaon greens,sector 102,1.42,8606.0,3,3,3,7.0,Relatively New,Z69307376,1315.0,0,0,0,1,0,0,128
flat,ss the leaf,sector 85,1.2,7317.0,2,2,3,12.0,Relatively New,M69406586,1484.0,0,0,0,0,0,2,157
flat,pivotal devaan,sector 84,0.34,5831.0,2,2,1,3.0,Relatively New,X69623938,533.0,0,0,1,0,0,0,75
house,international city by sobha phase 1,sector 109,5.85,26423.0,4,5,3+,2.0,Relatively New,J69123006,2214.0,0,0,0,1,0,2,85
flat,smart world gems,sector 89,1.05,9519.0,2,2,2,4.0,Under Construction,E70135102,1103.0,1,0,0,0,1,0,38
flat,tulip violet,sector 69,1.68,10071.0,3,3,2,0.0,Relatively New,A69722906,1510.0,0,0,0,0,0,0,157
flat,.,gwal pahari,7.0,11000.0,4,4,3+,6.0,Relatively New,O20505021,5430.0,0,0,0,1,0,0,52
flat,ss hibiscus,sector 50,6.0,12272.0,4,3,3,5.0,Moderately Old,W68296278,3982.0,0,0,0,1,0,0,31
flat,mvn athens,sohna road,0.24,4210.0,2,2,1,12.0,Relatively New,R70087278,516.0,0,0,0,0,0,0,38
flat,bestech park view residency,sector 2,0.56,8632.0,1,2,2,7.0,Moderately Old,S67914568,723.0,0,0,0,0,0,0,92
flat,paras dews,sector 106,1.05,8536.0,3,4,3+,10.0,Relatively New,I68452460,1345.0,0,0,0,1,0,0,174
flat,emaar palm gardens,sector 83,1.76,9263.0,3,3,3,6.0,Relatively New,H69976064,1500.0,0,0,0,1,0,2,165
flat,professors enclave cghs,sector 56,1.55,7750.0,3,3,3+,6.0,Moderately Old,E68625668,1810.0,0,0,0,1,0,2,49
flat,emaar mgf the palm drive,sector 66,4.6,18400.0,3,3,3,11.0,Relatively New,B65904102,2882.0,1,1,1,1,0,0,131
flat,tulip violet,sector 69,1.46,9252.0,3,3,2,0.0,Relatively New,J68538370,1428.0,0,1,0,0,0,2,174
house,ss aaron ville,sector 76,6.75,19737.0,5,4,2,2.0,Old Property,F62649750,3420.0,1,0,1,1,0,0,78
house,independent,sector 7,1.95,13542.0,2,2,2,2.0,Old Property,B69450498,1440.0,0,0,0,0,0,0,0
house,independent,sector 24,5.25,38889.0,4,4,3+,2.0,Relatively New,P69454768,1350.0,0,1,0,1,0,2,72
house,experion windchants,sector 112,7.99,12519.0,4,6,3,2.0,New Property,H57070296,6382.0,0,1,1,1,0,2,129
flat,sahara grace,sector 28,4.3,12420.0,3,4,3,5.0,Old Property,H69954502,3133.0,0,0,1,1,0,0,24
flat,ats kocoon,sector 109,1.7,9742.0,3,3,3,21.0,Moderately Old,I70108688,1550.0,0,0,0,0,0,0,49
flat,pareena laxmi apartments,sector 99a,0.32,5521.0,2,2,1,2.0,New Property,I68689004,577.0,0,0,0,0,0,0,43
flat,alpha corp gurgaonone,sector 84,0.85,6692.0,2,2,3,6.0,Relatively New,I69430670,1158.0,0,0,0,0,0,2,28
flat,pioneer park,sector 61,3.6,12627.0,4,4,3,3.0,Moderately Old,E70071544,2580.0,0,0,0,1,0,2,121
flat,pivotal devaan,sector 84,0.35,6003.0,2,2,1,4.0,Relatively New,S70177248,528.0,0,0,0,0,0,0,37
house,ansals palam vihar,sector 2,9.0,19231.0,5,5,2,2.0,Old Property,D70306196,4680.0,1,1,1,1,0,1,110
flat,m3m skywalk,sector 74,1.5,10714.0,2,2,1,8.0,New Property,R62630186,1556.0,0,0,0,0,0,0,16
flat,the close north,sector 50,2.35,11767.0,3,3,3+,8.0,Moderately Old,Z69735238,1950.0,0,0,0,0,0,2,165
flat,the lions cghs,sector 56,2.05,7884.0,4,4,3+,7.0,Old Property,F68681970,2600.0,0,0,1,0,0,2,120
house,sai kripa floors 5,sector 11,0.9,11250.0,2,5,3,3.0,Relatively New,W68201752,800.0,0,0,0,0,0,0,0
flat,m3m merlin,sector 67,3.4,14418.0,3,4,3,17.0,Relatively New,K69205334,2134.0,0,0,0,1,0,2,174
house,independent,sector 110,0.34,6800.0,1,1,0,1.0,Old Property,T67766782,500.0,0,0,0,0,0,0,0
flat,adani m2k oyster grande,sector 102,2.4,9305.0,3,4,3+,3.0,Relatively New,Y69101770,2334.0,1,0,0,0,0,2,49
flat,signature global solera,sector 107,0.5,7751.0,3,2,2,6.0,Relatively New,W69403810,717.0,0,0,0,0,1,0,49
flat,oriental valley chs,sector 9a,1.5,9090.0,4,3,3+,8.0,Relatively New,V52081048,1833.0,0,0,0,0,0,2,8
flat,dlf new town heights,sector 86,1.3,6735.0,3,3,3,12.0,Moderately Old,H46416043,1747.0,0,1,0,1,0,0,106
house,independent,sector 24,10.0,25543.0,8,10,3+,1.0,Old Property,G68527282,3915.0,0,0,0,0,0,0,0
flat,pyramid urban homes 2,sector 86,0.42,8483.0,2,2,1,2.0,New Property,P68674596,557.0,1,1,0,1,1,0,84
flat,emaar mgf palm studios,sector 66,1.45,14795.0,2,2,3,3.0,Relatively New,Z68490140,1082.0,0,0,0,0,0,0,92
flat,antriksh heights,sector 84,0.84,4869.0,3,3,3+,8.0,New Property,G69088060,1561.0,0,1,0,0,0,0,60
house,independent,sector 39,0.34,7555.0,1,1,1,1.0,Relatively New,R66303342,450.0,0,0,0,0,0,0,0
flat,tulip monsella,sector 53,6.02,20816.0,3,3,3,29.0,Under Construction,W69383634,2892.0,0,0,0,0,0,0,68
flat,ss the leaf,sector 85,2.0,11869.0,3,4,3,5.0,Relatively New,C69856862,2026.0,0,0,0,1,0,0,156
flat,godrej summit,sector 104,0.85,5878.0,2,2,3+,10.0,Relatively New,H50040316,1269.0,1,0,0,0,0,0,79
flat,ss the leaf,sector 85,1.06,6343.0,2,2,2,12.0,Relatively New,T69812958,1512.0,0,0,0,0,0,0,44
flat,hsiidc sidco shivalik apartments,manesar,0.6,4000.0,3,2,2,5.0,Moderately Old,S70129104,1277.0,0,0,0,0,0,0,80
flat,dlf city plots phase 3,sector 24,6.5,18571.0,4,5,3+,3.0,New Property,G70159794,3889.0,0,0,0,1,0,1,42
house,independent,sector 3 phase 3 extension,1.0,6667.0,1,1,0,1.0,Moderately Old,M68022122,1500.0,0,0,0,0,0,0,0
flat,shree vardhman flora,sector 90,0.75,5769.0,2,2,3,8.0,Relatively New,M68785780,1444.0,0,0,0,0,0,0,60
flat,adani aangan arcade,sector 89,0.5,7763.0,2,2,1,4.0,Relatively New,A65942232,672.0,0,0,0,0,0,1,69
flat,ace palm floors,sector 89,0.97,7863.0,2,2,2,1.0,New Property,R69427524,1371.0,1,0,0,0,0,0,28
flat,breez global hill view,sohna road,0.35,5319.0,2,2,2,18.0,New Property,D69377782,658.0,0,0,0,0,0,0,15
flat,dlf the ultima,sector 81,2.25,10755.0,3,4,3+,11.0,Relatively New,K67331866,2090.0,0,0,0,1,0,1,174
flat,adani m2k oyster grande,sector 102,2.6,10007.0,3,3,3,2.0,Relatively New,X70090934,2351.0,1,0,1,1,0,0,118
flat,allure homes,sector 12,0.72,7272.0,2,2,1,2.0,Relatively New,Y68306320,1100.0,0,0,0,0,1,2,16
house,independent,sector 104,0.6,5128.0,4,3,1,2.0,Moderately Old,R45538915,1170.0,0,0,0,0,0,0,0
flat,godrej aria,sector 79,1.3,9622.0,2,4,2,3.0,Relatively New,B70097328,1223.0,0,0,0,0,0,0,53
flat,godrej oasis,sector 88a,1.19,10162.0,2,2,3,15.0,Relatively New,U69537444,1387.0,1,1,0,0,0,2,174
flat,ireo skyon,sector 60,2.05,15185.0,2,3,2,2.0,Relatively New,U69538888,1520.0,0,0,1,0,0,2,174
flat,puri emerald bay,sector 104,1.32,8516.0,2,2,2,10.0,Relatively New,L69764558,1403.0,0,0,0,0,0,0,128
flat,pyramid urban homes 2,sector 86,0.6,8000.0,3,2,2,2.0,New Property,P69281966,833.0,0,0,0,0,0,0,13
house,shivpuri,sector 7,2.4,8889.0,10,5,3,2.0,Old Property,K52034546,2700.0,1,1,0,1,0,0,8
flat,ansal api esencia,sector 67,1.0,6435.0,3,3,3+,2.0,Moderately Old,M70148846,1406.0,0,0,0,0,0,0,9
flat,aipl zen residences,sector 70a,1.25,9904.0,2,2,2,19.0,New Property,K69422064,1402.0,0,0,0,0,0,0,42
house,independent,sector 25,16.0,26667.0,6,5,2,3.0,Relatively New,Q69559220,6000.0,0,0,0,0,0,0,0
flat,dlf regal gardens,sector 90,1.19,5505.0,3,3,2,11.0,Relatively New,I44651309,1562.0,0,0,0,0,1,0,88
flat,aipl zen residences,sector 70a,1.75,10257.0,3,4,3+,20.0,Relatively New,R69992056,1706.0,0,0,0,0,1,1,49
house,independent,sector 6,1.0,4630.0,6,4,0,3.0,Moderately Old,W69854242,240.0,0,0,0,0,0,0,0
flat,rose apartment,sector 28,3.0,10482.0,3,5,3+,8.0,Old Property,J57402614,2590.0,0,0,0,0,0,0,0
flat,la vida by tata housing,sector 113,1.75,10489.0,2,2,3,10.0,Relatively New,E69587170,1424.0,1,0,0,0,0,0,93
flat,bestech park view grand spa,sector 81,2.35,8834.0,3,4,3+,6.0,Relatively New,B69802378,2513.0,0,0,0,1,0,2,101
house,independent,sector 7,0.53,5888.0,2,2,0,1.0,Old Property,F69510934,900.0,0,0,0,0,0,0,0
flat,emaar palm gardens,sector 83,1.75,9210.0,3,3,3,6.0,Relatively New,V69525180,1600.0,0,0,0,1,0,2,150
flat,godrej,sector 79,1.91,8511.0,3,4,3+,7.0,Relatively New,N69484672,2031.0,0,0,0,1,0,0,158
flat,pioneer park,sector 61,2.1,11666.0,3,3,3,15.0,Relatively New,B69962014,1592.0,0,0,0,0,0,2,49
flat,ss the leaf,sector 85,2.0,8305.0,3,4,3,6.0,Relatively New,S70086988,2300.0,0,0,0,1,0,0,49
flat,corona gracieux,sector 76,1.08,5510.0,3,3,3,1.0,New Property,M56957678,1774.0,0,0,0,1,0,0,58
flat,signature global rosellia,sector 95,0.45,8754.0,2,2,2,14.0,New Property,D66371880,571.0,0,0,0,0,0,0,24
flat,emaar mgf the palm drive,sector 66,2.8,16470.0,3,4,3,8.0,Relatively New,O61384382,1700.0,0,0,0,1,0,2,117
house,mian wali,sector 12,1.7,9444.0,1,1,1,1.0,Old Property,V63196212,1800.0,0,0,0,1,0,0,7
flat,tulip violet,sector 69,1.4,8871.0,3,3,2,11.0,Relatively New,U68278304,1428.0,0,1,0,0,0,0,126
flat,emaar mgf emerald floors premier,sector 65,2.29,13878.0,3,4,3+,2.0,Relatively New,X69883900,1833.0,1,0,0,1,0,1,174
flat,bptp terra,sector 37d,1.45,8006.0,3,3,3,9.0,Relatively New,R69274138,1639.0,0,0,0,0,0,0,107
house,independent,sector 41,4.25,26235.0,2,9,3+,4.0,Moderately Old,P68645382,1620.0,1,0,0,1,0,2,36
flat,kiran residency,sector 56,1.5,6648.0,3,5,3+,4.0,Moderately Old,G69193166,2250.0,1,1,0,0,0,2,134
flat,godrej nature plus,sector 33,1.31,15982.0,2,2,2,4.0,Under Construction,S66958322,85.0,0,0,0,0,0,0,92
flat,hcbs sports ville,sohna road,0.2,4219.0,1,1,1,3.0,New Property,G65449330,474.042156,0,0,0,0,0,0,71
flat,paras dews,sector 106,1.25,10656.0,3,4,3,14.0,Relatively New,L69532438,1305.0,1,0,0,1,0,0,167
flat,tata primanti,sector 72,3.3,15384.0,3,3,3+,10.0,Relatively New,G69966132,2000.0,0,0,0,1,0,2,165
flat,shree kirpalu gi sector 52,sector 52,1.45,7631.0,3,3,3+,7.0,Relatively New,U69731868,1800.0,0,0,0,0,1,2,108
flat,signature global park,sohna road,0.65,5637.0,2,2,2,2.0,Relatively New,E69315896,1043.0,0,1,0,0,0,0,118
flat,m3m golfestate,sector 65,5.3,24211.0,3,3,3,38.0,Moderately Old,Y69968948,2506.0,0,0,0,1,0,1,49
flat,corona optus,sector 37c,1.25,7175.0,3,3,3,2.0,Relatively New,X70044746,1563.0,1,0,0,0,0,0,49
flat,antriksh heights,sector 84,0.49,4355.0,2,2,2,16.0,Relatively New,J69973452,1018.0,0,0,0,0,0,0,66
flat,bestech park view grand spa,sector 81,2.91,9136.0,4,5,2,6.0,Relatively New,B69802996,3017.0,0,0,0,1,0,2,101
flat,raheja teachers apartments,sector 31,1.2,7272.0,3,2,2,1.0,Moderately Old,T57295140,1450.0,0,0,0,0,1,1,105
flat,bptp terra,sector 37d,1.77,8078.0,4,3,3,15.0,Relatively New,J70023084,2025.0,1,1,0,1,1,0,49
flat,supertech araville,sector 79,0.83,5424.0,2,2,3,5.0,New Property,E61109994,1700.0,1,0,0,0,0,1,49
flat,paras irene,sector 70a,1.2,8450.0,2,2,3,6.0,Moderately Old,G70085368,1285.0,0,0,0,0,0,0,42
flat,godrej,sector 79,1.34,8524.0,3,3,3,7.0,Relatively New,J69484818,1423.0,0,0,0,0,0,0,158
flat,ireo uptown,sector 66,1.32,11442.0,2,2,2,6.0,Relatively New,C70169392,1048.0,0,0,0,0,0,0,45
flat,mapsko royale ville,sector 82,1.12,8000.0,3,4,2,6.0,Relatively New,Q69680836,1500.0,0,1,0,1,0,0,174
house,dlf city plots phase 3,sector 24,1.44,2963.0,4,2,2,1.0,Old Property,Y68236400,540.0,0,0,0,0,0,0,8
house,vipul tatvam villa,sector 48,7.35,22812.0,4,5,2,2.0,Moderately Old,G66835430,3222.0,1,1,1,1,0,2,144
flat,tulip violet,sector 69,1.43,8886.0,3,3,2,1.0,Relatively New,Z69355178,1455.0,0,1,0,0,0,0,86
flat,smriti apartment,sector 56,0.6,10000.0,1,1,1,2.0,Moderately Old,H66621976,543.0,0,0,0,0,0,0,49
flat,shapoorji pallonji joyville gurugram,sector 102,1.8,10638.0,3,3,3,1.0,Relatively New,S70041472,1531.0,0,0,0,0,0,0,141
house,independent,sector 26,6.75,27778.0,3,3,3,2.0,Moderately Old,W70056522,2430.0,0,0,0,0,0,0,27
house,suncity essel towers,sector 28,6.0,22222.0,4,4,3+,3.0,Old Property,W68348478,2700.0,1,0,0,0,0,2,89
flat,sbtl caladium,sector 109,1.68,6601.0,3,3,3+,7.0,Moderately Old,E69848408,2303.0,0,0,0,1,0,0,134
flat,unitech the palms,sector 41,2.75,16768.0,3,3,2,14.0,Old Property,D66576720,1640.0,0,0,0,0,0,1,79
flat,parsvnath green ville,sector 48,2.5,12820.0,4,5,3,1.0,Moderately Old,R68007932,2167.0,0,0,0,0,1,2,49
flat,signature global park,sohna road,0.78,6404.0,3,3,3,1.0,Relatively New,Q69365210,1344.0,0,1,0,0,0,0,150
flat,vatika lifestyle homes,sector 83,1.3,4545.0,3,3,1,6.0,Relatively New,W51975976,2588.0,0,0,0,0,0,0,79
flat,the serenas,sector 36,0.42,7910.0,2,2,1,3.0,New Property,E68804110,590.0,0,0,0,0,0,0,0
house,independent,sector 12,1.5,11111.0,5,5,2,3.0,Old Property,V38945981,1350.0,0,0,0,0,0,0,16
flat,kendriya vihar,sector 56,0.47,7768.0,1,1,1,3.0,Old Property,W69786994,672.0,0,0,0,0,0,2,52
flat,smart world gems,sector 89,1.13,8500.0,3,3,2,4.0,Under Construction,T66285492,1473.0,1,0,0,0,0,0,115
flat,indiabulls enigma,sector 110,3.6,10588.0,4,5,3,7.0,Relatively New,M70096232,3077.0,0,0,0,1,0,0,165
flat,the lions cghs,sector 56,2.05,7884.0,4,4,3+,6.0,Relatively New,D69708546,2500.0,0,0,0,0,1,2,101
flat,smart world orchard,sector 61,1.6,13913.0,2,2,2,3.0,Under Construction,U68904452,1278.0,1,0,0,0,0,0,37
flat,raheja vedaanta,sector 108,0.7,4651.0,2,2,2,12.0,Relatively New,K70056622,1505.0,0,0,0,0,0,0,0
flat,shree vardhman victoria,sector 70,1.65,8461.0,3,3,2,6.0,Relatively New,J69100962,2167.0,1,0,0,0,0,0,72
house,surendra homes dayaindependentd colony,sector 6,0.75,15625.0,4,4,2,1.0,Moderately Old,S69021458,480.0,0,0,0,0,0,0,0
house,suncity township,sector 54,25.0,31110.0,4,4,3+,2.0,Moderately Old,Q69537682,8036.0,1,1,1,1,0,0,0
flat,ss the leaf,sector 85,1.65,6852.0,3,4,3,9.0,New Property,J69235666,2179.0,0,1,0,0,0,0,21
flat,ireo victory valley,sector 67,3.5,14583.0,3,4,3,24.0,Relatively New,N69311428,2490.0,0,1,0,1,0,2,149
flat,smart world orchard,sector 61,1.47,12782.0,2,2,2,4.0,New Property,W69045628,1278.0,1,1,0,0,0,0,53
house,independent,sector 4,5.0,10101.0,3,3,2,1.0,Old Property,N65960546,4950.0,0,0,0,0,0,0,22
flat,signature global park,sohna road,0.9,6254.0,3,3,3,3.0,Relatively New,S69365234,1599.0,0,1,0,0,0,0,96
flat,vatika gurgaon,sector 83,1.4,7179.0,4,4,3,10.0,Relatively New,R69428596,2167.0,0,0,0,1,0,0,35
flat,emaar mgf emerald floors premier,sector 65,2.9,14683.0,4,4,3+,4.0,Relatively New,J66252998,1975.0,1,0,0,1,0,2,152
flat,experion windchants,sector 112,3.65,11428.0,3,5,2,3.0,Relatively New,N63226738,2800.0,0,0,0,1,0,0,72
flat,orris carnation residency,sector 85,0.88,5952.0,3,3,1,1.0,Relatively New,R70168574,1344.0,0,0,0,0,0,0,65
flat,shree vardhman victoria,sector 70,1.64,8410.0,3,5,3,8.0,Relatively New,T65166380,1527.0,0,0,0,1,0,0,126
flat,pioneer park,sector 61,1.6,11594.0,2,2,2,21.0,Relatively New,T62625420,1533.0,0,0,0,1,0,0,105
flat,emaar mgf emerald estate,sector 65,1.42,13921.0,2,2,2,6.0,Relatively New,B69686632,1010.0,1,0,0,0,0,2,174
flat,m3m woodshire,sector 107,1.3,10815.0,3,3,3,7.0,Relatively New,H69159416,1547.0,0,1,0,0,0,0,89
flat,emaar mgf emerald floors premier,sector 65,2.85,14430.0,4,4,3,3.0,Relatively New,J66934296,2194.0,1,0,0,1,0,0,28
flat,antriksh heights,sector 84,0.54,4458.0,2,2,3+,17.0,Relatively New,H67426442,1086.0,0,0,0,0,0,0,81
flat,dlf the skycourt,sector 86,1.72,8916.0,3,3,1,8.0,Relatively New,T69781942,1746.0,0,0,0,0,1,2,49
flat,mapsko royale ville,sector 82,0.97,5418.0,3,4,2,16.0,Relatively New,M37314795,1620.0,0,0,0,1,0,0,95
flat,paras dews,sector 106,1.15,6534.0,3,4,3+,12.0,Relatively New,P67113864,1186.0,1,0,0,1,0,2,174
house,independent,sector 69,0.8,10484.0,1,1,0,1.0,New Property,B66454802,763.0,0,0,0,0,0,0,0
flat,gls arawali homes,sohna road,0.35,6076.0,2,2,2,12.0,New Property,M69656120,521.0,0,0,0,0,0,0,42
flat,signature global park,sohna road,0.55,7355.0,2,2,3,4.0,New Property,W66282908,828.0,0,0,0,0,0,0,80
flat,mapsko mount ville,sector 79,1.55,8539.0,3,4,3,11.0,Relatively New,V69665506,1416.0,0,0,0,1,0,2,152
flat,godrej summit,sector 104,1.25,6778.0,3,4,3+,12.0,Relatively New,G50040394,1669.0,0,0,0,1,1,0,79
flat,sare green parc,sector 92,0.85,6741.0,3,2,2,14.0,Relatively New,Q69238056,1261.0,0,0,0,0,0,0,0
house,central park flower valley,sector 33,1.15,9349.0,2,2,3,2.0,Relatively New,D69571850,1400.0,1,0,0,0,0,2,71
house,eros rosewood city,sector 49,1.6,3500.0,4,4,3,4.0,New Property,G68941850,60.0,0,0,0,0,0,2,27
flat,vatika gurgaon,sector 83,0.98,8166.0,2,2,3,5.0,Relatively New,Z68326116,1300.0,0,0,0,0,0,2,96
flat,dlf regal gardens,sector 90,1.25,8116.0,3,3,3,8.0,Relatively New,X69684932,1640.0,0,1,0,0,0,0,158
flat,vatika seven elements,sector 89,1.6,8163.0,3,3,3,5.0,New Property,L61578164,1774.0,0,0,0,0,0,0,58
flat,raheja vedaanta,sector 108,1.25,5681.0,3,2,0,0.0,Relatively New,C59958296,1991.0,0,0,0,0,0,2,65
flat,unitech uniworld gardens,sector 47,2.4,11505.0,3,3,3+,10.0,Moderately Old,I67839584,1888.0,0,0,0,1,0,2,120
flat,wings apartment,sector 9,1.2,6666.0,4,3,2,4.0,Moderately Old,X66152092,2000.0,0,0,0,0,0,2,23
house,sushant lok 1 builder floors,sector 43,13.0,48148.0,3,3,3+,4.0,New Property,Y69766240,2700.0,0,1,0,0,0,2,7
flat,raisina residency,sector 59,5.0,13058.0,4,4,3+,13.0,Relatively New,G69161684,4254.0,1,1,1,1,0,2,174
house,dlf city phase 1,sector 26,5.5,30556.0,4,4,3,2.0,Moderately Old,Q70281606,1800.0,1,1,0,1,0,0,69
house,experion windchants,sector 112,7.46,10260.0,4,4,3+,2.0,Relatively New,B58185836,6350.0,0,1,0,1,0,2,62
flat,breez global heights,sector 36,0.24,5825.0,1,1,1,8.0,New Property,P69387204,458.0,0,0,0,0,0,0,57
flat,dlf new town heights,sector 90,1.25,6502.0,3,3,3+,5.0,Relatively New,Z69632358,1929.0,0,1,0,1,0,0,127
house,independent,sector 25,13.0,45710.0,6,8,3+,2.0,Relatively New,R67662264,2844.0,1,1,1,1,0,1,0
flat,vatika city,sector 49,1.79,12785.0,3,3,3,9.0,Old Property,T69268580,1556.0,0,0,0,1,0,0,38
house,independent,sector 47,4.6,26620.0,2,6,3+,4.0,Moderately Old,V67975260,1728.0,0,0,0,0,0,1,51
flat,shree vardhman victoria,sector 70,1.66,14254.0,3,5,3,8.0,Relatively New,Z69965198,1527.0,0,0,0,1,0,0,108
flat,mapsko casa bella,sector 82,1.38,5443.0,4,5,3+,20.0,Relatively New,I36607827,2294.0,0,0,0,1,0,0,79
flat,signature the serenas,sohna road,0.45,8474.0,2,2,1,10.0,New Property,H69931874,590.0,0,0,0,0,0,0,23
flat,central park resorts,sector 48,9.3,24926.0,4,4,3+,10.0,Moderately Old,P68559436,3831.0,1,1,1,1,0,2,67
flat,mapsko mount ville,sector 79,1.85,9641.0,3,4,3,21.0,New Property,T65412204,1643.0,0,1,0,1,0,0,49
flat,tata primanti,sector 72,3.25,10545.0,3,3,3,2.0,Moderately Old,L61530044,2986.0,0,0,0,1,0,0,94
flat,ramsons kshitij,sector 95,0.45,4591.0,2,2,1,2.0,Relatively New,V59237402,887.0,1,0,0,0,0,0,89
house,international city by sobha phase 2,sector 109,6.25,10035.0,5,7,3+,3.0,Relatively New,E70141454,6228.0,1,1,1,1,0,0,147
flat,aipl the peaceful homes,sector 70a,1.6,9584.0,2,2,2,22.0,Moderately Old,T65404876,1416.0,0,0,0,0,0,0,86
flat,bptp astaire gardens,sector 70a,1.7,8947.0,4,3,3,1.0,Relatively New,F64840030,2111.0,0,0,0,0,0,2,49
flat,signature global orchard avenue,sector 110,0.4,5479.0,2,2,0,0.0,Relatively New,R69930434,730.0,0,0,0,0,0,0,0
flat,godrej nature plus,sector 33,1.25,9025.0,2,2,3,17.0,Under Construction,W69238500,1385.0,0,0,0,0,0,0,56
flat,paras dews,sector 106,1.2,6818.0,3,4,3+,9.0,Relatively New,X69853706,1186.0,0,0,0,1,0,0,174
flat,zara aavaas,sector 104,0.49,6577.0,3,2,2,7.0,Under Construction,D64535100,695.0,0,0,0,0,0,0,74
flat,ss the leaf,sector 85,1.09,6666.0,2,2,3,9.0,Relatively New,Z66074778,1638.0,0,0,1,0,0,0,174
flat,signature global synera,sector 81,0.5,7886.0,2,2,1,11.0,New Property,Y60756136,704.0,0,0,0,0,0,1,97
house,bhim nagar society,sector 6,0.4,2500.0,4,2,2,1.0,Moderately Old,V68022174,1600.0,0,0,0,0,0,0,0
flat,emaar mgf palm hills,sector 77,1.55,7948.0,4,4,3+,2.0,Relatively New,K69961464,1800.0,1,0,0,1,0,1,49
house,independent,sector 25,7.6,38756.0,2,9,3,4.0,Relatively New,I67974640,1961.0,1,1,1,0,0,2,84
flat,bptp park generations,sector 37d,1.5,9868.0,3,2,3+,17.0,Relatively New,Z69748514,1376.0,0,0,0,0,0,0,42
flat,tata primanti,sector 72,3.21,16050.0,3,4,3+,15.0,Relatively New,S69421026,2140.0,0,0,0,1,0,2,174
flat,puri diplomatic greens,sector 111,3.65,12372.0,4,5,3+,17.0,Moderately Old,N68299678,2670.0,0,0,0,1,0,0,132
house,bptp pedestal,sector 70a,0.92,7750.0,2,3,3+,3.0,New Property,O70356312,1319.0,0,0,0,0,1,0,153
flat,assotech blith,sector 99,1.15,6593.0,2,2,2,2.0,New Property,M48650859,1235.0,0,0,0,0,1,2,72
house,independent,sohna road road,0.5,5555.0,2,1,2,1.0,Moderately Old,Q67973846,900.0,0,0,0,0,0,0,0
flat,palam vihar extension west zone rwa,sector 2,0.2,4000.0,1,1,1,1.0,Moderately Old,V62809262,556.0,0,0,0,0,1,0,0
flat,palam vihar society,sector 2,3.35,7444.0,4,4,3+,2.0,New Property,M68426170,5000.0,1,0,0,0,0,0,66
flat,tulip violet,sector 69,1.36,8618.0,3,3,2,12.0,Relatively New,Q69393568,1428.0,0,1,0,0,0,2,49
flat,dlf ridgewood estate,sector 28,2.0,14598.0,3,3,1,12.0,Old Property,Z69888974,1240.0,0,0,0,0,0,2,96
house,independent,sector 23,5.1,16569.0,3,2,0,1.0,Old Property,X70075340,3078.0,0,0,0,0,1,0,27
flat,signature global grand iva,sector 103,0.5,6667.0,2,2,0,10.0,Relatively New,T69796308,750.0,0,0,0,0,0,0,0
flat,smart world orchard,sector 61,1.6,13913.0,2,2,2,3.0,New Property,K68962668,1278.0,1,0,0,0,0,0,122
house,independent,sector 57,3.3,19097.0,4,4,2,3.0,Moderately Old,P69158988,1728.0,0,0,1,0,0,2,60
flat,ss the leaf,sector 85,1.22,13318.0,2,2,3,16.0,Relatively New,D69748150,1300.0,0,0,1,0,0,0,81
flat,dlf regal gardens,sector 90,1.23,7052.0,3,3,2,19.0,Relatively New,P69882830,1578.0,0,0,0,0,1,0,6
flat,ireo skyon,sector 60,2.85,13936.0,3,4,3+,5.0,Relatively New,G70024212,2045.0,0,0,0,1,0,2,174
flat,bestech park view grand spa,sector 81,4.7,6786.0,4,4,3+,19.0,Relatively New,R61758448,6268.0,0,0,0,1,0,2,140
flat,ss the leaf,sector 85,1.1,12471.0,2,2,3,12.0,Relatively New,F69747972,1173.0,1,0,0,0,0,0,75
flat,aipl peaceful homes,sector 70a,2.75,12791.0,3,3,3+,14.0,Relatively New,G69949270,2150.0,0,0,0,0,0,0,0
flat,palam vihar society,sector 2,0.4,8602.0,1,1,1,5.0,Moderately Old,W47302533,450.0,0,0,0,0,0,2,39
flat,sare crescent parc,sector 92,0.51,4080.0,3,2,2,2.0,Relatively New,P69745102,1131.0,0,0,0,0,0,0,72
house,signature global city 81,sector 81,0.75,6849.0,3,2,3,4.0,Under Construction,G65646982,1095.0,1,0,0,0,0,0,97
flat,mvn athens,sohna road,0.25,5189.0,2,2,1,3.0,Relatively New,A60504820,535.0,0,0,0,0,0,0,51
flat,bestech park view sanskruti,sector 92,1.55,7769.0,3,4,3,8.0,Relatively New,G69282624,1805.0,0,0,0,1,0,0,49
flat,shree vardhman victoria,sector 70,1.55,7948.0,3,3,3,6.0,Relatively New,U69660564,1527.0,1,1,0,1,1,0,49
flat,mapsko royale ville,sector 82,0.99,5530.0,3,4,2,14.0,New Property,I37314081,1620.0,0,0,0,1,0,0,95
flat,tulip violet,sector 69,1.19,8814.0,2,3,1,0.0,Relatively New,X69575972,1500.0,1,0,0,0,0,0,174
house,independent,sohna road,1.55,14720.0,2,3,2,1.0,New Property,P68085692,1053.0,1,1,0,0,0,2,49
flat,ramsons kshitij,sector 95,0.3,3158.0,2,2,1,11.0,New Property,R68021924,950.0,0,0,0,0,0,0,0
flat,smart world orchard,sector 61,2.2,14202.0,3,3,2,4.0,New Property,J69350180,1721.0,0,0,0,0,0,0,152
flat,dlf the arbour,sector 63,8.5,21519.0,4,4,0,27.0,New Property,G69654548,3950.0,0,0,0,0,0,0,61
house,sector 15 part 2 rwa,sector 15,10.0,22222.0,5,5,2,2.0,Old Property,Z65087414,4518.0,0,0,0,0,0,0,49
house,bptp visionnaire,sector 70a,4.02,7309.0,4,4,3+,3.0,Relatively New,E58279748,5500.0,1,1,1,1,0,0,138
flat,awho shanti vihar,sector 95,0.82,9879.0,2,2,3+,13.0,New Property,X62867284,1095.0,1,0,0,0,0,0,114
flat,sare green parc phase 3,sector 92,1.1,6875.0,4,3,2,12.0,New Property,N69756690,1778.0,0,0,0,0,0,0,15
house,unitech uniworld resorts,sector 33,8.5,17820.0,5,5,3+,3.0,New Property,C61422072,4770.0,1,1,1,1,0,2,145
flat,puri emerald bay,sector 104,1.5,9678.0,2,2,2,7.0,Under Construction,Q21308628,1403.0,0,0,0,0,1,0,43
flat,shree vardhman victoria,sector 70,1.6,8205.0,3,5,3,6.0,Relatively New,D69342992,2167.0,0,0,0,1,0,0,174
flat,dlf the skycourt,sector 86,1.55,8035.0,3,3,3+,12.0,Relatively New,J64460566,1500.0,0,0,0,0,1,1,166
house,independent,sector 46,2.25,2723.0,4,3,3,3.0,Relatively New,E69847672,90.0,1,0,0,0,0,2,35
flat,bptp terra,sector 37d,1.55,8558.0,3,3,3+,11.0,Relatively New,E66282494,1639.0,0,0,0,0,0,0,79
flat,signature global city 92,sector 92,0.99,6622.0,3,2,3,1.0,New Property,L69323828,1661.0,0,0,0,0,1,0,37
flat,signature global solera 2,sector 107,0.37,6680.0,2,2,2,9.0,New Property,Z69017044,615.0,0,0,0,0,0,0,23
flat,shree vardhman victoria,sector 70,1.6,8205.0,3,3,3,10.0,Relatively New,C69686140,1527.0,1,1,0,1,1,0,43
flat,emaar mgf the palm drive,sector 66,3.2,17777.0,3,3,3,12.0,Relatively New,M62421562,1800.0,1,1,1,1,0,0,117
house,independent,sector 25,4.45,32963.0,4,3,3+,2.0,Moderately Old,S69606324,1350.0,0,0,1,0,0,0,79
flat,ireo victory valley,sector 67,2.95,12110.0,3,3,3+,14.0,Moderately Old,C69950908,2236.0,0,1,0,1,0,2,165
flat,kanchanjanga tower,sector 56,1.45,7631.0,3,3,3+,2.0,Moderately Old,E69440440,1719.0,0,0,0,0,0,2,126
flat,the roselia 2,sector 95,0.45,6475.0,2,2,2,19.0,New Property,N69442252,695.0,0,0,0,0,0,0,0
flat,ramprastha primera,sector 37d,1.08,6000.0,3,3,3,9.0,Relatively New,V70105556,1700.0,0,0,0,0,0,0,158
flat,m3m soulitude,sector 89,1.28,8827.0,3,3,2,4.0,Under Construction,Z69434718,1611.0,1,0,0,0,0,0,114
flat,paras dews,sector 106,1.17,6647.0,3,4,3+,12.0,Relatively New,C69430468,1186.0,0,0,0,1,0,0,49
house,independent,sohna road road,6.25,6944.0,3,3,0,1.0,Moderately Old,C67726794,9000.0,0,0,0,0,0,0,0
flat,conscient heritage max,sector 102,2.0,9306.0,3,4,3+,13.0,Relatively New,O69713570,1900.0,1,0,0,1,0,2,174
flat,conscient heritage max,sector 102,1.82,9011.0,3,4,3+,12.0,Relatively New,N69573174,1757.0,0,0,0,1,0,0,101
flat,guru gram haryana cghs,sector 56,1.39,7227.0,3,3,3,4.0,Moderately Old,K69490448,1738.0,1,0,0,0,0,2,134
flat,parsvnath green ville,sector 48,1.6,8376.0,3,3,3,13.0,Old Property,Y69851152,1700.0,0,0,0,0,1,2,119
flat,essel towers,sector 14,2.75,12500.0,4,5,3+,8.0,Old Property,X69473988,2200.0,1,0,0,1,0,1,128
flat,ild greens,sector 37c,1.0,4723.0,3,3,3,3.0,Under Construction,P33152685,1629.0,0,0,0,0,0,0,51
house,vipul tatvam villa,sector 48,5.5,21219.0,3,6,2,2.0,Moderately Old,L56576470,2592.0,0,0,0,1,1,2,106
house,independent,sector 82,7.0,21605.0,4,4,3+,1.0,Relatively New,H69959306,3240.0,1,1,0,1,0,2,49
flat,godrej nature plus,sector 33,1.7,12592.0,3,3,3+,6.0,New Property,B69894858,1500.0,0,0,0,1,0,0,38
flat,tata primanti,sector 72,3.2,12190.0,4,4,3+,8.0,Moderately Old,F69315812,2600.0,0,0,0,1,0,2,168
flat,ats kocoon,sector 109,2.22,10596.0,3,3,3,20.0,Relatively New,L50048206,1896.0,0,0,0,1,1,0,79
flat,shapoorji pallonji joyville gurugram,sector 102,1.3,17691.0,2,2,3,0.0,Relatively New,J69435020,1009.0,0,0,1,0,0,0,125
house,independent,sector 43,14.0,39886.0,9,9,3+,4.0,Moderately Old,V69541138,3510.0,0,0,0,1,0,0,7
flat,pivotal devaan,sector 84,0.35,7276.0,2,2,1,10.0,Relatively New,S69849064,531.0,0,0,1,0,0,0,103
house,independent,sector 26,17.0,37627.0,5,5,3+,2.0,Relatively New,B70360116,4518.0,1,1,1,1,0,2,124
flat,park view apartment,sector 56,1.74,7565.0,3,3,3+,2.0,Old Property,X69430548,2400.0,0,1,0,1,0,2,104
flat,emaar gurgaon greens,sector 102,1.4,8484.0,3,3,3,3.0,Relatively New,E69628180,1315.0,0,0,0,1,0,0,60
house,dlf new town heights,sector 86,2.5,7058.0,4,4,3+,3.0,Moderately Old,I68670824,3400.0,1,1,1,1,0,2,142
flat,vatika the seven lamps,sector 82,0.78,5932.0,2,2,2,0.0,Relatively New,I69248072,1175.0,0,0,0,0,0,2,103
flat,bestech park view city,sector 48,1.78,10022.0,3,4,2,5.0,Relatively New,C69267728,1526.0,1,1,0,0,0,0,53
flat,bestech altura,sector 79,1.85,8604.0,3,4,3+,11.0,New Property,B68809960,1946.0,0,0,0,1,0,0,49
flat,emaar mgf the palm drive,sector 66,3.0,15384.0,3,3,2,12.0,Relatively New,Z69406478,1950.0,0,0,0,1,0,0,96
house,unitech espace,sector 50,7.5,34722.0,3,3,2,2.0,Moderately Old,O68534884,2160.0,0,0,0,1,0,2,66
flat,puri emerald bay,sector 104,2.3,9387.0,3,4,3+,10.0,Moderately Old,J69578070,2217.0,0,0,0,1,0,0,101
flat,emaar gurgaon greens,sector 102,1.45,8787.0,3,3,3,7.0,Relatively New,C68648152,1493.0,0,0,0,1,0,0,159
flat,ss the leaf,sector 85,1.17,6720.0,2,3,3,10.0,Relatively New,K69980068,1550.0,0,0,0,0,1,0,49
flat,puri diplomatic greens,sector 111,3.5,11864.0,4,5,3+,10.0,Relatively New,A70193390,2700.0,0,0,0,1,0,2,49
flat,ss the leaf,sector 85,1.78,7392.0,3,4,3+,6.0,New Property,U66846626,2179.0,0,0,1,0,0,0,113
flat,mapsko mount ville,sector 79,1.25,7716.0,3,3,2,1.0,Relatively New,R69683448,1212.0,1,1,0,0,0,2,166
flat,mapsko mount ville,sector 79,1.25,8389.0,3,3,3,18.0,Relatively New,I69670912,1058.0,1,0,0,0,0,2,102
flat,zara aavaas,sector 104,0.22,7302.0,1,2,2,2.0,New Property,W62818262,335.0,0,0,0,0,0,0,60
flat,aipl zen residences,sector 70a,1.34,10276.0,2,2,3+,17.0,New Property,O69760674,1180.0,0,0,0,0,0,2,110
flat,vipul belmonte,sector 53,6.5,21922.0,3,4,3+,0.0,Old Property,H65738664,2683.0,1,0,0,0,1,0,72
house,independent,sector 26,4.5,33333.0,3,3,2,2.0,Old Property,I70255350,1350.0,0,1,0,0,0,2,58
flat,shree vardhman flora,sector 90,1.0,5128.0,3,4,3,8.0,New Property,P54457592,1765.0,0,0,0,1,0,0,95
house,international city by sobha phase 2,sector 109,9.5,26389.0,7,6,3,3.0,Relatively New,O69923352,3600.0,1,1,0,1,0,0,138
flat,hsiidc sidco aravali,manesar,0.81,3129.0,3,3,3+,2.0,Moderately Old,M70128844,1900.0,0,0,0,1,0,0,74
flat,godrej,sector 79,1.18,8532.0,2,2,3,7.0,Relatively New,B69483542,1252.0,0,0,0,0,0,0,158
flat,pyramid urban homes 2,sector 86,0.5,9615.0,2,2,1,10.0,Relatively New,E68456930,578.0,0,0,0,0,0,0,15
house,unitech aspen greens,sector 50,12.0,37037.0,3,4,2,1.0,Moderately Old,W69900620,3240.0,1,0,0,1,0,2,101
flat,orchid petals,sector 49,1.9,10526.0,3,3,3,9.0,Moderately Old,Z64913346,2006.0,0,0,0,1,0,0,95
house,independent,sector 7,2.25,16892.0,5,3,0,2.0,Old Property,B68021340,148.0,0,0,0,0,0,0,0
flat,ats tourmaline,sector 109,1.4,8000.0,3,3,3+,5.0,Relatively New,F68897920,1466.0,0,0,0,0,0,0,44
flat,godrej nature plus,sector 33,1.45,15664.0,3,2,3+,20.0,Under Construction,J68451002,118.0,1,0,0,0,0,0,144
flat,dlf new town heights,sector 86,1.3,6735.0,3,3,3,15.0,Relatively New,F69818932,1715.0,0,1,0,1,0,2,49
flat,dlf the ultima,sector 81,2.2,10476.0,3,4,3+,17.0,Relatively New,G68808754,1900.0,0,0,0,1,0,1,49
house,independent,sector 5,3.5,15555.0,6,5,2,3.0,Old Property,O69953252,2250.0,1,1,0,1,1,1,155
house,kothi,sector 17b,6.95,15444.0,4,4,3+,2.0,Old Property,W69409658,3500.0,1,1,1,1,0,0,33
flat,sbtl caladium,sector 109,1.26,6542.0,3,2,3,8.0,Relatively New,Y69512836,1701.0,0,0,0,0,0,0,103
flat,tulip violet,sector 69,1.3,8445.0,3,3,1,12.0,Relatively New,F69354316,1392.0,0,1,0,0,0,2,94
flat,experion the heartsong,sector 108,1.7,8487.0,3,4,3+,14.0,Relatively New,J50076234,1500.29,0,0,0,1,0,0,119
flat,antriksh green,sector 45,2.25,7826.0,4,4,2,9.0,Old Property,N69587870,3194.0,0,0,0,1,0,1,23
flat,shree vardhman mantra,sector 67,0.56,7000.0,2,2,1,8.0,New Property,T70084808,889.0,0,0,0,0,0,0,65
flat,indiabulls centrum park,sector 103,2.45,8521.0,4,4,3,11.0,Relatively New,Z70001878,2602.0,1,1,1,1,0,0,38
flat,godrej nature plus,sector 33,1.27,9182.0,2,2,3+,9.0,Under Construction,T69360028,1252.0,0,0,0,0,0,0,38
flat,avl 36 gurgaon,sector 36a,0.4,10204.0,1,1,1,4.0,Relatively New,G69799298,436.0,0,0,0,0,0,0,35
flat,aipl the peaceful homes,sector 70a,2.5,11627.0,3,3,3+,15.0,Relatively New,Y69535966,1723.0,0,0,0,0,1,2,174
house,dlf city plots,sector 26,12.5,38580.0,4,5,2,2.0,Moderately Old,K69941982,3240.0,1,0,0,1,0,2,121
flat,shapoorji pallonji joyville gurugram,sector 102,1.95,13928.0,3,3,3,6.0,New Property,W69160942,1616.0,0,1,0,0,0,2,174
flat,dnha cghs,sector 1,0.85,3864.0,3,3,0,5.0,Moderately Old,U69074620,2200.0,0,0,0,0,0,0,0
house,independent,sector 46,4.35,23693.0,3,8,2,3.0,Relatively New,G68321814,1836.0,1,1,0,0,0,2,19
flat,ss residency,sector 6,0.48,5333.0,3,2,2,2.0,Moderately Old,N69223644,111.0,0,0,0,0,0,0,54
flat,emaar mgf the palm drive,sector 66,1.51,15130.0,2,2,2,5.0,Relatively New,C69770156,1188.0,0,1,0,0,0,2,82
house,independent,sector 40,2.15,23889.0,3,3,3,3.0,Moderately Old,Z67028886,900.0,1,1,1,0,0,0,45
flat,sobha city,sector 108,4.1,23401.0,4,5,3,25.0,New Property,M68297870,2343.0,1,0,0,1,0,1,97
flat,mariners home,sector 56,2.11,8612.0,3,2,3,4.0,Relatively New,Q70021160,2250.0,0,0,0,0,1,2,126
house,dlf new town heights,sector 86,2.47,7718.0,4,4,3+,2.0,Moderately Old,W66972060,2800.0,0,1,0,1,0,2,130
flat,shapoorji pallonji joyville gurugram,sector 102,1.42,10380.0,2,2,3,14.0,Relatively New,K69091354,1368.0,0,0,0,0,0,0,0
flat,smart world orchard,sector 61,1.41,12250.0,2,2,2,2.0,Under Construction,H68286632,1150.0,1,0,0,0,0,0,76
flat,sare green parc,sector 92,0.75,4820.0,3,2,2,16.0,Relatively New,A69208846,1556.0,0,0,0,0,0,0,0
flat,bestech altura,sector 79,1.85,8604.0,3,3,3,7.0,New Property,Z70038990,1650.0,0,0,0,1,0,0,53
house,"nirmal enclave, maruti kunj road",sector 11,0.24,5333.0,2,2,0,2.0,Relatively New,O67448848,450.0,0,0,0,0,0,0,0
flat,imperia aashiyara,sector 37c,0.4,5882.0,2,2,3,3.0,Under Construction,Z68299634,756.0,0,0,0,0,0,0,126
house,independent,sector 2,6.0,24691.0,5,6,3+,3.0,Old Property,B67592164,2430.0,1,1,0,0,1,2,43
flat,emaar mgf the enclave,sector 66,1.9,10555.0,3,4,2,8.0,Relatively New,L69816910,1850.0,0,0,0,1,0,2,174
flat,sare crescent parc,sector 92,0.65,4596.0,3,3,3,3.0,Moderately Old,I64421760,1571.0,0,0,0,0,0,0,44
flat,dlf new town heights,sector 86,1.26,6113.0,3,3,3,5.0,Moderately Old,A41264401,1747.0,0,0,0,1,1,0,113
house,independent,sector 4,4.12,8889.0,2,1,3+,2.0,Moderately Old,I69849206,4635.0,0,0,0,0,0,0,0
flat,sare green parc phase 3,sector 92,0.79,6086.0,3,2,2,15.0,New Property,C69898752,1175.0,0,0,0,0,0,0,29
flat,dlf regal gardens,sector 90,1.13,6647.0,3,3,3+,8.0,Relatively New,S44698755,1566.0,0,0,0,0,1,0,72
flat,vatika gurgaon,sector 83,1.25,6313.0,3,3,2,2.0,Relatively New,G69628664,1792.0,0,0,0,1,0,0,119
flat,"godrej 101, sector 79",sector 79,1.25,9038.0,2,2,3,1.0,Relatively New,M69336192,1383.0,0,0,0,0,0,0,0
flat,bestech park view residency,sector 2,0.98,6261.0,2,2,3,14.0,Moderately Old,G70072150,1416.0,1,0,0,0,0,0,92
flat,spaze privvy the address,sector 93,1.25,5701.0,4,4,3,16.0,Relatively New,N69775826,2105.0,0,0,0,0,0,0,0
flat,the close north,sector 50,2.7,10364.0,3,3,3+,6.0,Moderately Old,D69391210,2400.0,0,0,0,1,0,0,174
house,suncity township,sector 54,2.0,3440.0,9,9,3,11.0,Relatively New,C56088028,60.0,0,0,0,1,0,1,7
flat,godrej summit,sector 104,1.3,7893.0,3,3,3,8.0,New Property,M31405239,1490.0,0,0,0,0,1,0,103
flat,ashok vihar phase 2,sector 3 phase 2,0.28,4307.0,2,2,1,3.0,Relatively New,X68870230,600.0,0,0,0,0,0,0,64
house,vatika india next,sector 83,1.7,7870.0,3,3,3+,4.0,New Property,T70114554,2160.0,0,1,0,1,0,0,0
flat,ss the leaf,sector 85,2.1,8720.0,3,4,3+,6.0,Relatively New,Z69992096,2026.0,0,0,0,1,0,0,156
house,independent,sector 10a,4.25,17955.0,4,3,2,1.0,Moderately Old,E68965024,2367.0,0,0,0,0,0,0,0
house,independent,sector 26,5.8,32222.0,5,5,3+,2.0,Old Property,J69977200,1800.0,1,1,1,1,0,0,53
flat,smart world one dxp,sector 113,3.45,13269.0,4,4,3,11.0,Under Construction,N66487262,2353.0,1,0,0,1,0,0,156
flat,ats kocoon,sector 109,1.75,10028.0,3,3,3,10.0,Relatively New,C69314922,1550.0,0,1,0,0,0,2,49
flat,dlf regency park,sector 28,1.35,11992.0,2,2,2,1.0,Moderately Old,M27000679,1109.0,0,0,0,0,0,0,0
flat,bestech park view sanskruti,sector 92,2.0,8333.0,4,5,3+,12.0,Relatively New,D62330722,2453.0,0,0,0,1,0,2,60
flat,ireo uptown,sector 66,1.5,11219.0,2,3,3,1.0,Relatively New,D47913335,1330.0,0,0,0,1,1,2,79
flat,m3m capital,sector 113,2.51,14800.0,3,3,3+,2.0,Under Construction,H70148654,1696.0,1,0,0,0,0,0,49
flat,la vida by tata housing,sector 113,2.33,12533.0,3,3,3,3.0,New Property,O68450756,2098.0,0,0,0,1,0,0,174
house,independent,sector 40,5.0,21124.0,9,9,3+,3.0,Relatively New,Y69472158,2367.0,0,1,0,0,0,2,66
flat,experion the heartsong,sector 108,0.93,6079.0,2,3,3,10.0,Relatively New,J69548476,1161.0,0,0,0,0,0,0,81
flat,m3m woodshire,sector 107,1.49,6310.0,3,4,3+,5.0,Relatively New,I67108708,2137.0,0,0,1,1,0,2,174
house,sushant lok 1 builder floors,sector 43,1.65,3395.0,4,4,3+,4.0,Moderately Old,C69701422,540.0,0,0,0,0,1,1,49
flat,mapsko mount ville,sector 79,1.65,9091.0,3,3,0,12.0,Relatively New,S69041162,1815.0,0,0,0,0,0,0,0
flat,shapoorji pallonji joyville gurugram,sector 102,0.96,10491.0,2,2,2,10.0,Relatively New,N69975482,828.0,0,0,0,0,0,0,132
house,independent,sector 49,4.45,15451.0,6,6,3,3.0,Moderately Old,X68250584,2880.0,1,1,1,1,0,1,152
flat,sidhartha ncr one,sector 95,0.57,4179.0,2,2,2,10.0,New Property,G64213930,1364.0,0,0,0,0,0,0,0
flat,dlf the ultima,sector 81,2.3,14375.0,3,4,3+,18.0,Relatively New,I70153362,1854.0,0,0,0,1,0,1,174
house,independent,sector 55,3.1,20026.0,5,4,3+,2.0,Moderately Old,T69469218,1548.0,0,0,1,1,0,2,59
flat,jmd gardens,sector 33,3.25,7510.0,4,4,3+,17.0,Old Property,U66966014,4809.0,0,0,0,1,0,2,130
flat,bestech park view sanskruti,sector 92,1.9,8172.0,4,4,3+,10.0,Relatively New,B69204416,1920.0,1,1,0,1,1,0,49
house,independent,sector 24,11.0,28902.0,8,11,3+,3.0,Old Property,Y787895,5000.0,1,1,0,1,1,2,39
flat,supertech araville,sector 79,0.78,6023.0,2,2,3+,17.0,Relatively New,Q56812416,1172.0,0,0,0,0,0,0,24
flat,bestech park view grand spa,sector 81,2.4,9022.0,3,4,3+,8.0,New Property,T69329376,2407.0,1,0,0,1,0,2,167
flat,om apartment dayanand colony,sector 5,0.26,4373.0,1,1,1,3.0,Relatively New,F69282174,648.0,0,0,0,0,0,0,14
flat,ats triumph,sector 104,1.85,8078.0,3,3,3+,24.0,Relatively New,S69696582,2072.0,0,0,0,1,0,0,174
flat,satya element one,sector 49,0.8,11111.0,1,1,1,0.0,Moderately Old,I65933202,720.0,0,0,0,0,0,0,0
flat,ss the coralwood,sector 84,1.1,4857.0,3,3,2,9.0,Relatively New,H66415758,1584.0,0,0,0,0,0,0,75
flat,vatika gurgaon,sector 83,1.25,6313.0,3,3,2,12.0,Moderately Old,D65295232,1700.0,0,0,0,1,0,0,95
flat,antriksh heights,sector 84,0.9,6206.0,3,3,3+,12.0,Relatively New,F69199464,1525.0,0,0,0,0,0,0,166
house,independent,sector 82,7.5,23148.0,5,5,3+,2.0,Relatively New,N69979536,3240.0,0,1,0,1,0,2,135
flat,emaar mgf palm terraces select,sector 66,3.4,14107.0,4,4,3+,2.0,Relatively New,V69130074,2210.0,0,0,0,1,0,2,157
flat,emaar palm gardens,sector 83,1.6,8648.0,3,3,3+,6.0,Relatively New,V69577056,1674.0,1,1,1,1,0,2,167
flat,bestech park view ananda,sector 81,0.9,6618.0,2,2,3,8.0,New Property,I33754205,1231.0,0,0,0,0,1,0,60
house,independent,sector 4,1.1,6111.0,4,4,3+,2.0,Old Property,F62827022,1800.0,0,0,0,0,0,0,7
flat,suncity heights,sector 54,3.85,16445.0,3,3,3+,8.0,Old Property,O70167560,2119.0,0,0,0,1,0,0,67
house,dlf new town heights,sector 86,2.5,7827.0,4,5,3+,4.0,Moderately Old,P68426542,3194.0,0,1,0,1,1,2,49
house,grover homes sec 4,sector 4,4.75,9374.0,5,5,1,1.0,Old Property,S69710120,5067.0,1,1,0,1,0,2,35
flat,sidhartha ncr one phase,sector 95,0.6,4800.0,2,2,3,10.0,New Property,X69692376,1250.0,0,0,0,0,0,0,0
flat,m3m woodshire,sector 107,1.4,5929.0,3,4,0,1.0,New Property,G55426686,2137.0,0,0,0,0,0,0,67
house,independent,sohna road,1.5,14245.0,2,3,2,1.0,New Property,F68481776,1053.0,1,1,0,0,0,2,69
flat,emaar digihomes,sector 62,2.45,16000.0,2,2,2,7.0,New Property,R69847680,1200.0,1,0,0,0,0,1,174
house,independent,sector 23,5.5,13095.0,9,9,3+,3.0,Moderately Old,Y68229516,4200.0,0,0,0,1,1,2,0
flat,zara aavaas,sector 104,0.2,6644.0,1,2,2,3.0,New Property,F56269788,334.0,0,0,0,0,0,0,67
flat,valley view estate,gwal pahari,1.5,7489.0,4,4,3+,10.0,Moderately Old,Y33568711,1850.0,0,0,0,0,0,0,58
flat,bptp freedom park life,sector 57,2.5,11111.0,3,3,3,9.0,Moderately Old,S68706654,2036.0,0,0,0,0,0,0,55
house,independent,sector 45,7.35,29697.0,6,4,3+,3.0,Old Property,O69958494,2475.0,1,1,1,1,0,2,61
flat,breez global heights,sohna road,0.46,4842.0,2,2,2,4.0,Relatively New,T69742680,800.0,0,0,0,0,0,1,93
flat,ats triumph,sector 104,2.62,8317.0,4,4,3+,14.0,Relatively New,E69696890,2851.0,0,0,0,1,0,0,174
flat,signature global solera,sector 107,0.35,6398.0,2,2,2,8.0,Relatively New,P69217264,608.0,0,0,0,0,0,0,45
house,independent,sector 4,0.4,8889.0,1,1,0,1.0,Moderately Old,P54666248,450.0,0,0,0,0,0,0,0
flat,rof ananda,sector 95,0.38,5899.0,3,2,1,2.0,Relatively New,J69978520,716.0,0,1,0,0,0,2,66
flat,godrej summit,sector 104,1.35,5000.0,4,5,3+,0.0,Relatively New,I68502820,3000.0,1,1,1,1,0,0,112
house,independent,sector 6,0.5,8333.0,3,3,2,2.0,Moderately Old,Z70047144,600.0,0,1,0,0,0,0,0
flat,ireo skyon,sector 60,2.12,15531.0,2,2,2,2.0,Relatively New,L69714282,1350.0,0,1,0,0,0,2,174
flat,signature global solera,sector 107,0.28,5725.0,2,2,2,6.0,Relatively New,U69217200,543.0,0,0,0,0,0,0,45
flat,ireo skyon,sector 60,3.8,13571.0,4,5,3,15.0,Moderately Old,S68411868,2791.0,0,0,0,1,0,2,145
flat,pareena coban residences,sector 99a,1.08,6625.0,3,5,3,2.0,Relatively New,Q69102728,1750.0,0,0,0,1,1,0,49
flat,experion windchants,sector 112,2.6,10651.0,2,2,3,8.0,Relatively New,N68670284,2441.0,0,0,0,0,0,0,168
flat,imperia the esfera,sector 37c,0.86,5449.0,2,3,3,9.0,Relatively New,G70042116,1442.0,1,0,0,0,1,0,49
flat,vatika city,sector 49,1.72,7818.0,3,3,2,2.0,Old Property,D69729550,2444.0,0,0,0,0,0,2,144
house,independent,sector 31,4.25,26235.0,5,5,3+,3.0,Moderately Old,Z70088924,1620.0,0,1,1,0,0,2,56
house,vatika india next,sector 82,6.8,20988.0,4,4,3+,3.0,Relatively New,W69922318,3240.0,0,0,0,1,0,1,110
house,international city by sobha phase 1,sector 109,6.0,24691.0,4,4,3+,2.0,Relatively New,O69665526,2430.0,1,1,1,1,0,0,160
house,independent,sector 26,19.0,42222.0,6,8,3+,3.0,Moderately Old,M70013508,4500.0,1,1,1,1,0,2,103
flat,ats triumph,sector 104,2.55,13076.0,4,4,3+,21.0,Relatively New,J69054880,2509.0,0,0,0,1,0,0,150
flat,m3m woodshire,sector 107,0.9,6588.0,2,2,3+,14.0,New Property,M62958574,1236.0,0,0,0,0,0,0,67
flat,ireo the grand arch,sector 58,2.2,16000.0,2,2,1,5.0,Relatively New,E69806312,1528.0,0,1,0,0,0,2,49
flat,signature global synera,sector 81,0.38,9500.0,1,1,2,3.0,Relatively New,E68280528,444.0,0,0,0,0,0,0,43
house,independent,sector 8,0.45,9000.0,1,1,1,3.0,Moderately Old,I68022246,556.0,0,0,0,0,0,0,0
flat,ireo victory valley,sector 67,2.95,12235.0,3,3,3,10.0,Relatively New,I69942126,2150.0,0,0,0,1,0,2,174
flat,eldeco accolade,sohna road,1.14,6530.0,3,3,3+,4.0,Relatively New,E69774436,1382.0,0,0,0,0,0,0,157
flat,tata primanti,sector 72,3.5,11428.0,4,5,3+,10.0,Relatively New,W8942961,2625.0,0,0,0,1,1,0,38
house,ardee city,sector 52,5.5,20370.0,9,9,3+,3.0,Moderately Old,K65881034,2700.0,0,1,0,1,1,2,26
flat,ats tourmaline,sector 109,1.5,8571.0,3,3,3+,7.0,Relatively New,D69316296,1466.0,0,0,0,0,0,0,165
flat,whiteland blissville,sector 76,1.92,11794.0,3,3,2,3.0,Under Construction,O69125928,1628.0,0,0,0,0,0,0,61
house,independent,sector 17,3.5,24306.0,2,6,3+,3.0,Old Property,H68484238,1440.0,0,0,0,0,0,0,0
flat,central park flower valley aqua front towers,sector 33,1.7,9502.0,3,3,3,12.0,Under Construction,L57626300,1619.0,0,0,0,0,0,0,24
flat,m3m skywalk,sector 74,1.4,9831.0,2,2,2,17.0,New Property,X69308632,1289.0,0,0,0,0,0,2,167
house,signature global city 63a,sector 63,1.5,6289.0,3,3,2,1.0,New Property,T66815322,2385.0,0,0,0,0,0,0,0
house,independent,sector 26,7.0,39260.0,5,5,2,3.0,Relatively New,S69858366,1783.0,0,0,0,1,0,0,9
flat,pareena coban residences,sector 99a,1.38,7150.0,4,5,3+,1.0,Relatively New,B69102822,2150.0,0,0,0,1,1,0,49
flat,sobha city,sector 108,2.4,17378.0,2,2,2,14.0,New Property,K70067632,1250.0,0,0,0,0,0,2,113
flat,microtek greenburg,sector 86,1.45,9797.0,3,2,3,8.0,Relatively New,M69031366,1480.0,0,0,0,0,0,1,72
flat,unitech fresco,sector 50,1.8,9589.0,3,4,3+,6.0,Moderately Old,X70105152,1870.0,0,0,0,1,0,2,174
flat,vatika sovereign park,sector 99,2.45,8812.0,3,4,3,1.0,New Property,O69042106,2516.0,0,0,0,1,0,2,165
flat,experion the heartsong,sector 108,1.2,6825.0,3,2,3+,11.0,Relatively New,A69625254,1550.0,0,1,0,1,0,2,174
flat,tata primanti,sector 72,4.0,13769.0,4,5,2,7.0,Moderately Old,S68515274,2629.0,0,0,0,1,0,0,38
flat,experion the heartsong,sector 108,2.29,8240.0,4,5,3+,8.0,Relatively New,O60974924,2779.0,0,0,0,1,0,0,95
flat,ss the leaf,sector 85,1.07,6524.0,2,2,3,21.0,Relatively New,U69233522,1484.0,0,1,0,0,0,0,67
flat,bestech park view residency,sector 2,1.4,7865.0,3,3,3+,8.0,Moderately Old,K70072250,1611.0,0,0,0,0,0,0,92
flat,smart world gems,sector 89,1.16,10500.0,3,2,3,1.0,New Property,P69352646,998.0,1,0,0,0,0,0,49
flat,signature global park,sohna road,0.56,6812.0,2,2,3,3.0,New Property,K68668944,913.0,0,0,0,0,0,0,111
flat,ambience creacions,sector 22,3.99,12912.0,3,5,3+,3.0,New Property,P30918183,2796.0,0,0,0,1,0,1,102
flat,emaar mgf emerald floors premier,sector 65,2.25,13636.0,3,3,3+,3.0,Relatively New,N66241946,1493.0,1,0,0,1,0,0,152
flat,signature global park,sohna road,0.54,6388.0,2,2,3,4.0,New Property,Y62685708,676.0,0,0,0,0,0,0,44
flat,trisara our homes 3,sohna road,0.4,4478.0,2,2,2,1.0,Relatively New,K69930430,900.0,0,0,0,0,0,0,0
flat,indiabulls centrum park,sector 103,1.15,7765.0,2,2,3,8.0,Relatively New,U69009816,1250.0,1,0,0,0,0,2,135
house,not applicable,sector 4,0.8,6088.0,5,4,3,3.0,Under Construction,V68482446,146.0,0,0,0,0,0,0,0
flat,apna enclave,sector 3,0.58,6105.0,2,2,2,2.0,Old Property,G56507400,900.0,0,0,0,0,0,0,66
flat,signature global park 4,sector 36,0.72,6660.0,3,2,3,3.0,Under Construction,F65995402,978.0,0,0,0,0,0,0,0
flat,bptp terra,sector 37d,1.95,14444.0,4,3,3,7.0,Under Construction,A68475410,1650.0,0,0,0,0,0,0,53
house,independent,sector 11,2.1,17284.0,2,6,3+,3.0,Relatively New,I68510464,1215.0,0,0,0,0,0,0,14
flat,sidhartha ncr one,sector 95,0.55,5556.0,2,2,3,15.0,New Property,W66184546,990.0,0,0,0,0,0,0,0
flat,emaar palm gardens,sector 83,1.75,9210.0,3,3,3+,11.0,Relatively New,I69881898,1549.0,0,0,0,1,0,0,120
house,ansal sushant lok plots,sector 43,3.3,26570.0,1,1,0,2.0,Under Construction,Y69091814,1242.0,0,0,0,0,0,0,0
house,international city by sobha phase 1,sector 109,6.0,24691.0,4,5,3+,2.0,Relatively New,X69122618,2430.0,0,0,0,1,0,2,96
flat,m3m the marina,sector 68,1.02,8095.0,2,2,2,11.0,Relatively New,Z70091460,1250.0,0,0,0,0,1,2,49
flat,tulip violet,sector 69,1.9,9452.0,4,4,2,6.0,Relatively New,P69430032,1743.0,0,0,1,0,0,0,174
house,independent,sector 26,8.9,32963.0,4,4,3+,2.0,Old Property,I66317624,2700.0,1,1,1,1,0,0,82
flat,orchid petals,sector 49,2.45,11887.0,3,3,3,0.0,Relatively New,U70024910,1865.0,1,0,0,0,0,0,49
flat,emaar gurgaon greens,sector 102,1.54,9333.0,3,3,3,12.0,Relatively New,C70002144,1315.0,0,0,0,1,0,0,61
house,independent,sector 7,0.95,21111.0,2,1,1,3.0,New Property,O69262328,450.0,0,0,0,0,0,0,15
flat,umang monsoon breeze,sector 78,0.88,4746.0,3,4,3,8.0,Moderately Old,N69099618,1668.0,0,1,0,1,0,0,111
house,independent,sector 41,1.65,13750.0,1,1,0,1.0,Moderately Old,W67786326,1200.0,0,0,0,0,0,0,0
flat,vatika the seven lamps,sector 82,0.89,8850.0,2,2,2,14.0,Relatively New,G69826712,1202.0,1,0,0,0,0,2,129
flat,krisumi waterfall residences,sector 36a,2.3,15551.0,2,2,2,23.0,Relatively New,F69091350,1479.0,0,0,0,0,0,0,58
house,independent,sector 105,1.3,11555.0,3,3,1,2.0,Moderately Old,M68603318,1125.0,0,0,0,0,0,0,16
house,ireo victory valley,sector 67,8.0,22222.0,6,7,3+,3.0,Moderately Old,B69964900,3600.0,1,1,1,1,0,2,151
house,independent,sector 47,5.15,26615.0,3,9,3+,3.0,Relatively New,F70089250,1935.0,0,0,1,0,0,2,75
flat,orchid petals,sector 49,2.09,11578.0,3,3,3,0.0,Relatively New,T70024810,1633.0,0,0,0,0,0,0,49
house,independent,sector 26,18.0,39841.0,5,4,3+,4.0,Moderately Old,U69690332,4518.0,1,1,1,1,0,2,113
flat,signature global park,sohna road,0.79,7308.0,3,2,3+,4.0,Under Construction,L63439274,978.0,0,0,0,0,0,0,109
flat,ambience creacions,sector 22,2.4,17391.0,2,2,2,8.0,Relatively New,L69915070,1200.0,0,0,0,0,1,1,112
flat,ss the leaf,sector 85,1.83,7610.0,3,4,3,9.0,Relatively New,R69585006,1925.0,0,0,0,0,0,0,49
flat,godrej summit,sector 104,1.35,5014.0,4,5,3+,0.0,Relatively New,P68403056,2991.0,1,1,1,1,0,0,88
flat,apna enclave,sector 3,0.5,7692.0,2,2,1,1.0,Old Property,H68850564,722.0,0,0,0,0,0,2,37
flat,rof ananda,sector 95,0.31,5644.0,2,2,1,5.0,Relatively New,P69978952,610.0,0,1,0,0,0,2,74
flat,m3m soulitude,sector 89,1.0,9066.0,2,2,2,2.0,New Property,P69680328,1226.0,1,0,0,0,0,0,49
flat,sare green parc 2,sector 92,1.07,5246.0,4,3,3,10.0,Under Construction,G27149533,2040.0,1,0,0,1,0,0,86
flat,shree vardhman flora,sector 90,0.64,4923.0,2,2,3,6.0,Old Property,O68310800,1199.0,1,0,0,0,0,0,103
flat,dlf new town heights,sector 90,1.8,6600.0,4,4,3+,23.0,Moderately Old,K63352156,2468.0,0,0,0,0,0,0,67
flat,ambience creacions,sector 22,4.63,14983.0,3,5,3+,5.0,New Property,L69964486,2796.0,0,0,0,1,1,0,120
flat,tulip violet,sector 69,1.7,8623.0,4,4,1,12.0,Relatively New,W69355346,1783.0,0,0,0,0,0,0,88
flat,dlf regal gardens,sector 90,1.25,6459.0,3,3,3,10.0,Relatively New,Y41856015,1650.0,0,0,0,0,1,2,38
flat,sidhartha ncr one phase,sector 95,0.43,3152.0,2,2,2,6.0,Relatively New,J66625644,1300.0,0,0,0,0,0,0,120
flat,godrej summit,sector 104,1.05,5833.0,3,4,3+,7.0,Relatively New,Q69640110,2000.0,0,0,0,1,0,2,96
flat,hsiidc sidco shivalik apartments,manesar,0.73,3560.0,3,3,3+,2.0,Moderately Old,Q70128998,1705.0,0,0,0,1,0,0,80
flat,on request,sector 103,1.69,9146.0,3,3,3+,8.0,Relatively New,M69829642,1670.0,0,0,0,0,0,0,49
house,bhim garh kheri,sector 3,1.5,7576.0,7,2,0,1.0,Moderately Old,C68592482,1980.0,0,0,0,0,0,0,0
house,landmark house,sector 43,2.75,25463.0,3,3,1,2.0,Moderately Old,F44144971,1080.0,0,1,0,0,0,0,21
flat,vatika gurgaon,sector 83,1.42,8875.0,4,4,3,7.0,Relatively New,V65295042,2000.0,1,0,0,1,0,0,103
flat,parsvnath green ville,sector 48,1.75,7201.0,3,3,3,7.0,Old Property,S69851304,2200.0,0,0,0,1,0,2,109
flat,emaar mgf emerald floors premier,sector 65,2.85,14430.0,4,4,3,2.0,Relatively New,Q69099796,1975.0,1,0,0,1,0,0,21
flat,signature global the millennia,sector 37d,0.6,9230.0,2,2,3,7.0,New Property,L68965444,625.0,0,0,0,0,0,0,35
flat,microtek greenburg,sector 86,1.25,8445.0,2,2,3,13.0,Moderately Old,F69169052,1339.0,1,0,0,0,0,0,6
flat,shapoorji pallonji joyville gurugram,sector 102,0.97,10601.0,2,2,2,12.0,New Property,N68217640,747.0,0,0,0,0,0,0,57
flat,parkwood westend,sector 92,0.7,5204.0,2,2,3,5.0,Under Construction,L47956793,1217.0,1,0,0,0,0,0,0
flat,pyramid urban homes 2,sector 86,0.43,8582.0,2,2,1,6.0,New Property,Q69709364,557.0,1,0,0,0,0,0,92
flat,sobha smriti apartments,sector 56,0.5,8333.0,1,1,2,3.0,Old Property,E68021668,667.0,0,0,0,0,0,0,0
flat,ramprastha the edge towers,sector 37d,0.75,5319.0,2,2,3,19.0,Moderately Old,I69691096,1410.0,0,0,0,0,0,0,63
flat,dlf the primus,sector 82a,1.59,10338.0,3,3,3+,5.0,Relatively New,D69723428,1668.0,0,0,0,0,1,1,167
flat,orchid petals,sector 49,2.35,11559.0,3,3,3,15.0,Relatively New,P70125798,2030.0,0,0,0,0,1,0,49
house,vipul tatvam villa,sector 48,7.8,23148.0,4,4,3+,2.0,Relatively New,R61915240,3240.0,1,1,1,1,0,2,145
flat,signature global orchard avenue,sector 93,0.36,6715.0,2,2,2,6.0,Relatively New,I69622378,604.0,0,0,0,0,0,0,16
flat,tulip monsella,sector 53,8.25,28004.0,3,4,3,8.0,Under Construction,F68216448,2661.0,0,0,0,1,0,1,35
flat,unitech the residences,sector 33,1.35,8737.0,3,4,2,8.0,Moderately Old,C69428930,1398.0,0,0,0,1,0,0,49
flat,dlf the skycourt,sector 86,1.6,8294.0,3,3,3+,9.0,Relatively New,S69471954,1548.0,0,0,0,0,1,2,167
house,independent,sector 25,10.5,29022.0,5,5,3,3.0,Moderately Old,F69573494,3618.0,1,1,0,1,0,0,42
house,independent,sector 57,6.21,23000.0,6,6,3+,4.0,Old Property,J69994418,2700.0,1,1,1,1,0,0,52
flat,paras dews,sector 106,1.35,8940.0,4,3,3,19.0,Old Property,H68151396,1678.0,0,0,0,1,0,0,112
flat,maxworth city residences,sector 10a,0.8,6400.0,2,3,2,9.0,New Property,L62335910,1389.0,0,0,0,0,0,0,46
flat,sare crescent parc royal greens phase 1,sector 92,0.75,4325.0,4,4,3+,3.0,Relatively New,P67904002,1734.0,0,0,0,0,0,0,93
house,ansal sushant lok,sector 43,10.5,27911.0,4,4,2,2.0,Old Property,O70046168,3762.0,0,0,0,1,0,0,59
flat,bptp pedestal,sector 70a,1.6,10158.0,3,3,3,2.0,New Property,O61525312,1750.0,0,0,0,1,1,0,77
flat,indiabulls enigma,sector 110,4.25,10953.0,5,5,3+,4.0,Relatively New,L69578382,3511.0,0,0,0,1,0,0,101
flat,sbtl caladium,sector 109,1.6,6286.0,3,3,3,9.0,Relatively New,D69512940,2303.0,0,0,0,1,0,0,75
house,independent,sector 2,1.0,8230.0,3,7,3+,3.0,Moderately Old,X68234360,1215.0,0,1,0,0,0,0,0
flat,bhagwati sadan,sector 12,1.15,5500.0,3,4,2,2.0,Old Property,L68930346,2000.0,0,0,0,1,1,0,0
flat,m3m woodshire,sector 107,0.82,6002.0,2,2,3+,7.0,Relatively New,U69550268,1236.0,0,0,0,0,0,0,111
house,independent,sector 36,0.66,7168.0,2,2,3,4.0,New Property,V67079234,823.0,0,0,0,0,0,0,0
flat,ss the leaf,sector 85,2.7,7754.0,4,4,3+,23.0,New Property,Y67042868,3151.0,0,0,0,0,0,0,21
flat,m3m woodshire,sector 107,1.29,8835.0,3,3,3+,1.0,Relatively New,P68258450,1690.0,0,1,0,0,0,2,174
flat,indiabulls centrum park,sector 103,1.05,5861.0,2,2,3,1.0,Relatively New,K67904562,1365.0,0,0,0,0,0,2,51
flat,smart world orchard,sector 61,1.6,13913.0,2,2,2,4.0,New Property,U69433708,1278.0,1,0,0,0,1,0,29
flat,spaze privy at,sector 84,1.2,7453.0,2,2,3,3.0,Relatively New,S69262092,1457.0,1,0,0,0,0,2,133
house,independent,sector 2,2.55,16378.0,3,3,2,2.0,Old Property,U64835622,1557.0,0,0,0,0,0,0,8
flat,puri emerald bay,sector 104,2.65,15007.0,3,4,3,15.0,Relatively New,L69551250,2090.0,0,0,0,1,0,2,174
house,independent,sohna road road,5.5,5093.0,3,3,3+,2.0,Moderately Old,Z25158470,3500.0,1,1,0,1,1,0,49
flat,emaar palm gardens,sector 83,1.73,9105.0,3,3,3,5.0,Relatively New,C69392058,1600.0,0,0,0,1,0,2,174
flat,experion the heartsong,sector 108,1.25,9259.0,3,3,3,1.0,Relatively New,O69665246,1500.0,0,1,0,1,0,0,174
house,bptp astaire gardens,sector 70a,1.18,8137.0,3,3,3+,2.0,Relatively New,F70178486,1611.0,0,0,0,0,1,2,153
flat,the close north,sector 50,2.65,10685.0,3,4,3+,6.0,Moderately Old,K70103464,2470.0,0,0,0,1,0,2,174
flat,la vida by tata housing,sector 113,3.05,15561.0,3,4,3,3.0,Relatively New,B69375744,2150.0,0,0,0,1,0,0,174
house,rattan vihar rajendra park,dwarka expressway,0.85,14166.0,1,5,3+,4.0,New Property,T66532438,600.0,0,0,0,0,0,0,0
flat,parsvnath exotica,sector 53,6.44,19000.0,4,4,3,7.0,Moderately Old,Z69525592,3068.0,0,0,0,1,0,2,80
flat,raheja revanta,sector 78,0.99,6100.0,2,2,3,14.0,Under Construction,H29087587,1467.0,0,0,0,0,1,0,39
flat,ats kocoon,sector 109,1.7,12878.0,3,3,3,22.0,Relatively New,K68731282,1550.0,0,0,0,0,0,0,103
flat,aipl zen residences,sector 70a,1.82,10996.0,3,3,3,12.0,Relatively New,J69593964,1600.0,0,0,0,0,0,0,108
flat,suncity vatsal valley,gwal pahari,1.45,10139.0,3,3,3,4.0,Under Construction,M68395278,1430.0,0,0,0,0,0,0,49
flat,signature global park,sohna road,0.65,7299.0,2,2,3,1.0,New Property,T68021646,822.0,0,0,0,0,0,0,58
flat,hcbs sports ville,sohna road,0.32,4301.0,2,2,1,3.0,Relatively New,K69677876,744.000768,0,0,0,0,0,0,109
flat,adani brahma samsara vilasa,sector 63,3.4,10000.0,3,3,3+,1.0,New Property,M69928892,3077.0,0,0,0,0,0,0,99
flat,signature global solera,sector 107,0.36,6569.0,2,2,1,9.0,Relatively New,D60290914,496.0,0,0,0,0,0,0,28
flat,m3m skywalk,sector 74,1.54,11000.0,2,2,3+,22.0,Relatively New,N69714458,1200.0,0,0,0,0,1,0,137
flat,ansal heights 86,sector 86,0.95,5621.0,3,2,1,6.0,New Property,P69977474,1878.0,0,0,0,0,0,0,15
flat,indiabulls centrum park,sector 103,2.14,7443.0,4,6,3+,7.0,Relatively New,Y68884816,2718.0,0,0,0,1,0,0,142
house,eros rosewood villas,sector 49,2.8,15555.0,3,3,3,2.0,Moderately Old,Y68580388,1800.0,0,1,0,0,0,0,68
flat,indiabulls centrum park,sector 103,1.34,7486.0,3,3,3+,13.0,Relatively New,H69107526,1560.0,1,0,0,0,0,0,93
flat,m3m golfestate,sector 65,6.1,18138.0,3,3,3,19.0,Moderately Old,V69644720,3027.0,1,0,0,1,0,2,174
flat,ambience creacions,sector 22,1.99,15546.0,2,2,2,9.0,New Property,M69440660,1285.0,0,0,0,0,0,0,49
house,independent,sector 25,10.85,38150.0,6,6,1,3.0,Relatively New,U69218678,2844.0,0,0,1,0,0,2,136
flat,raheja atharva,sector 109,1.6,5319.0,4,1,0,0.0,New Property,O69280216,3008.0,0,0,0,0,0,0,0
flat,godrej aria,sector 79,1.45,9062.0,2,2,3+,9.0,Relatively New,L70139474,1494.0,1,0,0,0,0,0,113
flat,ss the leaf,sector 85,1.05,6163.0,2,2,3+,7.0,Relatively New,G66846598,1512.0,0,0,1,0,0,0,144
house,independent,sector 4,1.25,8681.0,2,3,0,1.0,Moderately Old,R68998694,160.0,0,0,0,0,0,0,0
flat,indiabulls enigma,sector 110,3.4,10000.0,4,5,3,3.0,Relatively New,T69721902,3077.0,0,0,1,1,0,0,90
flat,godrej oasis,sector 88a,0.95,7268.0,2,2,2,6.0,Relatively New,X66115252,1452.0,0,0,0,0,0,0,79
flat,brisk lumbini terrace homes,sector 109,1.38,6338.0,3,3,1,4.0,Moderately Old,F68641358,2419.0,0,0,0,0,0,0,20
flat,dlf the ultima,sector 81,2.35,11174.0,3,3,3+,14.0,Relatively New,N70068566,1550.0,1,1,0,1,1,1,49
house,unitech espace,sector 50,7.42,34352.0,4,4,3,2.0,Old Property,A68499108,3200.0,0,0,0,0,0,2,88
flat,godrej nature plus,sector 33,1.08,13126.0,2,2,3,8.0,Under Construction,O67585740,85.0,0,0,0,0,0,0,56
house,independent,sector 24,4.5,33333.0,2,8,3+,4.0,Relatively New,Q69297316,1350.0,0,0,1,1,0,2,56
flat,ramsons kshitij,sector 95,0.4,5839.0,3,2,2,6.0,New Property,I69077304,761.0,0,0,0,0,0,0,0
flat,bptp mansions park prime,sector 66,3.0,10853.0,4,4,3,3.0,Relatively New,M69225774,2700.0,1,1,0,1,1,2,174
house,satya the hermitage,sector 103,3.15,6702.0,4,5,0,12.0,Relatively New,Z67904052,4700.0,0,0,0,0,0,0,61
flat,chd avenue,sector 71,0.95,7917.0,2,2,0,5.0,Moderately Old,D69982334,1200.0,0,0,0,0,0,0,0
flat,supertech hues,sector 68,1.0,8474.0,2,2,3,23.0,New Property,U69732050,1311.0,0,0,0,0,0,0,49
flat,brisk lumbini terrace homes,sector 109,1.5,6616.0,3,3,1,4.0,New Property,E68931654,2519.0,0,0,0,1,0,0,37
flat,central park flower valley,sohna road,1.2,6742.0,3,3,0,11.0,Relatively New,X67181112,1780.0,0,0,0,0,0,0,66
flat,tulip violet,sector 69,1.78,8855.0,4,4,2,10.0,Relatively New,D69963878,1819.0,0,1,0,0,0,2,156
house,bptp astaire gardens,sector 70a,1.04,7172.0,3,3,3+,2.0,Relatively New,C70356248,1611.0,0,0,0,0,1,2,145
flat,ss the leaf,sector 85,1.77,7350.0,3,4,3,6.0,Moderately Old,G53338910,1450.0,0,0,0,1,0,2,135
flat,dlf the ultima,sector 81,2.5,11726.0,3,3,2,20.0,Relatively New,I69974258,1700.0,0,0,0,1,0,1,174
flat,signature global city,sector 37d,1.1,9838.0,2,2,2,4.0,Relatively New,S68639866,1242.0,0,0,0,0,0,0,59
flat,tulip leaf,sector 69,2.07,11423.0,3,3,3,16.0,Relatively New,D69180036,1640.0,0,0,0,0,0,0,49
flat,signature global solera,sector 107,0.51,7906.0,3,2,2,9.0,Relatively New,H69308942,717.0,0,0,0,0,1,0,15
flat,ramson kshitij sec-95 gurugram,sector 95,0.27,2700.0,2,2,0,1.0,New Property,V68346118,758.0,0,0,0,0,0,0,0
house,ansals florence villa,sector 57,6.0,22222.0,4,5,2,2.0,Old Property,I69531402,2700.0,0,1,0,1,0,2,20
flat,ats triumph,sector 104,2.65,8412.0,4,4,3+,10.0,Relatively New,Q68672590,2851.0,0,0,0,1,0,0,174
flat,emaar mgf emerald floors,sector 65,2.6,15758.0,3,3,3+,3.0,Relatively New,B66743880,1650.0,0,0,0,0,0,0,0
flat,ss the leaf,sector 85,1.58,7714.0,3,4,3,8.0,Relatively New,B68213610,2227.0,0,0,0,1,0,0,159
house,independent,sector 26,6.0,33333.0,3,5,3+,3.0,Old Property,G62798362,1800.0,0,0,0,0,0,2,9
flat,tata gurgaon gateway,sector 113,6.0,9139.0,5,6,3+,24.0,Moderately Old,M69605454,7294.0,0,0,0,0,0,0,117
flat,emaar palm heights,sector 77,2.25,11250.0,3,3,3,22.0,New Property,N70141242,1810.0,0,0,0,1,0,2,42
house,signature global city 92,sector 92,0.75,7820.0,2,2,3,1.0,Relatively New,I68120942,959.0,0,0,0,0,0,0,46
house,signature global city,sector 37d,1.27,8089.0,3,3,3,4.0,Under Construction,O65646706,1570.0,0,1,0,0,0,0,89
house,independent,sector 9,1.25,8735.0,3,6,3+,3.0,Old Property,J69656828,1431.0,0,0,0,0,0,0,0
flat,zara aavaas,sector 104,0.4,7029.0,2,2,1,14.0,Relatively New,R57419024,515.0,0,0,0,0,0,0,38
flat,sapphire eighty three,sector 83,0.4,8547.0,1,1,1,6.0,Relatively New,W69644442,520.0,0,0,0,0,0,1,52
house,ireo victory valley,sector 67,8.0,22222.0,6,7,3+,51.0,Moderately Old,B69710388,3600.0,1,1,0,1,0,2,49
house,ansal sushant residency,sector 57,4.6,17037.0,6,6,3,3.0,Old Property,K69632360,2700.0,1,1,1,1,0,1,102
flat,imperia the esfera,sector 37c,0.99,5454.0,3,5,3+,5.0,Relatively New,E69870240,1400.0,0,0,0,1,0,0,49
flat,ireo the corridors,sector 67a,2.0,11428.0,3,3,3,12.0,New Property,V19994483,1584.0,1,0,0,0,0,0,38
flat,sare crescent parc,sector 92,0.71,4933.0,3,3,2,6.0,Relatively New,R70040812,1596.0,0,0,0,0,0,0,37
flat,gls arawali homes,sohna road,0.3,4687.0,2,2,2,4.0,Relatively New,Z68669004,711.0,0,0,0,0,0,0,42
flat,spaze privy,sector 72,1.9,9620.0,3,3,3,10.0,Moderately Old,S69746820,1787.0,0,0,0,1,0,2,31
house,vatika signature villas,sector 82,5.0,15432.0,4,4,3+,3.0,Relatively New,U68448652,3240.0,0,1,1,1,0,0,24
flat,corona optus,sector 37c,1.22,6912.0,3,4,3,5.0,Relatively New,T69464532,1665.0,0,0,0,0,0,0,149
flat,parsvnath exotica,sector 53,5.0,17241.0,3,4,3,7.0,Old Property,M69783894,3222.0,0,0,0,1,0,2,24
flat,bestech park view residency,sector 2,1.26,8051.0,2,2,3,7.0,Moderately Old,N69051050,1416.0,1,0,0,0,0,0,84
house,independent,sector 9,0.35,9722.0,2,2,1,2.0,Old Property,A68535224,360.0,0,0,0,0,0,0,0
flat,tulip violet,sector 69,1.75,8883.0,4,4,1,12.0,Relatively New,N69355550,1783.0,0,0,0,0,0,0,86
flat,housing board colony,sector 51,0.3,7317.0,1,1,2,0.0,Old Property,W70010054,459.0,0,0,0,0,0,0,0
flat,tulip violet,sector 69,1.37,8907.0,3,3,1,12.0,Relatively New,B69407016,1392.0,0,0,0,0,0,0,116
flat,pivotal riddhi siddhi,sector 99,0.5,8517.0,2,1,2,7.0,New Property,D67438392,652.0,0,0,0,0,0,0,24
flat,m3m merlin,sector 67,2.8,13671.0,3,3,3,2.0,Relatively New,K69205204,2048.0,0,0,1,0,0,1,174
flat,vatika city homes,sector 83,1.0,5747.0,3,3,2,2.0,Relatively New,W69591392,1575.0,0,0,1,0,0,2,174
flat,afnhb jalvayu vihar,sector 30,1.45,11153.0,3,2,2,2.0,Old Property,D68662462,1300.0,0,0,0,0,0,1,75
flat,tulip violet,sector 69,1.92,15360.0,4,4,2,0.0,Relatively New,A69355858,1389.0,0,0,0,0,0,0,174
flat,dlf express greens,manesar,1.5,6358.0,4,5,3+,10.0,New Property,Z29421515,2135.0,0,0,0,1,0,0,32
flat,unitech uniworld city,sector 30,3.55,14991.0,3,5,3+,16.0,Old Property,T70168908,2367.0,0,0,0,1,0,2,141
flat,afnhb jalvayu vihar,sector 30,0.85,12859.0,2,2,1,2.0,Old Property,T69338898,734.0,0,0,0,0,1,2,49
flat,signature global solera,sector 107,0.5,4761.0,3,2,2,5.0,Relatively New,R55119848,850.0,0,0,0,0,1,0,35
flat,tulip violet,sector 69,1.7,8432.0,4,4,2,10.0,New Property,M68278424,1819.0,0,0,0,0,0,0,125
flat,ss the leaf,sector 85,1.31,7987.0,2,2,2,5.0,Relatively New,C69984480,1822.0,0,0,0,1,0,0,89
flat,unitech fresco,sector 50,1.88,10479.0,3,3,3+,14.0,Moderately Old,S69864700,1790.0,0,0,0,0,1,2,174
flat,mvn athens,sohna road,0.25,5189.0,2,2,1,0.0,Relatively New,L67798362,535.0,0,1,0,0,0,0,90
flat,experion windchants,sector 112,6.5,10416.0,4,5,3,11.0,Relatively New,X13182415,4800.0,0,0,0,0,0,0,55
flat,godrej aria,sector 79,1.1,11482.0,2,2,3,9.0,New Property,K68598604,81.0,0,0,0,0,0,0,62
house,independent,sector 4,0.5,9259.0,2,3,2,3.0,Old Property,G68499722,540.0,0,0,0,0,0,0,0
flat,vatika emilia floors,sector 83,0.65,6190.0,2,2,2,1.0,Relatively New,T69340676,950.0,0,0,0,0,0,2,174
flat,bestech spa signature,sector 81,4.4,12571.0,4,4,3+,6.0,New Property,E69200950,3700.0,1,1,0,1,1,1,49
house,independent,sector 27,4.25,31481.0,5,5,3+,3.0,Relatively New,O70367590,1350.0,0,1,0,1,0,2,49
flat,park view apartments,sector 15,1.6,11034.0,3,3,3+,2.0,Moderately Old,S69153060,1611.0,0,1,0,0,0,0,56
flat,m3m golfestate,sector 65,5.5,16959.0,3,4,3,3.0,Relatively New,K68231824,2803.0,0,0,0,1,0,0,49
flat,conscient heritage max,sector 102,2.15,10004.0,3,4,3+,18.0,Relatively New,E59899010,1945.0,1,0,0,1,0,2,134
flat,pivotal devaan,sector 84,0.37,6346.0,2,2,1,5.0,Relatively New,D69901750,532.0,0,0,0,0,0,0,73
house,independent,sector 26,5.8,32222.0,4,3,2,2.0,Relatively New,Y69625246,1800.0,0,0,1,0,0,0,21
flat,sare crescent parc royal greens phase 1,sector 92,0.65,4512.0,3,3,3,1.0,Moderately Old,X67610046,1304.0,0,0,0,0,0,0,91
house,independent,sector 7,1.0,8818.0,2,2,0,0.0,Old Property,E70282850,126.0,1,0,0,0,0,0,7
house,independent,sector 43,2.5,2885.0,7,7,3,4.0,Relatively New,E69112942,963.0,0,0,0,0,1,2,20
flat,ss the leaf,sector 85,1.11,6851.0,2,2,3,8.0,Relatively New,U67564566,1630.0,0,0,1,0,0,0,174
flat,godrej,sector 79,1.47,16256.0,2,2,3,9.0,New Property,Z69627792,93.0,1,0,0,0,0,0,99
flat,dlf the ultima,sector 81,2.34,11185.0,3,4,3+,14.0,Relatively New,Q69657640,1760.0,0,0,0,1,0,1,174
flat,emaar palm gardens,sector 83,1.75,9210.0,3,3,3,6.0,Relatively New,Z69391194,1600.0,0,0,0,1,0,2,174
flat,signature the serenas,sohna road,0.42,7909.0,2,2,1,12.0,New Property,Q68539508,590.0,0,0,0,0,0,0,54
flat,experion the heartsong,sector 108,1.55,7738.0,3,3,3+,7.0,Relatively New,J69625416,1750.0,0,1,0,1,0,2,174
house,huda,sector 38,3.5,24005.0,3,2,3,2.0,Moderately Old,W70001722,1458.0,0,0,1,0,0,2,85
flat,vatika gurgaon,sector 83,1.1,6162.0,3,3,3+,5.0,Relatively New,M68325052,1600.0,0,0,0,0,0,2,96
flat,smart world gems,sector 89,1.16,8151.0,3,3,2,3.0,Under Construction,W66156744,1581.0,1,0,0,0,0,0,68
flat,signature global city,sector 37d,1.1,8494.0,3,3,2,2.0,Under Construction,T69935996,1439.0,0,0,0,0,0,0,36
flat,emaar gurgaon greens,sector 102,1.4,8484.0,3,3,3,9.0,Relatively New,T57865864,1413.0,0,0,0,1,0,0,49
flat,sare crescent parc,sector 92,0.95,5013.0,4,5,3+,13.0,Relatively New,U67904092,1895.0,0,0,0,0,0,0,0
flat,suncity heights,sector 54,3.25,14118.0,3,3,3+,0.0,Old Property,Y64134038,2558.0,0,1,0,0,0,2,120
flat,bptp freedom park life,sector 57,5.5,8982.0,5,6,3+,19.0,Moderately Old,J59619536,5010.0,0,1,0,1,0,2,153
house,independent,sector 55,1.64,10123.0,3,3,2,4.0,New Property,A68646462,1620.0,1,0,0,1,0,2,54
house,dlf pink town house,sector 24,1.9,3786.0,10,9,3+,3.0,Relatively New,C70372676,5018.0,0,0,0,0,1,1,29
flat,emaar mgf the palm drive,sector 66,3.45,15681.0,3,4,3,6.0,Relatively New,Y69976046,2000.0,0,0,0,1,0,2,95
flat,ss the leaf,sector 85,2.3,8179.0,4,4,3+,8.0,Relatively New,V69804904,2545.0,0,0,0,1,0,0,21
flat,dlf regency park,sector 28,2.35,13224.0,3,4,3,8.0,Old Property,V69938846,1700.0,0,0,0,1,0,2,109
flat,dlf regal gardens,sector 90,1.25,5931.0,3,3,3,18.0,Relatively New,S41137465,1557.0,0,0,0,0,1,0,72
house,independent,sector 39,15.0,33333.0,5,5,3+,4.0,Moderately Old,U70196700,4500.0,0,0,0,1,0,2,27
flat,ireo the grand arch,sector 58,2.2,13480.0,2,2,1,5.0,Relatively New,C69807488,1432.0,1,0,0,0,0,2,94
house,independent,sector 48,8.4,25926.0,4,4,3,2.0,Old Property,F69407586,3240.0,0,1,0,1,0,2,15
flat,tulip white,sector 69,0.9,6000.0,3,2,3+,1.0,Relatively New,Z69619140,1326.0,0,0,0,0,0,2,149
flat,emaar mgf the palm drive,sector 66,3.5,16470.0,3,4,3,6.0,Relatively New,H69848390,2150.0,0,0,0,1,0,0,68
house,international city by sobha phase 1,sector 109,5.75,16428.0,4,4,2,3.0,Relatively New,F69558114,4800.0,0,0,0,1,0,0,146
house,independent,sector 2,0.4,7619.0,2,2,1,1.0,Relatively New,A68153088,583.0,0,0,0,0,0,0,0
flat,signature global park,sohna road,0.55,6690.0,2,2,3,3.0,Relatively New,Z68976822,913.0,0,0,0,0,0,0,58
flat,the lions cghs,sector 56,2.1,8750.0,3,4,3+,8.0,Old Property,S70149132,2200.0,0,0,0,0,1,2,166
flat,shree vardhman victoria,sector 70,1.1,8461.0,2,2,2,0.0,New Property,A70028014,1026.0,1,0,0,0,0,0,49
flat,krrish provence estate,gwal pahari,5.25,9051.0,4,5,3+,2.0,New Property,I68212060,5249.0,1,1,0,1,0,0,49
house,vipul tatvam villa,sector 48,7.69,24069.0,4,5,3,2.0,Moderately Old,L68774854,3195.0,1,1,1,1,0,2,110
flat,dlf new town heights,sector 90,1.51,6387.0,4,4,3+,6.0,Relatively New,G69632410,2362.0,0,1,0,1,0,2,142
flat,shapoorji pallonji joyville gurugram,sector 102,1.4,11666.0,2,2,3,0.0,Relatively New,M61974474,1286.0,0,0,0,0,0,0,80
house,housing board colony,sector 28,5.5,30556.0,4,3,3,2.0,Old Property,G68229004,1800.0,0,1,0,0,1,2,22
flat,ansal heights 86,sector 86,0.67,5100.0,2,2,1,10.0,Relatively New,J69288890,1231.0,0,0,0,0,0,0,115
flat,tata primanti,sector 72,6.5,15294.0,4,4,3+,0.0,Relatively New,R69667342,3846.0,1,1,0,1,0,0,67
flat,adani aangan galleria,sector 89,0.42,4941.0,2,2,2,3.0,Relatively New,S70051996,769.0,0,0,0,0,0,0,0
flat,eldeco accolade,sohna road,0.85,6724.0,2,2,3,10.0,New Property,U63503734,978.0,0,0,0,0,0,0,72
flat,city shri ram apartments 1,sector 110,0.22,3666.0,2,1,1,1.0,Relatively New,F67426494,543.0,0,0,0,0,0,0,0
flat,tulip violet,sector 69,1.38,8972.0,3,3,1,12.0,Relatively New,F69407494,1392.0,0,0,0,0,0,0,157
flat,m3m golf hills phase 1,sector 79,1.7,10828.0,3,2,3,10.0,Relatively New,Q68462640,1570.0,0,0,0,0,0,0,0
flat,smart world gems,sector 89,1.01,9156.0,2,2,2,4.0,Under Construction,P68810298,1226.0,1,0,0,0,0,0,38
flat,emaar palm gardens,sector 83,1.8,9473.0,3,3,3,6.0,Relatively New,K69430594,1549.0,0,0,0,1,0,2,97
flat,orchid island,sector 51,1.7,10651.0,3,4,3,2.0,Moderately Old,V69789902,1773.0,0,1,1,0,0,0,90
flat,m3m heights,sector 65,2.33,18477.0,2,2,3,35.0,Under Construction,E68308908,1141.0,0,0,0,0,0,2,49
flat,emaar mgf palm hills,sector 77,1.5,12744.0,3,3,3,4.0,Relatively New,R68567906,1310.0,0,0,0,0,0,2,97
flat,m3m capital,sector 113,2.87,12489.0,4,4,3+,3.0,Under Construction,Y69960736,2553.0,0,0,0,1,0,0,65
flat,ireo skyon,sector 60,3.05,12788.0,3,3,3,9.0,Relatively New,O69439788,2300.0,0,0,0,1,0,2,165
flat,bestech park view grand spa,sector 81,2.3,8646.0,3,4,3+,7.0,Relatively New,E69343314,2280.0,0,0,0,1,0,2,49
flat,dlf the ultima,sector 81,2.7,12802.0,3,3,3,15.0,Relatively New,S69555438,2343.0,0,0,0,1,0,2,49
flat,"m m residency, krishna colony, gurgaon",sector 7,0.54,5888.0,2,2,1,3.0,Relatively New,O66013964,1000.0,0,0,0,0,0,0,70
flat,godrej aria,sector 79,0.96,13296.0,2,2,3,8.0,Relatively New,B69923090,1012.0,0,0,0,0,0,0,49
flat,ild greens,sector 37c,1.05,7500.0,3,3,3,4.0,New Property,G59853278,1500.0,0,0,0,0,0,2,5
flat,parsvnath green ville,sector 48,1.86,7654.0,3,3,3+,6.0,Moderately Old,K67331462,2199.0,0,0,0,1,0,2,94
flat,sahara grace,sector 28,5.5,14612.0,4,5,3+,5.0,Moderately Old,A69275510,3406.0,0,0,0,1,1,2,8
flat,smart world orchard,sector 61,2.55,15644.0,3,3,2,4.0,New Property,J69756200,1630.0,0,0,0,0,1,0,30
flat,alpha corp gurgaonone,sector 84,1.49,7590.0,3,3,3,6.0,Relatively New,A69430888,1833.0,0,0,0,1,0,0,28
flat,huda housing board society,sector 52,0.45,9745.0,1,1,0,0.0,Moderately Old,Y57082274,513.0,0,1,0,0,0,2,43
flat,indiabulls centrum park,sector 103,1.35,7541.0,3,3,3+,3.0,Relatively New,J69502274,1620.0,1,0,0,0,0,2,168
flat,shapoorji pallonji joyville gurugram,sector 102,2.04,14068.0,3,3,3+,1.0,Relatively New,R61974850,1644.0,0,0,0,0,0,0,72
flat,lotus homz,sector 111,0.5,14838.0,1,1,1,2.0,Relatively New,F70175862,374.0,0,0,0,0,0,1,72
house,independent,sector 28,12.0,42194.0,4,5,3+,4.0,Relatively New,A69428298,2844.0,0,1,1,1,0,2,60
flat,project krishna colony,sector 7,0.36,5142.0,2,2,1,0.0,Relatively New,F63124702,700.0,0,0,0,0,0,0,0
flat,eldeco accolade,sohna road,0.87,5965.0,2,2,3+,10.0,Relatively New,U70169458,1131.0,1,0,0,0,0,0,72
flat,breez global hill view,sohna road,2.6,5215.0,2,2,2,6.0,New Property,Z62308464,4986.0,0,0,0,0,0,0,42
flat,dlf the primus,sector 82a,2.25,10714.0,3,3,3+,29.0,Relatively New,Y62594040,2333.0,0,0,0,1,0,1,72
flat,emaar imperial gardens,sector 102,1.7,8395.0,3,4,3+,8.0,Relatively New,M69505648,1750.0,0,1,0,1,0,2,174
flat,indiabulls centrum park,sector 103,1.2,8432.0,2,2,3,3.0,Moderately Old,V68887136,1288.0,0,0,0,0,0,0,26
flat,ireo skyon,sector 60,2.15,23344.0,2,3,2,5.0,Relatively New,W69182584,1250.0,0,0,0,1,0,2,49
house,dlf alameda,sector 73,17.0,35109.0,5,8,3,3.0,Relatively New,I69434116,9000.0,1,1,1,1,0,1,87
flat,m3m woodshire,sector 107,1.7,6141.0,4,5,3+,9.0,Relatively New,D59910562,2505.0,0,0,0,1,0,0,79
flat,experion the heartsong,sector 108,1.3,8344.0,3,3,3+,7.0,Relatively New,P69141374,1661.0,1,0,0,0,0,0,150
flat,ireo the corridors,sector 67a,1.6,9264.0,3,3,2,3.0,New Property,V69440184,1346.0,0,0,1,0,0,2,142
flat,shree arihant apartment,sector 54,1.55,8611.0,3,3,3,3.0,Moderately Old,U69772026,1900.0,0,0,0,1,0,2,109
flat,godrej habitat,sector 3,1.2,8310.0,2,2,3,0.0,Under Construction,J67814918,1307.0,0,0,0,0,0,0,60
flat,bestech park view residency,sector 2,1.01,7137.0,2,2,3,0.0,Moderately Old,C70072076,1281.0,0,0,0,0,0,0,92
flat,pioneer araya,sector 62,9.14,19488.0,4,6,3,16.0,Relatively New,N69067750,3932.0,1,0,1,1,0,2,146
flat,eldeco accolade,sohna road,0.95,6178.0,2,2,3+,8.0,Under Construction,T36802743,1050.0,1,0,0,0,1,0,72
flat,alpha corp gurgaonone,sector 84,1.2,9448.0,2,2,1,6.0,Relatively New,Z61134056,1149.0,0,0,0,0,0,0,13
flat,shyam sadan,sector 3 phase 2,0.55,6470.0,2,2,1,4.0,Relatively New,B68487870,778.0,1,0,0,0,0,2,69
flat,bptp terra,sector 37d,1.49,8105.0,3,3,3,20.0,Relatively New,H70022084,1707.0,0,0,0,0,1,0,49
flat,dlf park place,sector 54,4.85,25867.0,3,4,3+,25.0,Relatively New,Z69409012,1875.0,0,0,0,1,0,2,26
flat,microtek greenburg,sector 86,1.65,8707.0,3,4,3,8.0,Relatively New,J68748272,1715.0,0,0,0,1,0,0,124
flat,m3m heights,sector 65,3.0,18000.0,3,3,3,20.0,Under Construction,H68313326,1667.0,0,0,0,0,0,0,60
flat,tata gurgaon gateway,sector 113,1.75,10443.0,2,2,2,10.0,Relatively New,P69588138,1430.0,1,0,0,0,0,0,104
flat,orchid petals,sector 49,4.79,11628.0,5,5,3+,14.0,Relatively New,Y70021990,3724.0,1,1,0,1,0,0,49
flat,dlf new town heights,sector 86,1.27,6580.0,3,4,3,19.0,Relatively New,B69623152,1800.0,0,1,0,1,0,0,126
flat,signature global synera,sector 81,0.39,6500.0,2,2,2,6.0,Relatively New,F68280774,667.0,0,0,0,0,0,0,37
flat,greenopolis,sector 89,1.3,6806.0,3,3,3+,1.0,New Property,B68526250,2122.0,0,0,0,1,0,0,35
flat,hcbs sports ville,sohna road,0.28,3768.0,2,2,1,11.0,Relatively New,R68647522,743.0,0,0,0,0,0,0,38
flat,shree vardhman victoria,sector 70,1.8,9230.0,3,4,3,2.0,New Property,Q67976434,1527.0,0,0,0,1,1,0,45
flat,ireo skyon,sector 60,3.75,13392.0,4,5,3,15.0,Relatively New,B69175338,2534.0,0,0,0,1,0,0,167
flat,pyramid urban,sector 67a,0.62,11854.0,2,2,2,2.0,Relatively New,T69865168,581.0,0,0,0,0,0,0,64
flat,emaar mgf emerald floors premier,sector 65,2.4,14545.0,3,3,3,3.0,Relatively New,X69990764,1600.0,1,0,0,1,0,2,49
flat,eldeco accolade,sohna road,0.72,4975.0,2,2,3+,12.0,Relatively New,T69313738,1131.0,1,0,0,0,0,0,152
flat,dlf new town heights,sector 90,1.25,8638.0,3,4,3+,0.0,Old Property,C68168492,1608.0,0,0,0,1,0,1,31
flat,meditech apartment,sector 56,2.45,8166.0,4,4,3+,1.0,Relatively New,W69731300,2900.0,0,0,0,0,1,2,118
flat,pioneer araya,sector 62,9.2,19943.0,4,6,3,5.0,Relatively New,M69843270,3867.0,0,1,0,1,0,2,156
flat,signature global the millennia,sector 37d,0.65,10906.0,2,2,3,0.0,New Property,X69385790,625.0,0,0,0,0,0,0,40
flat,central park resorts,sector 48,15.0,22388.0,5,6,3+,17.0,Relatively New,G69746434,7444.0,1,1,0,1,0,1,45
house,dlf city phase 1,sector 26,4.5,33333.0,3,3,2,2.0,Moderately Old,L70280308,1350.0,1,0,0,1,0,0,70
flat,signature global solera,sector 107,0.49,8222.0,2,2,1,8.0,Relatively New,Y69403834,598.0,0,0,0,0,1,1,49
flat,sidhartha ncr one phase,sector 95,0.55,4867.0,2,2,2,14.0,New Property,V66344198,1256.0,1,0,0,0,0,0,90
flat,pyramid urban,sector 67a,0.53,8967.0,2,2,1,6.0,Relatively New,F69850864,657.0,0,0,0,0,1,2,49
flat,4s aradhya homes,sector 67a,1.9,8863.0,4,4,3,3.0,New Property,I68708876,1991.0,0,0,0,0,0,2,62
flat,signature global grand iva,sector 103,0.23,6527.0,1,1,1,4.0,Relatively New,Y66925870,400.0,0,0,0,0,0,0,23
flat,microtek greenburg,sector 86,1.3,15294.0,2,3,3,5.0,Relatively New,Z70028220,944.0,1,0,0,0,0,2,45
flat,hsiidc sidco aravali,manesar,0.86,3323.0,3,3,3+,3.0,Moderately Old,Y70128916,1900.0,0,0,0,1,0,0,81
flat,dlf the skycourt,sector 86,1.56,8087.0,3,4,3+,17.0,Relatively New,L69657426,1580.0,0,0,1,0,0,0,174
flat,bestech park view sanskruti,sector 92,1.6,7547.0,3,3,3,10.0,Relatively New,P69879580,1765.0,0,0,0,1,0,2,60
house,independent,sector 9,3.2,13519.0,3,3,2,1.0,Old Property,H70047328,2367.0,0,0,0,0,0,2,36
flat,the lions cghs,sector 56,2.09,8708.0,4,4,3+,7.0,Relatively New,R69165780,2300.0,0,0,0,0,1,2,125
flat,tulip ivory,sector 70,2.0,8333.0,4,5,3+,7.0,Moderately Old,T68593666,2169.0,0,0,0,1,0,2,174
flat,shree vardhman victoria,sector 70,1.65,8461.0,3,4,3,12.0,Relatively New,F69682456,1765.0,0,0,1,1,0,0,56
flat,tulip violet,sector 69,1.4,8920.0,3,3,1,12.0,Relatively New,D69354824,1419.0,0,1,0,0,0,0,86
flat,orchid petals,sector 49,4.16,11700.0,5,4,3+,14.0,Relatively New,Z70022144,3219.0,1,0,0,1,0,0,40
flat,tata primanti,sector 72,5.0,11111.0,4,4,3+,2.0,Moderately Old,X69887156,4500.0,1,1,0,1,1,2,174
flat,paras dews,sector 106,1.0,7220.0,2,2,3+,2.0,New Property,Z70158006,940.0,0,0,0,0,0,2,21
flat,vatika lifestyle homes,sector 83,1.1,6267.0,3,3,2,8.0,Relatively New,Y69590980,1588.0,1,1,1,0,0,2,174
house,unitech espace,sector 50,7.45,34491.0,4,4,3,3.0,Old Property,J69166182,4500.0,0,0,0,1,0,2,59
flat,emaar gurgaon greens,sector 102,1.38,13495.0,3,3,3,6.0,Relatively New,O67892682,1315.0,0,0,0,1,0,2,128
house,ansal sushant lok 2,sector 56,3.4,22222.0,6,6,3+,2.0,Moderately Old,U69735660,1530.0,0,0,0,0,0,2,29
flat,ss the leaf,sector 85,1.98,8256.0,3,4,3,12.0,Relatively New,D67564426,2399.0,0,0,1,0,0,0,174
house,independent,sector 108,1.34,5000.0,1,1,0,1.0,Relatively New,K66384020,2680.0,0,0,0,0,0,0,0
flat,pyramid urban homes 2,sector 86,0.5,8319.0,2,2,1,2.0,Relatively New,D69281892,668.0,0,0,0,0,0,0,35
house,independent,sector 3,1.5,10288.0,3,3,0,2.0,Old Property,H8775691,210.0,0,0,0,0,0,0,0
flat,tulip violet,sector 69,1.28,8111.0,3,3,2,12.0,Relatively New,V69393430,1428.0,0,1,0,0,0,2,49
house,independent,sector 3,0.37,7916.0,1,1,1,1.0,Relatively New,W68961024,480.0,0,0,0,0,0,0,0
house,palam vihar extension west zone rwa,sector 2,0.65,5777.0,2,2,1,1.0,Moderately Old,E60561574,1125.0,0,0,1,0,0,0,23
house,independent,sector 4,0.8,11852.0,2,3,1,2.0,Moderately Old,L59493940,675.0,0,0,0,0,0,0,0
house,independent,sector 57,3.49,20197.0,4,4,2,3.0,Moderately Old,L69405836,1728.0,1,1,0,1,0,2,49
flat,conscient heritage max,sector 102,1.7,11333.0,3,4,3+,8.0,Relatively New,T69713280,1700.0,0,1,0,1,0,2,174
house,independent,sector 8,0.59,10085.0,2,2,2,2.0,Moderately Old,W64166806,585.0,0,0,0,0,1,0,7
flat,emaar mgf palm terraces,sector 66,4.5,10599.0,5,5,3+,11.0,New Property,N37432221,3321.0,0,0,0,1,0,0,105
flat,the cocoon,dwarka expressway,2.0,13333.0,3,3,3,5.0,New Property,O68844702,1357.0,0,0,0,0,0,0,0
flat,shree vardhman flora,sector 90,0.65,4814.0,2,2,3,3.0,Relatively New,J65861506,1222.0,1,0,0,0,0,0,106
flat,mapsko casa bella,sector 82,0.86,8120.0,3,3,3,5.0,Moderately Old,Y69685674,1234.0,1,0,0,0,0,2,120
flat,umang monsoon breeze,sector 78,1.1,5055.0,3,3,3+,9.0,Old Property,I66729154,2176.0,0,0,0,1,0,0,80
house,independent,sector 4,0.65,10317.0,1,1,1,1.0,Moderately Old,A69481490,70.0,0,0,0,0,1,0,21
flat,bptp pedestal,sector 70a,1.9,9500.0,4,3,3,2.0,New Property,M67065850,2111.0,0,0,1,0,0,0,133
house,unitech uniworld resorts,sector 33,11.75,23240.0,5,7,3+,3.0,Relatively New,S66359294,5056.0,0,0,0,1,0,0,80
house,emaar mgf marbella,sector 66,12.0,37037.0,5,5,3+,3.0,New Property,G55931988,3240.0,0,1,1,1,0,2,106
flat,signature global solera,sector 107,0.28,5674.0,2,2,2,6.0,Relatively New,E69217168,543.0,0,0,0,0,0,0,45
flat,paras dews,sector 106,0.88,6353.0,2,2,3+,1.0,Relatively New,M69727842,940.0,0,0,0,0,0,0,49
flat,tata primanti,sector 72,3.3,15102.0,3,4,3+,15.0,New Property,W69748476,2185.0,0,0,0,1,0,1,174
flat,adani m2k oyster grande,sector 102,2.5,7817.0,4,5,3+,10.0,Relatively New,U69504806,2600.0,0,1,0,1,0,2,174
house,independent,sector 45,8.5,26235.0,5,4,2,1.0,Moderately Old,C68028942,3240.0,0,1,0,1,0,2,49
flat,shree vardhman victoria,sector 70,1.75,8974.0,3,4,2,16.0,Relatively New,I69878502,1950.0,0,1,0,1,0,0,49
flat,the close north,sector 50,2.65,11276.0,3,3,3+,3.0,Moderately Old,G69221508,2491.0,0,0,0,1,0,0,174
flat,pareena laxmi apartments,sector 99a,0.32,6106.0,2,2,2,2.0,New Property,I68596870,473.0,0,0,0,0,0,0,50
flat,dlf park place,sector 54,4.86,25920.0,3,4,3+,7.0,Relatively New,F69409432,1875.0,0,0,0,1,0,2,49
flat,antriksh heights,sector 84,0.94,7000.0,3,2,3+,10.0,New Property,S69210858,1222.0,1,0,0,0,0,2,89
house,independent,sector 28,8.4,34568.0,4,4,3+,2.0,Relatively New,D70213920,2430.0,0,1,1,1,0,2,139
flat,dlf regal gardens,sector 90,1.25,7339.0,3,3,3,28.0,Moderately Old,O68651740,1541.0,0,0,0,1,0,0,38
flat,emaar mgf palm hills,sector 77,1.09,5382.0,3,4,3+,5.0,Relatively New,L69723046,1833.0,0,0,0,1,1,2,167
house,prem kunj,sohna road road,0.5,7407.0,2,4,3,3.0,Relatively New,N51256590,725.0,0,1,0,0,0,0,22
flat,m3m golfestate,sector 65,6.15,18331.0,3,4,2,20.0,Relatively New,L68803564,3355.0,0,0,0,0,0,0,34
flat,godrej frontier,sector 80,1.4,6189.0,3,4,2,10.0,Moderately Old,N69444722,1854.0,0,1,1,0,0,0,111
house,independent,sector 4,0.47,8012.0,2,1,1,1.0,Moderately Old,J68363212,624.0,0,0,1,0,0,0,0
flat,m3m skywalk,sector 74,2.25,12500.0,3,3,3,5.0,Relatively New,S69816868,1900.0,1,0,0,0,0,0,174
flat,m3m heights,sector 65,2.01,13500.0,2,2,3,8.0,New Property,T69385436,1482.0,1,0,0,0,0,0,44
house,4s aradhya homes,sector 67a,1.83,6778.0,4,4,2,4.0,New Property,U68242934,2700.0,0,1,0,0,0,2,145
flat,shapoorji pallonji joyville gurugram,sector 102,1.35,9933.0,2,2,2,9.0,Relatively New,M69125514,1230.0,0,0,0,0,0,0,100
flat,m3m golfestate,sector 65,6.15,18287.0,3,3,3,23.0,Moderately Old,H69765162,3027.0,1,0,0,1,0,2,60
house,unitech uniworld resorts,sector 33,11.0,26667.0,5,6,3,3.0,New Property,C35305315,4125.0,1,0,0,1,0,0,58
house,bptp visionnaire,sector 70a,5.25,20115.0,5,4,3+,3.0,New Property,K70037724,2610.0,0,0,0,1,0,2,49
flat,mapsko paradise,sector 83,0.95,6300.0,3,3,3,1.0,Moderately Old,J65714748,1489.0,0,0,0,0,0,0,0
flat,emaar palm gardens,sector 83,1.76,9263.0,3,3,3,5.0,Relatively New,M69824034,1600.0,0,0,0,1,0,2,174
flat,ats tourmaline,sector 109,2.95,9365.0,4,5,3+,10.0,Relatively New,T69512580,2851.0,0,0,0,1,0,0,101
flat,tulip violet,sector 69,1.51,9569.0,3,3,2,0.0,Relatively New,V68470842,1325.0,0,1,0,0,0,1,165
flat,vatika city homes,sector 83,0.8,6060.0,2,2,2,8.0,Moderately Old,Q67948682,1195.0,0,0,1,0,0,0,22
flat,smart world gems,sector 89,0.85,7706.0,2,2,2,2.0,Under Construction,M68877560,1226.0,1,0,0,0,0,0,45
flat,emaar mgf emerald floors premier,sector 65,2.36,14303.0,3,3,3,0.0,Relatively New,E66198642,1493.0,1,0,0,1,0,2,159
flat,m3m skywalk,sector 74,1.5,12500.0,2,2,3,17.0,Relatively New,B69816832,1300.0,0,0,1,0,0,0,174
flat,supertech hues,sector 68,0.82,6950.0,2,2,3+,21.0,Under Construction,G39938621,1068.0,0,0,0,0,1,0,72
flat,m3m golfestate,sector 65,5.9,17543.0,3,3,3,9.0,Moderately Old,Y70109168,3043.0,1,0,0,0,0,1,21
flat,godrej summit,sector 104,1.2,8298.0,3,2,3+,16.0,Relatively New,S51643710,1607.0,1,1,0,0,0,2,142
flat,shree vardhman victoria,sector 70,1.6,8205.0,3,5,3,6.0,Relatively New,O69321432,1527.0,0,0,0,1,0,0,108
flat,la vida by tata housing,sector 113,3.72,13984.0,5,4,3+,0.0,New Property,N70165386,2956.0,0,1,0,0,0,1,44
house,independent,sector 45,17.0,37778.0,5,8,3+,3.0,Relatively New,T68644254,4500.0,1,1,1,1,0,1,152
house,international city by sobha phase 2,sector 109,6.44,26502.0,4,5,3+,3.0,New Property,H70194344,2430.0,1,1,1,1,0,0,138
house,independent,sector 43,3.35,26973.0,1,1,0,1.0,Old Property,T64714338,1242.0,0,0,0,0,0,0,9
house,independent,sector 3 phase 3 extension,0.7,7007.0,2,3,1,1.0,Relatively New,T53352198,999.0,0,1,1,0,0,0,29
flat,tarc maceo,sector 91,1.9,6975.0,4,4,3,9.0,Relatively New,B70084692,2465.0,0,0,0,1,0,0,120
flat,ss residency,sector 12,0.53,4818.0,3,3,2,2.0,Relatively New,F55342964,995.0,0,0,0,0,0,2,14
house,independent,sector 10a,3.6,19608.0,3,4,3,3.0,Moderately Old,J69608530,1836.0,0,1,0,0,0,2,28
flat,ats triumph,sector 104,1.75,7641.0,3,4,3+,12.0,Relatively New,R69157572,2036.0,1,1,0,1,1,2,21
flat,ireo victory valley,sector 67,3.05,12650.0,3,3,3+,21.0,Relatively New,F68711924,2029.0,0,0,0,1,0,2,157
house,emaar emerald hills,sector 65,12.5,34722.0,4,4,3+,2.0,Relatively New,P69832028,3600.0,1,0,0,1,0,0,56
flat,dlf new town heights,sector 90,1.99,7297.0,4,4,3+,9.0,Relatively New,P68756334,3030.0,0,1,0,1,0,2,102
house,emaar mgf marbella,sector 66,8.8,41608.0,4,4,3+,3.0,Relatively New,T68077742,2115.0,0,1,1,1,0,0,107
flat,emaar gurgaon greens,sector 102,1.55,9393.0,3,4,3,7.0,Relatively New,L69371102,1315.0,0,0,0,1,0,2,152
house,independent,sector 55,5.0,44444.0,2,9,3+,5.0,New Property,L69907826,1125.0,0,0,0,0,1,2,44
flat,suncity platinum towers,sector 28,6.2,23091.0,3,4,3+,21.0,Relatively New,H69546452,2000.0,0,0,0,1,0,2,160
flat,vatika city,sector 49,2.65,11770.0,3,4,3,11.0,Moderately Old,H69430168,2251.0,0,1,0,1,0,2,140
flat,smart world orchard,sector 61,1.47,12250.0,2,2,2,2.0,Under Construction,S68849476,1333.0,1,0,0,0,0,0,76
flat,prime habitat,sector 99a,0.27,5432.0,2,2,1,4.0,New Property,H55001796,552.0,0,0,0,0,0,0,7
flat,godrej frontier,sector 80,1.1,5705.0,3,3,3,8.0,Moderately Old,Q69444740,1580.0,0,0,0,1,0,0,111
flat,unitech the residences,sector 33,1.55,9872.0,3,4,1,1.0,Relatively New,V65879520,1421.0,0,0,0,1,0,0,37
flat,ats triumph,sector 104,2.5,7936.0,4,4,3+,14.0,New Property,D68280420,2851.0,0,0,0,1,0,0,21
house,madan puri,sector 7,0.75,12500.0,3,5,3,3.0,Moderately Old,M63461930,600.0,0,0,0,0,0,0,0
flat,unitech harmony,sector 50,2.6,9590.0,3,4,2,15.0,Relatively New,Y69284872,2700.0,0,0,0,1,1,2,174
house,unitech espace,sector 50,11.29,34846.0,5,5,3+,2.0,Moderately Old,N69179202,3240.0,1,1,0,0,0,0,21
flat,ss,sector 85,2.09,7432.0,4,4,3,8.0,Relatively New,L70088218,2600.0,1,1,0,1,0,0,49
flat,chintels paradiso,sector 109,2.0,7604.0,4,4,2,11.0,Relatively New,C56670412,2380.0,0,1,0,1,0,0,64
flat,mapsko mount ville,sector 79,1.5,8264.0,3,4,3+,11.0,Relatively New,Z70021140,1416.0,0,0,0,1,0,2,144
house,dlf gardencity enclave,sector 93,1.3,11284.0,3,2,1,3.0,Relatively New,T69893008,1152.0,0,0,0,0,0,0,50
flat,signature global the millennia,sector 37d,0.55,9166.0,2,2,3,3.0,New Property,Y56040354,610.0,0,0,0,0,0,0,71
flat,mittal surya vihar,sector 21,0.8,7079.0,2,2,2,6.0,Old Property,T64784442,1256.0,0,0,0,0,0,0,0
flat,signature global solera,sector 107,0.4,6644.0,2,2,1,7.0,Relatively New,V69442008,577.0,0,0,0,0,0,2,55
flat,the close north,sector 50,2.51,11992.0,3,3,3,11.0,Moderately Old,R69466544,2093.0,0,1,1,0,0,2,109
house,independent,sector 11,2.5,17857.0,5,4,3,1.0,Old Property,R66718122,1850.0,0,0,1,0,0,0,0
flat,m3m the tree of life,sector 111,2.35,14551.0,3,3,3+,5.0,Under Construction,C67290172,1615.0,0,0,0,0,0,0,0
flat,m3m woodshire,sector 107,0.9,6590.0,2,2,3+,10.0,Relatively New,Q49874872,1236.0,0,0,0,0,1,2,49
flat,emaar mgf emerald floors premier,sector 65,2.55,15454.0,3,3,3,3.0,Relatively New,K68787220,1650.0,1,0,0,1,0,0,21
house,independent,sector 4,0.85,7522.0,3,3,0,1.0,Moderately Old,D69166642,1130.0,0,0,0,0,0,0,0
flat,bestech park view city,sector 48,2.7,11713.0,3,3,3+,7.0,Relatively New,L69749636,2000.0,1,0,0,1,0,2,174
house,independent,sector 17b,7.2,15926.0,4,4,2,1.0,Old Property,G57921422,4520.838,0,0,1,1,0,0,0
house,unitech uniworld resorts,sector 33,8.0,17778.0,6,5,3+,4.0,Relatively New,W68021440,4500.0,0,0,0,0,0,0,0
house,independent,sector 14,4.5,20000.0,5,5,1,1.0,Relatively New,U69442134,2778.0,0,0,0,0,0,0,0
flat,emaar palm heights,sector 77,1.75,11666.0,3,3,3+,11.0,Relatively New,B69603786,1900.0,0,0,0,1,0,0,94
flat,bestech park view sanskruti,sector 92,1.83,7870.0,4,3,3,8.0,New Property,T69976534,2104.0,0,0,0,1,0,0,128
flat,the close north,sector 50,2.35,11227.0,3,3,3,8.0,Moderately Old,Y69984822,2000.0,0,0,1,0,0,2,149
flat,signature global the millennia 3,sector 37d,0.5,7142.0,3,3,2,2.0,Under Construction,V70119660,778.0,0,0,0,0,0,0,31
flat,tulip violet,sector 69,1.6,10139.0,3,3,2,0.0,Relatively New,J69393258,1428.0,0,1,0,0,0,0,49
flat,dlf new town heights,sector 90,1.88,6894.0,4,4,3+,20.0,Relatively New,Y69266094,2726.0,0,1,0,1,0,0,145
flat,vipul lavanya,sector 81,0.6,6666.0,2,2,1,0.0,Under Construction,L69566220,814.0,0,0,0,0,0,0,0
flat,pareena mi casa,sector 68,1.1,8835.0,2,2,3,11.0,New Property,O62756540,1127.0,0,0,0,0,0,0,95
flat,smart world orchard,sector 61,1.55,13478.0,2,2,1,3.0,Under Construction,J69259248,1041.0,1,0,0,0,0,0,43
flat,gls arawali homes,sohna road,0.28,4307.0,2,2,2,12.0,New Property,P70098892,588.0,0,0,0,0,0,0,0
flat,ss the leaf,sector 85,1.75,7267.0,3,4,3,8.0,Relatively New,B69418558,2179.0,0,0,0,1,0,0,49
flat,emaar mgf emerald estate,sector 65,1.7,21013.0,3,3,3,7.0,Relatively New,X65037590,1081.0,1,0,0,0,0,2,116
flat,dlf the skycourt,sector 86,1.55,8031.0,3,3,1,12.0,Relatively New,S69597888,1900.0,0,1,0,0,0,2,153
flat,vatika lifestyle homes,sector 83,1.05,5982.0,3,3,2,14.0,Relatively New,G69846948,1588.0,1,1,1,1,0,2,174
flat,dlf the ultima,sector 81,2.25,10553.0,3,3,3+,6.0,New Property,A69084776,1929.0,0,0,0,1,0,1,168
house,independent,sector 45,4.49,24455.0,3,9,3+,3.0,Moderately Old,L63995514,1836.0,0,0,0,0,1,2,90
flat,sunischit apartments,sector 54,1.75,7954.0,3,4,3+,5.0,Moderately Old,O69835796,1900.0,0,0,0,1,0,2,83
flat,indiabulls centrum park,sector 103,1.33,8580.0,3,3,3+,8.0,Relatively New,E69048512,1671.0,1,0,0,0,0,0,150
house,eros rosewood villas,sector 49,2.75,19841.0,3,3,1,2.0,Old Property,T69768202,1386.0,0,0,0,0,1,2,80
house,independent,sector 9,0.22,7407.0,2,2,2,1.0,Old Property,U69720456,37.0,0,0,0,0,0,0,0
flat,godrej air,sector 85,1.75,9589.0,3,3,2,27.0,Relatively New,X69040728,1825.0,0,0,0,0,0,0,44
house,independent,sector 6,1.25,11574.0,2,5,1,2.0,New Property,S68260580,120.0,0,1,0,0,0,0,0
flat,vatika the seven lamps,sector 82,1.0,6969.0,2,2,2,14.0,Relatively New,T50595014,1299.0,1,0,0,0,1,0,69
flat,central park resorts,sector 48,3.65,15240.0,3,3,3+,9.0,Relatively New,B34721721,2395.0,0,0,0,0,1,2,157
flat,tulip violet,sector 69,1.55,9822.0,3,3,2,5.0,Relatively New,H69300358,1428.0,0,1,0,0,0,0,99
flat,ss the leaf,sector 85,1.3,10483.0,2,2,3+,10.0,Relatively New,S69963366,1491.0,0,0,1,0,0,0,148
flat,the close north,sector 50,2.92,11209.0,3,3,3,10.0,Moderately Old,A70103770,2600.0,0,0,0,1,0,2,174
flat,experion windchants,sector 112,3.1,20666.0,2,2,3,9.0,Relatively New,F70095128,1500.0,1,0,1,1,0,2,80
flat,ss the leaf,sector 85,2.15,8928.0,3,5,3,2.0,New Property,I68407694,2179.0,0,0,0,0,0,0,53
flat,bptp terra,sector 37d,1.67,7622.0,4,4,3,11.0,Relatively New,G70095248,2091.0,0,0,0,0,0,2,149
flat,ss the leaf,sector 85,1.84,7641.0,3,4,3,8.0,Relatively New,E69389662,2026.0,0,1,0,0,0,0,158
flat,m3m woodshire,sector 107,0.98,6421.0,2,2,3,7.0,Relatively New,H69545194,1281.0,1,0,0,0,0,2,174
house,independent,sector 9,0.5,6083.0,3,2,1,1.0,Old Property,V69857066,822.0,0,0,0,0,0,0,0
flat,ansal housing highland park,sector 103,1.1,6242.0,3,3,3+,7.0,New Property,L69361320,1500.0,0,0,0,0,0,0,87
flat,dlf regal gardens,sector 90,1.65,7449.0,4,4,3+,15.0,Relatively New,Y69685488,2214.0,0,0,0,0,0,0,158
flat,la vida by tata housing,sector 113,1.32,10344.0,2,2,2,3.0,Relatively New,I69730598,1199.0,0,0,0,0,0,0,49
flat,bestech park view ananda,sector 81,1.35,7541.0,3,3,3+,8.0,Old Property,R70035130,1989.0,0,0,0,0,0,0,114
flat,rof ananda,sector 95,0.55,5500.0,3,2,2,14.0,New Property,O69600598,866.0,1,0,0,0,0,1,30
flat,emaar gurgaon greens,sector 102,1.45,8787.0,3,3,2,7.0,Relatively New,T69411388,1493.0,0,0,0,1,0,0,169
flat,vatika city,sector 49,1.85,10578.0,3,3,1,7.0,Moderately Old,N66583826,1471.12,0,1,1,0,0,0,158
flat,hcbs sports ville,sohna road,0.2,2666.0,2,2,1,4.0,New Property,M70188742,743.0,0,0,0,0,0,0,15
house,ansal sushant lok plots,sector 43,5.8,29974.0,6,6,3,2.0,Relatively New,J69624624,1935.0,0,0,0,1,1,2,49
flat,ats kocoon,sector 109,1.7,9742.0,3,3,3,22.0,Relatively New,Z50041228,1550.0,0,0,0,0,0,0,74
house,independent,sector 2,19.5,27083.0,8,9,3+,2.0,New Property,W68241700,7200.0,1,1,0,1,0,0,122
flat,shapoorji pallonji joyville gurugram,sector 102,1.99,20664.0,2,2,2,14.0,New Property,V69824946,1145.0,0,0,0,0,0,0,152
house,anshul,sector 6,0.85,7727.0,2,2,0,4.0,Moderately Old,F67900556,1222.0,0,0,0,0,0,0,0
flat,sobha city,sector 108,3.95,16859.0,4,5,3,25.0,Relatively New,R68822708,2343.0,0,0,0,0,0,0,59
flat,rof ananda,sector 95,0.2,5599.0,1,1,1,2.0,Relatively New,L69979122,407.0,0,1,0,0,0,0,53
flat,ambience creacions,sector 22,2.0,14492.0,2,2,2,9.0,Relatively New,P68625470,1533.0,0,0,0,0,0,0,49
house,bptp visionnaire,sector 70a,4.6,17624.0,4,4,3+,3.0,Moderately Old,O67946556,2610.0,1,1,1,1,0,0,96
flat,tulip violet,sector 69,3.25,10105.0,4,5,3+,14.0,Relatively New,L69323084,2910.0,0,1,0,0,1,0,20
flat,bestech park view ananda,sector 81,0.95,6985.0,2,2,2,13.0,Relatively New,Y69327112,1150.0,0,0,0,0,0,2,167
flat,parsvnath exotica,sector 53,5.0,17271.0,3,4,3+,8.0,Relatively New,V70094774,2500.0,0,1,0,1,1,2,49
flat,dlf the primus,sector 82a,1.8,13846.0,3,3,3+,10.0,Relatively New,I69085210,1545.0,0,0,0,1,0,1,174
house,bptp pedestal,sector 70a,0.9,7582.0,2,2,3+,3.0,New Property,P70110586,1319.0,0,0,0,1,1,0,153
flat,vatika gurgaon,sector 83,1.18,6801.0,3,3,2,14.0,Relatively New,M69428292,1618.0,0,0,0,0,0,0,26
flat,ansal api esencia,sector 67,1.2,7407.0,3,3,2,1.0,Relatively New,L68976432,200.0,0,0,0,0,0,0,49
house,independent,sector 43,5.75,29716.0,4,4,2,2.0,Old Property,Z67860202,1935.0,0,1,1,1,0,0,34
house,sushant lok 1 builder floors,sector 43,6.25,30728.0,7,7,3+,3.0,Moderately Old,P69506296,2034.0,1,0,1,1,0,0,46
flat,m3m skycity,sector 65,2.0,15267.0,2,2,2,16.0,New Property,N67311426,1186.0,0,0,0,0,0,2,174
flat,ambience creacions,sector 22,1.99,14420.0,2,2,2,9.0,New Property,M69440724,1285.0,1,1,0,1,0,0,20
house,independent,sector 43,5.5,28424.0,1,1,0,1.0,Old Property,D69146272,1935.0,0,0,0,0,1,0,12
flat,godrej frontier,sector 80,1.4,6189.0,3,4,2,6.0,Moderately Old,J69270018,1922.0,0,1,0,1,0,0,111
flat,kw royal court,sector 39,2.0,6250.0,5,4,3,9.0,Old Property,U69795940,3556.0,0,0,0,1,0,1,49
flat,vatika the seven lamps,sector 82,0.94,6533.0,2,2,3+,9.0,Relatively New,Z69523524,1299.0,1,0,0,0,0,2,117
house,independent,sector 26,18.9,41833.0,6,8,2,3.0,Relatively New,A69373938,4518.0,1,1,1,1,0,2,120
flat,tulip violet,sector 69,1.66,10134.0,3,3,2,0.0,Relatively New,R69722710,1482.0,0,0,0,0,0,0,157
flat,ss the leaf,sector 85,1.91,5026.0,4,6,3,6.0,Relatively New,A65907466,3890.0,0,0,0,1,0,0,174
flat,vatika lifestyle homes,sector 83,1.15,8214.0,3,3,1,7.0,Moderately Old,J65960942,1607.0,0,0,0,0,0,2,95
house,independent,sector 105,0.65,9028.0,3,2,1,1.0,Relatively New,Q69876148,720.0,0,1,0,0,1,0,14
flat,bestech park view city,sector 48,4.25,9334.0,4,5,3+,14.0,Moderately Old,R65933608,4120.0,1,0,0,0,0,2,81
flat,emaar mgf emerald floors premier,sector 110,2.36,14303.0,3,3,3,2.0,Relatively New,I69303958,1524.0,1,0,0,1,0,2,136
flat,bestech park view ananda,sector 81,0.95,10626.0,2,2,2,2.0,Relatively New,G57832326,1112.0,0,0,0,0,0,2,104
flat,indiabulls centrum park,sector 103,1.34,7882.0,3,3,3+,12.0,Relatively New,C70002316,1725.0,1,1,1,1,0,2,38
flat,microtek greenburg,sector 86,1.23,8310.0,2,2,3,13.0,Relatively New,V69168616,1339.0,1,0,0,0,0,0,6
flat,m3m skycity,sector 65,2.85,15590.0,3,3,3,43.0,Under Construction,K68618946,1828.0,0,0,0,0,0,0,115
flat,pareena mi casa,sector 68,1.15,9236.0,2,2,3,8.0,New Property,V69933972,1127.0,0,0,0,0,0,0,49
flat,birla navya,sector 63a,3.5,25926.0,3,3,3,1.0,Under Construction,W63605720,1350.0,0,0,0,0,0,0,38
house,independent,sector 23,5.0,16244.0,4,4,2,2.0,Old Property,P69758754,3078.0,0,0,0,0,0,0,7
flat,silverglades the melia,sohna road,1.01,7000.0,2,2,3,12.0,Under Construction,S68717370,1184.0,1,0,0,0,0,0,80
flat,mittal surya vihar,sector 21,1.4,5833.0,5,4,2,2.0,Moderately Old,T69301952,2172.0,0,0,0,0,0,0,0
house,independent,sector 50,11.58,35741.0,5,5,3,2.0,Moderately Old,E69549126,3240.0,0,0,0,1,0,0,20
flat,m3m golfestate,sector 65,7.0,18181.0,3,3,2,12.0,Moderately Old,A68297026,4278.0,0,0,1,0,0,0,60
flat,la vida by tata housing,sector 113,1.9,18500.0,3,2,2,10.0,Relatively New,Y69198780,1285.0,0,1,0,0,0,2,174
flat,gls avenue 51,sector 92,0.39,6077.0,3,3,3+,6.0,Relatively New,Z68627274,713.0,0,0,0,0,0,0,104
flat,paras dews,sector 106,1.1,9734.0,3,4,3+,8.0,Relatively New,U68323394,1186.0,0,0,0,1,0,2,174
house,satya the legend,sector 57,9.25,16577.0,5,5,3+,4.0,Relatively New,R69642358,5580.0,1,1,1,1,0,2,160
flat,experion windchants,sector 112,3.29,11741.0,3,3,3+,2.0,Relatively New,R60457544,2225.56,0,0,0,1,0,2,152
flat,m3m capital,sector 113,3.25,14142.0,4,4,3+,34.0,Under Construction,F68896920,2553.0,1,1,0,1,0,0,115
house,bptp visionnaire,sector 70a,4.7,18008.0,4,4,3+,3.0,New Property,W70119200,2610.0,0,0,0,0,1,0,35
flat,adani brahma samsara vilasa,sector 63,4.49,14254.0,4,4,3+,3.0,New Property,F69846748,3150.0,0,0,0,0,0,2,96
house,independent,sector 3,0.55,6707.0,2,2,1,2.0,Moderately Old,S47744257,810.0,0,0,0,0,0,0,0
house,independent,sector 11,4.0,19753.0,5,4,1,2.0,Moderately Old,U68068324,2025.0,0,0,0,0,0,0,0
house,project mianwali colony,sector 12,2.0,14815.0,5,5,2,3.0,Old Property,P65742804,1350.0,0,0,0,0,0,0,0
flat,bestech park view sanskruti,sector 92,1.42,7760.0,3,3,2,10.0,Relatively New,N68749064,1738.0,0,0,0,0,0,0,117
flat,ats kocoon,sector 109,2.95,10350.0,4,4,3+,7.0,Relatively New,Z69572988,3150.0,0,0,1,1,0,2,158
flat,bptp terra,sector 37d,1.17,8297.0,2,2,2,0.0,Relatively New,W69273846,1276.0,0,0,0,0,0,0,107
flat,chd avenue,sector 71,1.2,7407.0,3,3,3,4.0,Relatively New,N69115998,1466.0,0,0,0,0,1,2,49
house,independent,sohna road road,1.2,22297.0,1,4,3+,4.0,Old Property,R67661678,538.1949999999999,0,0,0,0,0,0,8
flat,experion the heartsong,sector 108,1.65,8237.0,3,4,3,3.0,Moderately Old,M68292792,1771.32,1,0,0,0,0,2,75
flat,ss the leaf,sector 85,2.05,7290.0,4,4,3+,4.0,Relatively New,T69980168,2500.0,0,0,0,1,0,2,49
flat,vatika lifestyle homes,sector 83,1.04,5699.0,3,2,2,2.0,Moderately Old,P64577144,1500.0,0,0,0,0,0,0,95
flat,eldeco accolade,sohna road,1.3,7424.0,3,3,3+,10.0,Relatively New,Y68497256,1509.0,0,0,0,0,0,0,49
flat,unitech fresco,sector 50,1.82,9912.0,3,3,3+,14.0,Moderately Old,R70104422,1830.0,0,0,0,0,1,2,174
flat,pyramid pride,sector 76,0.5,6578.0,2,2,1,8.0,Under Construction,M69302150,844.0,0,0,0,0,0,0,76
flat,suncity vatsal valley,gwal pahari,1.28,9552.0,3,3,3,1.0,Relatively New,W69855192,1489.0,0,0,0,0,0,2,49
flat,m3m woodshire,sector 107,1.35,5717.0,3,4,3+,8.0,Relatively New,L57828948,1950.0,0,0,0,1,0,2,74
house,independent,sector 105,1.15,3285.0,3,2,1,1.0,Moderately Old,F68803576,3889.0,0,0,0,0,0,0,0
flat,dlf the icon,sector 43,5.25,20388.0,4,4,3,9.0,Old Property,J52249128,2570.0,0,1,0,1,1,0,135
flat,ramprastha skyz,sector 37d,1.1,6376.0,3,3,3+,7.0,Under Construction,V68710666,1561.0,0,0,0,0,0,0,109
flat,zara aavaas,sector 104,0.65,8519.0,3,2,2,7.0,New Property,X69156292,848.0,0,0,0,0,0,0,65
flat,tulip violet,sector 69,3.1,9822.0,4,6,3+,14.0,Relatively New,G69429952,2817.0,0,1,0,1,0,0,174
flat,hero homes,sector 104,1.75,10361.0,3,3,3,2.0,Under Construction,Q68490110,1529.0,0,0,0,0,0,0,30
flat,raheja revanta,sector 78,1.2,10018.0,1,2,2,32.0,Under Construction,P59185856,823.0,0,0,0,0,0,0,39
flat,tata gurgaon gateway,sector 113,3.21,11825.0,3,3,3,9.0,New Property,X69133318,2281.0,0,0,0,0,0,0,49
flat,emaar digihomes,sector 62,2.1,13925.0,2,2,3,12.0,New Property,V70088016,1500.0,0,0,0,0,1,2,49
flat,ireo victory valley,sector 67,2.87,11903.0,3,3,3+,16.0,Relatively New,Q69547376,2095.0,0,0,0,1,0,2,174
house,independent,sector 57,4.75,28788.0,3,3,3,2.0,Moderately Old,G70375184,1650.0,0,0,1,0,0,2,96
flat,signature global grand iva,sector 103,0.5,6250.0,2,2,2,10.0,Relatively New,X69787428,698.0,0,0,0,0,0,0,8
house,independent,sector 23,2.9,11600.0,4,4,3,2.0,Relatively New,J69794574,2500.0,0,0,0,1,0,2,43
flat,smart world gems,sector 89,0.9,8159.0,2,2,2,3.0,New Property,D69952094,998.0,1,0,0,0,1,0,95
house,u block dlf phase 3 road no 21,sector 24,1.6,3292.0,7,5,3+,4.0,Old Property,I59218166,540.0,0,0,0,0,0,0,0
flat,gls arawali homes,sohna road,0.3,6243.0,2,2,2,4.0,Relatively New,B69486114,524.0,0,0,0,0,0,1,120
flat,m3m merlin,sector 67,3.5,14843.0,3,4,3+,15.0,Relatively New,U69847684,2134.0,0,0,0,1,0,2,158
flat,siddhi vinayak apartments,sector 55,1.44,9600.0,3,3,2,6.0,Moderately Old,W67445304,1700.0,0,0,0,0,1,2,47
flat,indiabulls enigma,sector 110,4.49,11572.0,5,5,3+,4.0,Relatively New,A69959136,3511.0,0,0,0,1,0,0,165
flat,godrej nature plus serenity,sector 33,1.45,8677.0,3,2,3,3.0,Under Construction,S69637792,1512.0,0,0,0,0,0,0,49
house,independent,sector 5,3.5,14787.0,5,4,2,2.0,Old Property,Q70384908,2367.0,0,1,0,0,1,0,36
flat,pivotal devaan,sector 84,0.3,6666.0,1,1,1,14.0,New Property,F68728864,500.0,0,0,0,0,0,2,22
flat,experion the heartsong,sector 108,0.9,7014.0,2,3,3,2.0,Relatively New,A66498092,978.23,0,0,0,1,0,0,94
flat,corona optus,sector 37c,1.43,7185.0,3,3,3+,2.0,Relatively New,N70044190,1845.0,1,0,0,1,1,0,49
flat,vatika the seven lamps,sector 82,0.86,6022.0,2,2,2,12.0,Relatively New,K69141940,1294.0,1,0,0,0,0,2,135
flat,m3m heights,sector 65,2.86,14000.0,3,3,3,45.0,Under Construction,O70175164,2267.0,0,0,0,1,0,0,48
flat,bestech park view city,sector 48,1.8,10250.0,3,4,3,3.0,Moderately Old,I64914368,1951.0,1,0,0,0,0,2,76
house,independent,sector 3,0.8,8155.0,2,4,1,2.0,Moderately Old,J55756986,981.0,0,0,0,0,0,0,0
flat,dlf park place,sector 54,4.85,30180.0,3,4,3+,6.0,Moderately Old,Y69723018,1607.0,0,0,0,1,0,1,158
flat,supertech araville,sector 79,0.8,5266.0,2,2,2,12.0,New Property,G68851842,1688.0,1,0,0,0,0,0,49
flat,tulip violet,sector 69,1.38,8966.0,3,3,1,12.0,Relatively New,B69355010,1392.0,0,1,0,0,0,0,86
flat,paras irene,sector 70a,1.3,9219.0,2,2,3,19.0,Moderately Old,D70027102,1426.0,0,0,0,0,0,2,49
flat,dlf the primus,sector 82a,1.85,10176.0,3,3,3,15.0,Moderately Old,R69271406,1677.0,0,0,0,0,1,0,38
flat,chintamani,sector 103,1.57,8509.0,3,3,3,1.0,Relatively New,K69908978,1845.0,0,0,0,0,0,0,0
flat,smart world orchard,sector 61,2.0,12911.0,3,3,2,3.0,New Property,Q69870078,1721.0,0,0,0,0,1,0,61
