,property_type,society,sector,price,price_per_sqft,bedRoom,bathroom,balcony,floorNum,agePossession,property_id,builtup_area,study room,pooja room,store room,servant room,others,furnishing_type,facility_score,coordinates,latitude,longitude
0,house,independent,sector 25,4.35,32222.0,5,4,3,3.0,Old Property,R70162684,1350.0,0,0,0,1,0,0,49,"28.4844° N, 77.0860° E",28.4844,77.086
1,flat,the close south,sector 50,3.1,12444.0,3,4,3+,4.0,Moderately Old,H69433380,2450.0,0,0,0,1,0,2,165,"28.4178° N, 77.0628° E",28.4178,77.0628
2,flat,signature global city 63a,sector 63a,1.65,15263.0,2,2,2,1.0,Under Construction,G69165782,978.0,0,0,0,0,0,0,0,"28.3923° N, 77.0888° E",28.3923,77.0888
3,flat,saan verdante,sector 95,2.0,10178.0,3,4,3+,5.0,New Property,U70096330,1964.0,0,0,0,1,0,0,49,"28.4172° N, 76.9081° E",28.4172,76.9081
4,flat,puri diplomatic greens,sector 111,3.9,13000.0,4,5,3+,6.0,Relatively New,S69742910,2996.0,0,0,0,1,0,1,160,"28.5238° N, 77.0320° E",28.5238,77.032
5,flat,signature global city 63a,sector 63a,1.4,11336.0,2,2,2,3.0,Under Construction,I69037888,1372.0,0,0,0,0,1,0,0,"28.3923° N, 77.0888° E",28.3923,77.0888
6,flat,ansal heights 86,sector 86,1.05,5541.0,3,3,3,9.0,Under Construction,D26586124,1715.0,0,0,0,1,0,0,0,"28.3986° N, 76.9384° E",28.3986,76.9384
7,flat,kamroon court,sector 43,2.75,13750.0,3,4,3+,5.0,Moderately Old,K69957846,2222.0,0,0,0,1,1,2,49,"28.4629° N, 77.0772° E",28.4629,77.0772
8,house,uppal southend,sector 49,3.75,25562.0,2,6,3+,3.0,Moderately Old,H64867042,1467.0,1,0,0,0,0,2,26,"28.4121° N, 77.0480° E",28.4121,77.048
9,flat,dlf regency park,sector 28,2.35,13224.0,3,3,2,18.0,Old Property,T69621608,1608.0,0,0,0,1,0,0,120,"28.4728° N, 77.0865° E",28.4728,77.0865
10,flat,vatika sovereign park,sector 99,3.2,9922.0,4,4,0,5.0,Under Construction,O69031232,3225.0,0,0,0,0,0,0,23,"28.4640° N, 76.9614° E",28.464,76.9614
11,flat,signature global solera,sector 107,0.5,7751.0,3,2,2,6.0,Relatively New,B69309024,717.0,0,0,0,0,1,0,15,"28.5052° N, 76.9729° E",28.5052,76.9729
12,flat,czar mahira homes 63a,sector 63a,0.42,7407.0,3,2,2,1.0,Under Construction,J68575026,630.0,0,0,0,0,0,0,0,"28.3923° N, 77.0888° E",28.3923,77.0888
13,flat,m3m heights,sector 65,3.29,17997.0,3,3,3,33.0,New Property,H68309416,1828.0,0,0,0,0,0,0,49,"28.4030° N, 77.0690° E",28.403,77.069
14,flat,ats tourmaline,sector 109,1.65,7674.0,3,3,3+,16.0,Relatively New,V69309850,1946.0,0,0,0,1,0,2,49,"28.5073° N, 77.0089° E",28.5073,77.0089
15,flat,godrej habitat,sector 3,1.35,12784.0,2,2,0,4.0,Old Property,M66302926,1056.0,0,0,0,0,0,0,60,"28.4909° N, 77.0176° E",28.4909,77.0176
16,flat,maxworth city residences,sector 10a,0.9,7083.0,2,2,3,9.0,New Property,E43520595,1086.0,0,0,0,0,1,0,52,"28.4469° N, 77.0106° E",28.4469,77.0106
17,flat,ss,sector 85,1.98,8222.0,3,4,3,6.0,Relatively New,E70087054,2300.0,0,0,0,0,0,0,42,"28.4042° N, 76.9513° E",28.4042,76.9513
18,flat,sare homes,sector 92,1.25,6200.0,4,3,0,16.0,Under Construction,D21293994,2040.0,0,0,0,0,0,0,49,"28.4079° N, 76.9153° E",28.4079,76.9153
19,flat,emaar mgf emerald floors,sector 65,3.2,10159.0,4,3,2,1.0,Relatively New,C69772638,3150.0,0,0,0,1,0,0,0,"28.4030° N, 77.0690° E",28.403,77.069
20,flat,"ganpati apartment  2, laxman vihar phase 1",sector 4,0.45,4705.0,2,2,1,0.0,Relatively New,M68320118,944.0,0,0,0,0,0,0,46,"28.4738° N, 77.0107° E",28.4738,77.0107
21,flat,dlf regal gardens,sector 90,1.78,8040.0,4,4,3+,12.0,Relatively New,P62070450,2005.0,0,0,0,0,0,0,61,"28.4085° N, 76.9369° E",28.4085,76.9369
22,flat,dlf icon,sector 43,5.8,20707.0,4,4,3+,18.0,Old Property,D69982940,2801.0,0,0,0,0,0,0,0,"28.4629° N, 77.0772° E",28.4629,77.0772
23,house,vipul tatvam villa,sector 48,8.4,21000.0,4,5,3+,2.0,Moderately Old,K69830898,4000.0,1,1,0,1,0,2,49,"28.4177° N, 77.0359° E",28.4177,77.0359
24,flat,ats marigold,sector 89,1.85,8604.0,3,3,3+,12.0,New Property,W69990716,1946.0,0,0,0,1,0,0,37,"28.4253° N, 76.9439° E",28.4253,76.9439
25,flat,sare crescent parc,sector 92,0.8,4210.0,4,3,2,10.0,Relatively New,G46888525,1719.0,0,0,0,0,1,0,37,"28.4079° N, 76.9153° E",28.4079,76.9153
26,flat,shree vardhman victoria,sector 70,1.15,8518.0,2,2,3,8.0,Relatively New,N69685680,1222.0,1,0,0,0,1,0,49,"28.3968° N, 77.0233° E",28.3968,77.0233
27,flat,experion the heartsong,sector 108,1.6,7988.0,3,4,3+,3.0,Relatively New,F62011836,1500.29,0,0,0,1,0,2,60,"28.5134° N, 76.9830° E",28.5134,76.983
28,flat,the crew bos chs manesar,manesar,0.85,3695.0,3,3,2,2.0,Moderately Old,T68196706,2556.0,0,0,0,0,0,0,44,"28.3515° N, 76.9428° E",28.3515,76.9428
29,flat,microtek greenburg,sector 86,1.3,8756.0,2,2,3,10.0,Relatively New,R70169300,1339.0,1,0,0,0,0,0,38,"28.3986° N, 76.9384° E",28.3986,76.9384
30,flat,emaar emerald hills,sector 65,1.95,13928.0,3,3,3+,1.0,New Property,V69831504,1556.0,0,0,1,0,0,2,117,"28.4030° N, 77.0690° E",28.403,77.069
31,house,anamika enclave,sector 12,6.0,14492.0,9,9,3+,3.0,Old Property,U64211740,9000.0,0,0,0,0,0,0,9,"28.4723° N, 77.0320° E",28.4723,77.032
32,house,godrej meridien,sector 106,5.6,14000.0,5,4,3+,33.0,New Property,V69168320,4000.0,1,1,1,1,0,0,151,"28.5007° N, 77.0003° E",28.5007,77.0003
33,flat,experion windchants,sector 112,5.6,11529.0,4,6,3+,15.0,Moderately Old,M69125272,3662.34,0,0,0,1,0,2,157,"28.5189° N, 77.0183° E",28.5189,77.0183
34,flat,experion windchants,sector 112,2.8,11470.0,2,3,2,9.0,Relatively New,X69596172,2441.0,1,0,0,1,0,0,137,"28.5189° N, 77.0183° E",28.5189,77.0183
35,flat,smriti apartment,sector 56,0.52,10666.0,1,1,1,1.0,Old Property,R54552000,475.0,0,0,0,0,0,0,34,"28.4245° N, 77.0991° E",28.4245,77.0991
36,house,independent,sector 28,11.75,41315.0,4,5,3+,4.0,Relatively New,F69427624,2844.0,1,0,1,1,0,2,54,"28.4728° N, 77.0865° E",28.4728,77.0865
37,house,dlf city plots phase 4,sector 28,9.54,29444.0,6,5,3+,3.0,New Property,V69808282,3240.0,1,1,1,1,0,0,153,"28.4728° N, 77.0865° E",28.4728,77.0865
38,house,independent,sector 45,10.0,30864.0,6,6,3+,4.0,Moderately Old,I63177352,3240.0,1,1,1,1,0,2,70,"28.4466° N, 77.0660° E",28.4466,77.066
39,flat,emaar imperial gardens,sector 102,1.91,9550.0,3,4,2,17.0,Relatively New,T69732882,1587.0,1,0,0,1,0,2,152,"28.4750° N, 76.9715° E",28.475,76.9715
40,flat,shapoorji pallonji joyville gurugram,sector 102,1.25,9876.0,2,2,2,0.0,Relatively New,U69125000,1100.0,0,0,0,0,0,0,79,"28.4750° N, 76.9715° E",28.475,76.9715
41,flat,ramprastha the edge towers,sector 37d,1.1,5528.0,3,3,3,9.0,Relatively New,R68957042,1990.0,0,0,0,0,0,0,63,"28.4478° N, 76.9703° E",28.4478,76.9703
42,flat,umang winter hills,sector 77,1.4,6340.0,3,3,3,10.0,Relatively New,C68021494,1735.0,0,0,0,0,0,0,28,"28.3801° N, 76.9845° E",28.3801,76.9845
43,flat,mapsko mount ville,sector 79,1.2,8052.0,3,3,3,9.0,Relatively New,L69631492,1321.0,1,0,0,0,0,2,104,"28.3624° N, 76.9787° E",28.3624,76.9787
44,flat,vatika gurgaon,sector 83,0.78,6265.0,2,2,2,3.0,Relatively New,V68896848,850.0,1,1,0,0,0,2,165,"28.3986° N, 76.9647° E",28.3986,76.9647
45,flat,godrej habitat,sector 3,1.25,8656.0,2,2,3,14.0,Under Construction,X66557286,1161.0,0,0,0,0,0,0,36,"28.4909° N, 77.0176° E",28.4909,77.0176
46,flat,emaar mgf palm hills,sector 77,1.65,8461.0,4,3,3,9.0,Relatively New,S70076870,1765.0,0,0,0,1,0,0,100,"28.3801° N, 76.9845° E",28.3801,76.9845
47,flat,emaar imperial gardens,sector 102,1.98,9900.0,3,3,3+,9.0,Relatively New,M69068068,2222.0,0,0,0,1,0,2,72,"28.4750° N, 76.9715° E",28.475,76.9715
48,house,independent,sector 26,13.5,29880.0,5,5,3+,2.0,Relatively New,T70094424,4518.0,1,1,0,1,1,1,49,"28.4757° N, 77.1032° E",28.4757,77.1032
49,flat,ss the leaf,sector 85,1.08,6585.0,2,2,3,8.0,New Property,K68761724,1200.0,1,1,1,1,0,2,157,"28.4042° N, 76.9513° E",28.4042,76.9513
50,flat,signature global synera,sector 81,0.31,7434.0,1,1,1,13.0,Relatively New,B69809430,366.0,0,0,0,0,0,1,123,"28.3867° N, 76.9485° E",28.3867,76.9485
51,flat,smart world gems,sector 89,0.95,8600.0,2,2,2,4.0,New Property,R69024308,1226.0,1,0,0,1,0,0,38,"28.4253° N, 76.9439° E",28.4253,76.9439
52,flat,pareena mi casa,sector 68,1.0,8163.0,2,2,2,16.0,New Property,V69551604,1361.0,0,0,0,1,0,0,65,"28.3853° N, 77.0484° E",28.3853,77.0484
53,flat,suncity avenue,sector 102,0.47,8928.0,2,2,1,5.0,Relatively New,J69785340,582.0,0,0,1,0,0,0,142,"28.4750° N, 76.9715° E",28.475,76.9715
54,house,independent,sector 38,8.0,25616.0,10,10,3+,1.0,Relatively New,L69856040,3123.0,0,0,0,0,0,0,0,"28.4347° N, 77.0430° E",28.4347,77.043
55,flat,dlf regency park,sector 28,1.24,12400.0,2,2,3+,19.0,Moderately Old,T69689326,1050.0,0,1,0,0,0,2,157,"28.4728° N, 77.0865° E",28.4728,77.0865
56,flat,bestech park view ananda,sector 81,0.87,7951.0,2,2,3,8.0,Relatively New,I63351906,1300.0,0,0,0,0,0,0,95,"28.3867° N, 76.9485° E",28.3867,76.9485
57,flat,bestech park view residency,sector 2,0.98,6932.0,2,2,3,11.0,Moderately Old,N68401428,1281.0,0,0,0,0,0,0,83,"28.5095° N, 77.0320° E",28.5095,77.032
58,flat,rof ananda,sector 95,0.26,6032.0,1,1,1,8.0,New Property,I65325074,406.0,0,0,0,0,0,0,49,"28.4172° N, 76.9081° E",28.4172,76.9081
59,flat,ramprastha skyz,sector 37d,1.25,7250.0,3,3,3+,2.0,Under Construction,R68021756,1725.0,0,0,0,0,0,0,8,"28.4478° N, 76.9703° E",28.4478,76.9703
60,house,dlf city plots,sector 26,17.0,37627.0,5,6,3,2.0,Old Property,L69941792,4518.0,0,1,1,1,0,2,87,"28.4757° N, 77.1032° E",28.4757,77.1032
61,flat,godrej aria,sector 79,1.1,7772.0,2,2,3+,4.0,New Property,R68188116,1223.0,0,0,0,0,0,2,49,"28.3624° N, 76.9787° E",28.3624,76.9787
62,flat,orchid petals,sector 49,4.21,11835.0,5,6,3+,14.0,Relatively New,I70022598,3219.0,0,1,0,1,0,0,35,"28.4121° N, 77.0480° E",28.4121,77.048
63,flat,spaze privy,sector 72,3.1,6692.0,4,5,3+,8.0,Moderately Old,Z69235626,3374.0,1,1,1,1,0,0,136,"28.4225° N, 77.0211° E",28.4225,77.0211
64,flat,sbtl caladium,sector 109,1.2,6382.0,3,2,2,8.0,Relatively New,R68625608,1701.0,0,0,0,0,0,0,151,"28.5073° N, 77.0089° E",28.5073,77.0089
65,flat,bptp terra,sector 37d,1.65,7530.0,4,3,3+,6.0,Relatively New,E70094810,2091.0,0,0,0,0,0,2,149,"28.4478° N, 76.9703° E",28.4478,76.9703
66,flat,pyramid urban homes 2,sector 86,0.44,7321.0,2,2,2,6.0,Relatively New,V69085664,668.0,0,0,0,0,0,2,63,"28.3986° N, 76.9384° E",28.3986,76.9384
67,flat,greenopolis,sector 89,0.8,4820.0,2,3,3,8.0,Under Construction,W31384819,1502.0,1,0,0,0,1,0,60,"28.4253° N, 76.9439° E",28.4253,76.9439
68,flat,sare crescent parc,sector 92,0.82,5384.0,3,3,3+,12.0,Relatively New,T68022426,1523.0,0,0,0,0,0,0,0,"28.4079° N, 76.9153° E",28.4079,76.9153
69,flat,spaze privy,sector 72,1.9,9620.0,3,3,3,10.0,Relatively New,T69753598,1975.0,0,0,0,0,0,0,0,"28.4225° N, 77.0211° E",28.4225,77.0211
70,house,independent,sector 43,8.5,31481.0,5,5,3,3.0,Moderately Old,V68392090,2700.0,0,0,0,1,0,2,113,"28.4629° N, 77.0772° E",28.4629,77.0772
71,house,vatika india next,sector 82,6.5,20062.0,4,3,0,2.0,Relatively New,O68021412,3240.0,0,0,0,0,0,0,0,"28.3935° N, 76.9600° E",28.3935,76.96
72,flat,vatika gurgaon,sector 83,0.84,6746.0,2,2,2,7.0,Moderately Old,D70152358,1127.0,0,0,0,0,0,2,157,"28.3986° N, 76.9647° E",28.3986,76.9647
73,flat,la vida by tata housing,sector 113,1.55,11654.0,2,2,3,2.0,New Property,Y68450358,1276.0,0,0,0,0,0,0,174,"28.5287° N, 77.0233° E",28.5287,77.0233
74,flat,sidhartha ncr greens,sector 95,0.96,6201.0,3,3,3,8.0,New Property,P61617128,1720.0,0,1,1,0,0,0,8,"28.4172° N, 76.9081° E",28.4172,76.9081
75,flat,green court,sector 90,0.4,6389.0,2,2,1,8.0,New Property,S64064452,575.0,0,0,0,0,0,0,20,"28.4085° N, 76.9369° E",28.4085,76.9369
76,house,ansal sushant lok plots,sector 43,11.5,17692.0,7,8,3+,3.0,Old Property,V69310762,9000.0,0,1,1,1,0,2,31,"28.4629° N, 77.0772° E",28.4629,77.0772
77,flat,bptp terra,sector 37d,1.75,7987.0,4,4,3,7.0,Relatively New,F69267096,2100.0,0,0,0,0,1,2,120,"28.4478° N, 76.9703° E",28.4478,76.9703
78,house,independent,sector 2,3.65,23442.0,3,9,3+,3.0,New Property,B69812818,1557.0,0,1,0,1,0,2,116,"28.5095° N, 77.0320° E",28.5095,77.032
79,house,independent,sector 9,1.1,6111.0,4,3,1,2.0,Old Property,O27405853,200.0,0,0,0,0,0,0,0,"28.4603° N, 77.0000° E",28.4603,77.0
80,flat,m3m one key resiments,sector 67,0.8,13115.0,1,1,0,0.0,Relatively New,G68560058,610.0,0,0,0,0,0,0,0,"28.3859° N, 77.0608° E",28.3859,77.0608
81,flat,birla navya,sector 63a,2.1,16666.0,2,2,2,2.0,Under Construction,K70051610,1400.0,0,0,0,0,0,0,38,"28.3923° N, 77.0888° E",28.3923,77.0888
82,flat,signature global solera,sector 107,0.38,6333.0,2,2,2,3.0,Relatively New,Q69135694,627.0,0,0,0,0,0,1,23,"28.5052° N, 76.9729° E",28.5052,76.9729
83,flat,la vida by tata housing,sector 113,1.5,11755.0,2,2,2,13.0,New Property,I68564410,1155.0,0,0,0,0,0,0,60,"28.5287° N, 77.0233° E",28.5287,77.0233
84,house,independent,sector 37d,1.16,7539.0,1,1,0,1.0,Relatively New,I67433976,1535.0,0,0,0,0,0,0,0,"28.4478° N, 76.9703° E",28.4478,76.9703
85,flat,bestech park view grand spa,sector 81,2.35,8834.0,3,4,3+,10.0,Relatively New,H69427448,2511.0,0,0,0,1,0,0,109,"28.3867° N, 76.9485° E",28.3867,76.9485
86,house,international city by sobha phase 2,sector 109,7.0,11240.0,5,5,3+,2.0,Relatively New,E70108668,6228.0,0,0,0,1,0,0,129,"28.5073° N, 77.0089° E",28.5073,77.0089
87,flat,raheja sampada,sector 92,0.7,4453.0,3,3,0,7.0,Relatively New,L67904536,1572.0,0,0,0,0,0,0,0,"28.4079° N, 76.9153° E",28.4079,76.9153
88,flat,tulip violet,sector 69,1.32,8411.0,3,3,1,12.0,Relatively New,F69429866,1419.0,0,1,0,0,0,0,86,"28.3966° N, 77.0341° E",28.3966,77.0341
89,flat,dlf regal gardens,sector 90,1.29,7103.0,3,3,3+,12.0,Relatively New,Z69685130,1817.0,0,0,0,1,0,0,152,"28.4085° N, 76.9369° E",28.4085,76.9369
90,flat,bestech park view sanskruti,sector 92,1.55,9687.0,3,3,3,17.0,Relatively New,A57683322,1792.0,0,0,0,1,0,2,60,"28.4079° N, 76.9153° E",28.4079,76.9153
91,flat,emaar mgf emerald floors premier,sector 65,2.8,14177.0,4,4,3,2.0,Relatively New,S63409022,2194.0,1,0,0,1,0,2,108,"28.4030° N, 77.0690° E",28.403,77.069
92,house,emaar mgf marbella,sector 66,18.0,40000.0,5,6,3+,3.0,Relatively New,X69714856,4500.0,1,1,1,1,0,1,153,"28.3925° N, 77.0541° E",28.3925,77.0541
93,flat,malibu towers,sector 47,2.45,10698.0,3,4,2,1.0,Old Property,O69735740,2544.0,1,0,0,0,0,2,42,"28.4276° N, 77.0492° E",28.4276,77.0492
94,flat,adani aangan arcade,sector 88a,0.45,7200.0,2,2,1,3.0,New Property,R66070700,694.0,0,0,0,0,0,0,14,"28.4347° N, 76.9557° E",28.4347,76.9557
95,flat,adani brahma samsara vilasa,sector 63,3.0,16666.0,3,3,3,3.0,New Property,U69481564,2000.0,0,0,0,0,0,0,24,"28.3971° N, 77.0867° E",28.3971,77.0867
96,flat,raheja vanya,sector 99a,0.59,3975.0,2,2,3,1.0,Under Construction,P60026372,1133.0,0,0,0,0,1,0,96,"28.4561° N, 76.9542° E",28.4561,76.9542
97,flat,paras dews,sector 106,1.5,6369.0,4,6,3+,11.0,Relatively New,O69996360,1535.0,0,0,0,1,0,0,174,"28.5007° N, 77.0003° E",28.5007,77.0003
98,flat,unitech greenwood city,sector 45,2.4,12346.0,3,3,2,1.0,New Property,G69464840,195.0,0,0,0,1,0,2,19,"28.4466° N, 77.0660° E",28.4466,77.066
99,house,independent,sector 12,1.4,8702.0,2,2,1,2.0,Old Property,Y67853988,166.0,0,0,0,0,0,0,0,"28.4723° N, 77.0320° E",28.4723,77.032
100,house,international city by sobha phase 2,sector 109,6.8,12593.0,4,5,3,2.0,Relatively New,P70106010,5400.0,0,0,0,1,0,0,49,"28.5073° N, 77.0089° E",28.5073,77.0089
101,flat,ramprastha the edge towers,sector 37d,1.0,5649.0,3,3,3+,13.0,Moderately Old,U68986472,1602.0,0,0,0,0,0,0,38,"28.4478° N, 76.9703° E",28.4478,76.9703
102,flat,godrej nature plus,sector 33,1.75,8768.0,3,3,0,2.0,Under Construction,S68634010,1996.0,0,0,0,0,0,0,56,"28.4420° N, 77.0207° E",28.442,77.0207
103,flat,orris carnation residency,sector 85,0.55,5788.0,2,2,2,5.0,Relatively New,I64885268,1050.0,0,0,0,0,1,0,174,"28.4042° N, 76.9513° E",28.4042,76.9513
104,house,smart world gems,sector 89,1.25,8784.0,3,3,2,1.0,Under Construction,A68634320,1423.0,1,0,0,0,1,0,45,"28.4253° N, 76.9439° E",28.4253,76.9439
105,flat,bestech park view residency,sector 2,1.51,7890.0,3,4,3+,8.0,Moderately Old,Y70072328,1738.0,0,0,0,1,0,0,92,"28.5095° N, 77.0320° E",28.5095,77.032
106,house,international city by sobha phase 2,sector 109,12.5,26670.0,5,6,3,3.0,Relatively New,I69923532,4500.0,1,1,1,1,0,0,63,"28.5073° N, 77.0089° E",28.5073,77.0089
107,flat,m3m sierra 68,sector 68,1.1,8986.0,2,2,3,1.0,Relatively New,P69235928,1150.0,0,0,0,0,0,2,127,"28.3853° N, 77.0484° E",28.3853,77.0484
108,flat,godrej aria,sector 79,1.3,8843.0,2,2,2,7.0,Relatively New,I69290950,1330.0,1,0,0,0,0,2,116,"28.3624° N, 76.9787° E",28.3624,76.9787
109,flat,dhoot time residency,sector 63,3.0,18271.0,3,3,3+,14.0,Relatively New,P69192318,1642.0,0,0,0,1,0,2,0,"28.3971° N, 77.0867° E",28.3971,77.0867
110,flat,umang monsoon breeze,sector 78,0.62,5004.0,2,2,1,7.0,Moderately Old,T69662316,1115.0,0,0,1,0,0,0,111,"28.3733° N, 76.9729° E",28.3733,76.9729
111,house,independent,sector 26,5.8,12837.0,4,4,3+,4.0,Old Property,U70115748,4518.0,0,0,0,0,0,0,38,"28.4757° N, 77.1032° E",28.4757,77.1032
112,flat,ramprasta awho,sector 95,0.92,5257.0,3,3,3+,13.0,New Property,O64571990,1750.0,0,0,0,0,0,0,0,"28.4172° N, 76.9081° E",28.4172,76.9081
113,house,independent,sector 12,0.7,6034.0,3,3,0,1.0,Relatively New,T53379380,1160.0,0,0,0,0,0,0,23,"28.4723° N, 77.0320° E",28.4723,77.032
114,flat,dlf the primus,sector 82a,2.95,11451.0,4,5,3+,10.0,Relatively New,U70012350,2110.0,0,0,0,1,0,1,174,"28.3858° N, 76.9686° E",28.3858,76.9686
115,flat,mittal cosmos executive apartments,sector 2,0.75,6550.0,2,2,2,15.0,Old Property,K65460496,1100.0,0,0,0,0,0,2,42,"28.5095° N, 77.0320° E",28.5095,77.032
116,house,independent,sector 2,5.0,15384.0,6,6,2,1.0,Moderately Old,G69905858,3611.0,0,0,0,0,0,0,0,"28.5095° N, 77.0320° E",28.5095,77.032
117,house,independent,sector 50,12.5,40611.0,6,5,3,4.0,Moderately Old,Y64066178,3078.0,1,1,0,1,0,2,23,"28.4178° N, 77.0628° E",28.4178,77.0628
118,flat,supertech araville,sector 79,1.45,7455.0,3,3,3,3.0,Relatively New,U68283872,2161.0,0,0,0,0,0,0,0,"28.3624° N, 76.9787° E",28.3624,76.9787
119,flat,ansal sushant lok ci,sector 43,2.0,15151.0,3,3,2,1.0,Old Property,V68773394,1467.0,0,0,0,1,0,1,15,"28.4629° N, 77.0772° E",28.4629,77.0772
120,flat,tulip violet,sector 69,1.38,8972.0,3,3,1,12.0,Relatively New,N68450700,1709.0,0,0,0,0,0,0,174,"28.3966° N, 77.0341° E",28.3966,77.0341
121,house,malibu towne,sector 47,1.15,4646.0,3,3,3,2.0,Old Property,G70106720,275.0,0,0,0,0,0,2,33,"28.4276° N, 77.0492° E",28.4276,77.0492
122,flat,shree vardhman flora,sector 90,0.65,5000.0,2,2,2,12.0,Old Property,B68311072,1176.0,1,0,0,0,0,0,103,"28.4085° N, 76.9369° E",28.4085,76.9369
123,flat,dlf the skycourt,sector 86,1.54,9221.0,3,3,3+,15.0,Relatively New,E69657538,1780.0,0,0,0,1,0,0,174,"28.3986° N, 76.9384° E",28.3986,76.9384
124,house,independent,sector 7,1.16,11693.0,2,4,2,3.0,Moderately Old,N69560152,1102.0,0,0,0,0,1,0,39,"28.4644° N, 77.0143° E",28.4644,77.0143
125,flat,shree vardhman victoria,sector 70,1.55,7948.0,3,5,3,8.0,Relatively New,G70133410,1527.0,0,0,0,1,0,0,174,"28.3968° N, 77.0233° E",28.3968,77.0233
126,flat,bptp terra,sector 37d,1.98,9036.0,3,3,3+,12.0,New Property,Q70028830,1983.0,1,0,0,0,0,2,49,"28.4478° N, 76.9703° E",28.4478,76.9703
127,flat,tulip monsella,sector 53,7.4,33199.0,4,4,3,21.0,Under Construction,A66658898,2477.0,0,0,0,0,0,0,35,"28.4433° N, 77.0948° E",28.4433,77.0948
128,house,international city by sobha phase 2,sector 109,6.5,12037.0,4,4,3+,1.0,New Property,W69832586,5400.0,0,0,0,1,0,2,160,"28.5073° N, 77.0089° E",28.5073,77.0089
129,flat,mapsko mount ville,sector 79,1.2,13837.0,3,3,3,18.0,Relatively New,U69665010,1165.0,1,1,0,0,0,2,160,"28.3624° N, 76.9787° E",28.3624,76.9787
130,house,independent,sector 46,5.5,23061.0,8,8,3+,3.0,Moderately Old,W70005554,2385.0,1,0,0,0,1,2,32,"28.4374° N, 77.0586° E",28.4374,77.0586
131,flat,shapoorji pallonji joyville gurugram,sector 102,0.97,16454.0,2,2,2,10.0,Relatively New,T68619970,742.0,0,0,0,0,0,0,151,"28.4750° N, 76.9715° E",28.475,76.9715
132,flat,antriksh heights,sector 84,0.73,6083.0,2,2,3+,4.0,Relatively New,K69055174,1026.0,1,1,1,0,0,0,158,"28.3979° N, 76.9736° E",28.3979,76.9736
133,flat,bestech altura,sector 79,2.55,9532.0,4,5,2,4.0,New Property,X69888856,2675.0,0,0,0,1,0,0,44,"28.3624° N, 76.9787° E",28.3624,76.9787
134,flat,pioneer araya,sector 62,7.56,18000.0,4,4,3+,23.0,Relatively New,I69408046,4200.0,0,1,0,1,0,2,87,"28.4139° N, 77.0886° E",28.4139,77.0886
135,flat,bestech park view grand spa,sector 81,2.2,8270.0,3,4,3+,8.0,Relatively New,R68344512,2481.0,0,0,0,1,0,2,165,"28.3867° N, 76.9485° E",28.3867,76.9485
136,flat,indiabulls centrum park,sector 103,1.9,5681.0,3,4,3+,10.0,Relatively New,D69120526,3716.0,1,1,0,1,1,2,49,"28.4949° N, 76.9845° E",28.4949,76.9845
137,flat,m3m heights,sector 65,2.1,16653.0,2,2,3,8.0,New Property,J69877808,1015.0,0,0,0,0,0,0,31,"28.4030° N, 77.0690° E",28.403,77.069
138,flat,dlf regal gardens,sector 90,1.3,7150.0,3,3,3+,7.0,Relatively New,L69622936,1700.0,0,0,0,0,0,0,141,"28.4085° N, 76.9369° E",28.4085,76.9369
139,flat,pareena mi casa,sector 68,1.7,8504.0,4,4,3,2.0,New Property,E68365074,1809.0,0,0,0,0,0,0,47,"28.3853° N, 77.0484° E",28.3853,77.0484
140,flat,eden landmark,manesar,0.5,3847.0,2,2,0,7.0,Under Construction,N24137865,1300.0,0,0,0,0,0,0,0,"28.3515° N, 76.9428° E",28.3515,76.9428
141,flat,spectrum centre,sector 82a,0.62,9538.0,1,1,0,6.0,Relatively New,C69239554,650.0,0,0,0,0,0,0,0,"28.3858° N, 76.9686° E",28.3858,76.9686
142,flat,dlf the ultima,sector 81,2.25,10699.0,3,3,3+,11.0,Relatively New,L69101800,1600.0,1,1,0,1,1,1,49,"28.3867° N, 76.9485° E",28.3867,76.9485
143,flat,denso haryana housing society,manesar,0.9,4308.0,3,3,3+,5.0,Moderately Old,U68196874,2321.0,0,0,0,1,0,0,7,"28.3515° N, 76.9428° E",28.3515,76.9428
144,flat,emaar mgf palm hills,sector 77,1.08,5400.0,3,4,3+,5.0,Relatively New,K69722888,1810.0,1,0,0,1,1,2,167,"28.3801° N, 76.9845° E",28.3801,76.9845
145,house,unitech espace,sector 50,10.3,31790.0,5,6,3+,3.0,Moderately Old,H69824454,3240.0,1,1,1,1,0,2,160,"28.4178° N, 77.0628° E",28.4178,77.0628
146,flat,vipul lavanya,sector 81,0.75,5966.0,2,2,2,7.0,Moderately Old,D69822664,1397.0,0,0,0,0,0,0,37,"28.3867° N, 76.9485° E",28.3867,76.9485
147,flat,parsvnath green ville,sector 48,1.6,8376.0,3,3,3+,8.0,Old Property,R69288018,1895.0,0,0,0,0,1,2,49,"28.4177° N, 77.0359° E",28.4177,77.0359
148,flat,bestech park view ananda,sector 81,1.45,8734.0,3,2,3+,3.0,Relatively New,A52657366,1352.0,0,0,0,0,1,0,45,"28.3867° N, 76.9485° E",28.3867,76.9485
149,flat,emaar mgf emerald floors premier,sector 65,2.7,16363.0,3,3,3,5.0,Relatively New,O69850120,1650.0,0,0,1,1,0,2,108,"28.4030° N, 77.0690° E",28.403,77.069
150,flat,dlf the ultima,sector 81,2.28,10841.0,3,3,3+,14.0,Relatively New,R69994518,1750.0,0,0,0,1,0,1,49,"28.3867° N, 76.9485° E",28.3867,76.9485
151,flat,residency grand,sector 52,5.0,7692.0,5,7,3+,1.0,Moderately Old,U36038313,5778.0,0,1,0,1,0,0,77,"28.4379° N, 77.0785° E",28.4379,77.0785
152,flat,ireo skyon,sector 60,2.65,13125.0,3,4,3+,7.0,Moderately Old,H68412308,2037.0,0,0,0,1,0,2,152,"28.4003° N, 77.0975° E",28.4003,77.0975
153,flat,tulip leaf,sector 69,2.06,11386.0,3,3,3,16.0,Relatively New,B69392810,1640.0,0,0,0,0,0,0,49,"28.3966° N, 77.0341° E",28.3966,77.0341
154,house,vipul world,sector 48,3.35,5583.0,6,5,3+,3.0,Moderately Old,H67904184,6000.0,0,0,0,0,0,0,53,"28.4177° N, 77.0359° E",28.4177,77.0359
155,flat,m3m golfestate,sector 65,5.0,18518.0,3,3,3+,28.0,Relatively New,N69817180,2800.0,0,1,0,1,0,2,165,"28.4030° N, 77.0690° E",28.403,77.069
156,flat,tulip violet,sector 69,1.2,10909.0,2,3,0,0.0,Relatively New,W69926632,1100.0,0,0,0,0,0,0,54,"28.3966° N, 77.0341° E",28.3966,77.0341
157,flat,m3m skywalk,sector 74,2.25,13636.0,3,3,2,9.0,Relatively New,Z69139110,1938.0,0,0,0,1,0,2,174,"28.4158° N, 77.0118° E",28.4158,77.0118
158,flat,ireo skyon,sector 60,3.0,12484.0,3,3,3,5.0,Relatively New,O69439286,2400.0,0,0,0,1,0,2,174,"28.4003° N, 77.0975° E",28.4003,77.0975
159,flat,umang monsoon breeze,sector 78,0.69,5390.0,2,2,2,11.0,Moderately Old,K69682308,1422.0,0,0,0,0,0,0,60,"28.3733° N, 76.9729° E",28.3733,76.9729
160,flat,tulip violet,sector 69,1.9,9452.0,4,4,2,0.0,Relatively New,C69393158,1819.0,0,0,0,0,0,0,49,"28.3966° N, 77.0341° E",28.3966,77.0341
161,flat,hsiidc sidco aravali,manesar,0.9,3477.0,3,3,3,2.0,Old Property,L70035366,1900.0,0,0,0,1,0,1,21,"28.3515° N, 76.9428° E",28.3515,76.9428
162,house,ss hibiscus,sector 50,12.25,20940.0,5,7,3+,1.0,Relatively New,M69250532,5850.0,1,1,0,1,1,2,160,"28.4178° N, 77.0628° E",28.4178,77.0628
163,flat,la vida by tata housing,sector 113,1.85,11716.0,3,2,2,7.0,New Property,F68295166,1429.0,0,0,0,0,0,0,13,"28.5287° N, 77.0233° E",28.5287,77.0233
164,house,independent,sector 7,0.27,12000.0,2,2,1,2.0,Moderately Old,Z57259810,225.0,0,0,0,0,0,0,12,"28.4644° N, 77.0143° E",28.4644,77.0143
165,flat,m3m merlin,sector 67,3.5,14583.0,3,4,3,17.0,Relatively New,H69409856,2225.0,0,0,1,1,0,2,167,"28.3859° N, 77.0608° E",28.3859,77.0608
166,flat,corona gracieux,sector 76,1.46,5500.0,4,6,3+,8.0,New Property,M69166004,2398.0,0,0,0,1,0,0,58,"28.3935° N, 76.9888° E",28.3935,76.9888
167,flat,la vida by tata housing,sector 113,2.78,10334.0,3,4,3+,5.0,Relatively New,M68451874,2350.0,0,0,0,1,0,0,174,"28.5287° N, 77.0233° E",28.5287,77.0233
168,flat,shapoorji pallonji joyville gurugram,sector 102,1.05,11475.0,2,2,2,0.0,Under Construction,O68818592,1017.0,0,0,0,0,0,0,49,"28.4750° N, 76.9715° E",28.475,76.9715
169,flat,la vida by tata housing,sector 113,1.38,12000.0,2,2,3,8.0,New Property,F68449364,1350.0,1,0,0,0,0,0,174,"28.5287° N, 77.0233° E",28.5287,77.0233
170,flat,la lagune,sector 54,6.75,21360.0,4,6,3+,11.0,Moderately Old,B66133960,2455.0,0,0,0,1,0,2,119,"28.4348° N, 77.1089° E",28.4348,77.1089
171,flat,raheja navodaya,sector 92,0.62,4807.0,2,2,2,5.0,New Property,B24118357,1498.0,0,0,0,0,0,0,0,"28.4079° N, 76.9153° E",28.4079,76.9153
172,flat,vipul lavanya,sector 81,1.28,7174.0,3,3,3,1.0,Moderately Old,H69882504,1982.0,0,1,0,1,0,2,49,"28.3867° N, 76.9485° E",28.3867,76.9485
173,flat,shree vardhman victoria,sector 70,1.07,7925.0,2,2,3,8.0,Relatively New,O69321428,1222.0,1,0,0,0,0,0,108,"28.3968° N, 77.0233° E",28.3968,77.0233
174,flat,emaar imperial gardens,sector 102,2.05,9876.0,3,4,3+,14.0,Relatively New,P68269824,2250.0,0,0,0,1,0,0,116,"28.4750° N, 76.9715° E",28.475,76.9715
175,flat,conscient heritage max,sector 102,1.75,9062.0,3,4,3+,16.0,Relatively New,L59898308,1748.0,0,0,0,1,0,0,134,"28.4750° N, 76.9715° E",28.475,76.9715
176,flat,mapsko royale ville,sector 82,1.22,7176.0,3,5,3+,10.0,Relatively New,K68544798,2000.0,0,1,0,1,0,2,76,"28.3935° N, 76.9600° E",28.3935,76.96
177,flat,antriksh heights,sector 84,0.89,4370.0,3,3,3,8.0,Relatively New,D69973246,1833.0,0,1,0,0,0,0,67,"28.3979° N, 76.9736° E",28.3979,76.9736
178,flat,friends apartment,sector 52,2.0,8510.0,4,3,3,5.0,Moderately Old,Q69487782,2091.0,0,0,0,1,0,1,111,"28.4379° N, 77.0785° E",28.4379,77.0785
179,flat,cghs airport apartment,sector 47,1.65,7857.0,3,3,3,1.0,Old Property,A69847632,1906.0,0,0,0,0,1,2,136,"28.4276° N, 77.0492° E",28.4276,77.0492
180,flat,ild greens,sector 37c,0.78,5714.0,2,2,3,1.0,Moderately Old,H68779518,1068.1,0,0,0,0,0,2,103,"28.4515° N, 76.9882° E",28.4515,76.9882
181,flat,m3m heights,sector 65,2.78,15200.0,3,3,3,44.0,Relatively New,T69537078,1829.0,0,0,0,0,0,0,56,"28.4030° N, 77.0690° E",28.403,77.069
182,flat,pareena coban residences,sector 99a,1.3,6510.0,3,3,0,16.0,New Property,O68022476,1997.0,0,0,0,0,0,0,0,"28.4561° N, 76.9542° E",28.4561,76.9542
183,flat,umang winter hills,sector 77,0.71,5305.0,2,2,2,6.0,Relatively New,K68224474,1057.0,1,0,0,0,0,0,108,"28.3801° N, 76.9845° E",28.3801,76.9845
184,flat,sare green parc phase 3,sector 92,0.75,7142.0,3,2,2,3.0,New Property,B69104786,1298.0,0,0,0,0,0,0,121,"28.4079° N, 76.9153° E",28.4079,76.9153
185,house,huda plots,sector 56,2.95,20359.0,2,2,2,1.0,Moderately Old,P69594254,1449.0,0,0,0,0,0,0,31,"28.4245° N, 77.0991° E",28.4245,77.0991
186,house,independent,sector 13,9.0,11111.0,10,5,3+,4.0,Old Property,H63238820,8100.0,0,0,0,0,0,0,0,"28.4757° N, 77.0392° E",28.4757,77.0392
187,flat,ss the leaf,sector 85,2.13,7574.0,4,4,3,2.0,Relatively New,E70087294,2600.0,0,0,0,0,0,0,49,"28.4042° N, 76.9513° E",28.4042,76.9513
188,flat,dlf regency park,sector 28,1.91,16608.0,2,2,2,11.0,New Property,B68992854,1278.0,0,0,0,0,0,1,98,"28.4728° N, 77.0865° E",28.4728,77.0865
189,flat,ambience creacions,sector 22,4.3,13915.0,3,4,3+,6.0,Relatively New,B69960750,2600.0,0,0,0,1,1,1,120,"28.5072° N, 77.0640° E",28.5072,77.064
190,flat,ats tourmaline,sector 109,1.75,10000.0,3,3,3,4.0,New Property,R67560124,1466.0,0,0,0,0,0,0,31,"28.5073° N, 77.0089° E",28.5073,77.0089
191,house,independent,sector 3,3.5,9210.0,1,1,0,1.0,Moderately Old,Z67766806,3800.0,0,0,0,0,0,0,0,"28.4909° N, 77.0176° E",28.4909,77.0176
192,flat,ansal heights 86,sector 86,0.78,5735.0,2,2,2,8.0,New Property,K57098890,1360.0,0,0,0,0,0,0,72,"28.3986° N, 76.9384° E",28.3986,76.9384
193,flat,ansal maple heights,sector 43,1.5,12658.0,3,3,3+,7.0,Old Property,H69801220,1385.0,0,0,1,0,0,2,174,"28.4629° N, 77.0772° E",28.4629,77.0772
194,flat,dlf new town heights,sector 91,2.0,6967.0,4,4,3+,16.0,Moderately Old,K47366137,2468.0,1,1,0,1,0,0,65,"28.4014° N, 76.9225° E",28.4014,76.9225
195,flat,dlf new town heights,sector 90,1.55,6556.0,4,4,3+,1.0,Relatively New,P44401719,2139.0,0,1,0,1,0,0,81,"28.4085° N, 76.9369° E",28.4085,76.9369
196,house,international city by sobha phase 2,sector 109,10.0,27778.0,4,5,3+,2.0,New Property,D67028538,3600.0,1,1,0,1,1,2,49,"28.5073° N, 77.0089° E",28.5073,77.0089
197,flat,deepak minda,manesar,1.2,4528.0,3,3,3+,6.0,Moderately Old,X68196798,2944.0,0,0,0,1,0,0,7,"28.3515° N, 76.9428° E",28.3515,76.9428
198,flat,chd avenue,sector 71,1.35,5744.0,4,4,3,8.0,Moderately Old,W69335304,2127.0,0,0,0,1,0,0,26,"28.4104° N, 77.0281° E",28.4104,77.0281
199,flat,shree balaji appartment,sector 33,0.4,5000.0,2,2,2,1.0,Relatively New,N59277376,724.0,0,0,0,0,0,1,0,"28.4420° N, 77.0207° E",28.442,77.0207
200,flat,umang monsoon breeze,sector 78,1.15,5284.0,3,3,3,9.0,Moderately Old,A68942872,1969.0,0,0,0,1,1,0,22,"28.3733° N, 76.9729° E",28.3733,76.9729
201,flat,tulip monsella,sector 53,5.6,19363.0,3,3,3+,1.0,Under Construction,G64731824,2617.0,0,0,0,0,0,0,42,"28.4433° N, 77.0948° E",28.4433,77.0948
202,house,independent,sector 41,11.0,33951.0,4,4,2,3.0,New Property,J69424116,3240.0,1,1,0,1,0,0,35,"28.4557° N, 77.0632° E",28.4557,77.0632
203,house,project mianwali colony,sector 12,1.7,9444.0,1,1,2,1.0,Old Property,M69654546,2000.0,0,0,0,0,0,0,0,"28.4723° N, 77.0320° E",28.4723,77.032
204,flat,professors enclave cghs,sector 56,1.54,8324.0,3,3,2,6.0,Old Property,U69431586,1920.0,0,1,0,1,0,2,104,"28.4245° N, 77.0991° E",28.4245,77.0991
205,flat,greenopolis,sector 89,0.9,4700.0,3,3,0,14.0,Under Construction,I19370017,1910.0,0,0,0,0,0,0,67,"28.4253° N, 76.9439° E",28.4253,76.9439
206,flat,tarc maceo,sector 91,0.96,5413.0,2,2,3+,8.0,Moderately Old,Q65461140,1271.0,0,0,0,0,0,0,85,"28.4014° N, 76.9225° E",28.4014,76.9225
207,flat,puri diplomatic greens,sector 111,3.45,11694.0,4,5,3+,10.0,Relatively New,T69579124,2670.0,0,0,0,1,0,0,101,"28.5238° N, 77.0320° E",28.5238,77.032
208,flat,dlf the skycourt,sector 86,1.6,8294.0,3,3,1,14.0,Relatively New,F70081718,1746.0,0,1,0,0,0,0,72,"28.3986° N, 76.9384° E",28.3986,76.9384
209,flat,shapoorji pallonji joyville gurugram,sector 102,2.12,11447.0,3,3,3,9.0,New Property,R66900322,1571.0,0,0,0,0,0,0,109,"28.4750° N, 76.9715° E",28.475,76.9715
210,flat,piedmont taksila heights,sector 37c,1.0,6506.0,3,3,3+,8.0,Relatively New,E68414772,1708.0,0,0,0,0,0,2,49,"28.4515° N, 76.9882° E",28.4515,76.9882
211,flat,dlf regal gardens,sector 90,1.25,7167.0,3,3,2,11.0,Relatively New,I69160896,1578.0,0,0,0,0,1,0,14,"28.4085° N, 76.9369° E",28.4085,76.9369
212,flat,godrej nature plus,sector 33,1.07,7725.0,2,2,2,14.0,Under Construction,K68519126,1253.0,0,0,0,0,0,0,68,"28.4420° N, 77.0207° E",28.442,77.0207
213,flat,alpha corp gurgaonone,sector 84,2.2,7586.0,4,4,3,10.0,Relatively New,C69431042,3222.0,0,0,0,1,0,0,21,"28.3979° N, 76.9736° E",28.3979,76.9736
214,house,independent,sector 28,4.5,13889.0,4,4,0,4.0,Relatively New,L68904950,3240.0,0,0,0,0,0,0,0,"28.4728° N, 77.0865° E",28.4728,77.0865
215,flat,emaar imperial gardens,sector 102,1.85,9135.0,3,3,3+,0.0,Relatively New,Z68808868,2250.0,0,0,0,1,0,2,95,"28.4750° N, 76.9715° E",28.475,76.9715
216,flat,bestech park view ananda,sector 81,1.15,6927.0,3,2,3+,12.0,Relatively New,G69408148,1352.0,0,0,0,0,0,0,101,"28.3867° N, 76.9485° E",28.3867,76.9485
217,flat,pyramid elite,sector 86,0.45,7739.0,2,2,1,4.0,Under Construction,I68593654,646.0,0,0,0,0,0,0,66,"28.3986° N, 76.9384° E",28.3986,76.9384
218,flat,hero homes,sector 104,1.2,17548.0,2,2,2,22.0,Under Construction,H50203156,877.0,0,0,0,0,0,0,30,"28.4788° N, 76.9960° E",28.4788,76.996
219,flat,shree vardhman victoria,sector 70,1.23,9111.0,2,2,3,1.0,Relatively New,O69936994,1222.0,1,0,0,0,0,0,43,"28.3968° N, 77.0233° E",28.3968,77.0233
220,flat,ss the leaf,sector 85,1.2,10452.0,2,2,3+,2.0,Relatively New,U69944844,1380.0,0,0,1,0,0,0,156,"28.4042° N, 76.9513° E",28.4042,76.9513
221,flat,rof ananda,sector 95,0.2,5463.0,1,1,1,9.0,Relatively New,U69979052,407.0,0,1,0,0,0,0,52,"28.4172° N, 76.9081° E",28.4172,76.9081
222,house,independent,sector 17,0.29,3254.0,2,1,0,0.0,Old Property,G67946074,891.0,0,0,0,0,0,0,0,"28.4791° N, 77.0608° E",28.4791,77.0608
223,flat,m3m skycity,sector 65,2.8,15317.0,3,3,0,14.0,Relatively New,Y68022268,1828.0,0,0,0,0,0,0,39,"28.4030° N, 77.0690° E",28.403,77.069
224,flat,shri banke bihari society,sector 56,1.37,9133.0,3,3,3+,2.0,Old Property,Y69900360,1450.0,0,0,0,0,1,0,174,"28.4245° N, 77.0991° E",28.4245,77.0991
225,flat,ambience lagoon,sector 24,4.25,13281.0,3,4,3+,3.0,Old Property,A69484894,3201.0,0,1,0,1,0,2,143,"28.4939° N, 77.1038° E",28.4939,77.1038
226,flat,mapsko mount ville,sector 79,1.25,8389.0,3,3,3+,16.0,Relatively New,W69572278,1656.0,0,0,0,0,0,2,49,"28.3624° N, 76.9787° E",28.3624,76.9787
227,flat,pareena mi casa,sector 68,1.1,9020.0,2,2,3,13.0,New Property,V58274898,1244.0,0,0,0,0,0,0,106,"28.3853° N, 77.0484° E",28.3853,77.0484
228,house,adani brahma samsara,sector 60,18.02,28200.0,9,12,3+,3.0,Relatively New,Y67109428,6390.0,0,0,0,1,0,2,146,"28.4003° N, 77.0975° E",28.4003,77.0975
229,house,vatika sovereign next,sector 82a,3.85,7500.0,5,6,3+,6.0,Relatively New,O69258128,5140.0,0,0,0,0,0,0,53,"28.3858° N, 76.9686° E",28.3858,76.9686
230,flat,ramprastha the atrium,sector 37d,0.9,6225.0,3,3,2,13.0,Relatively New,I68316312,1185.0,0,0,0,0,0,1,37,"28.4478° N, 76.9703° E",28.4478,76.9703
231,flat,dlf new town heights,sector 90,1.21,6243.0,3,3,3+,7.0,Relatively New,X69632308,1929.0,0,1,0,1,0,0,127,"28.4085° N, 76.9369° E",28.4085,76.9369
232,flat,rof ananda,sector 95,0.36,5658.0,2,2,2,10.0,New Property,N69389266,717.0,1,0,0,0,0,0,75,"28.4172° N, 76.9081° E",28.4172,76.9081
233,flat,ireo the corridors,sector 67a,2.0,11580.0,3,3,2,6.0,Under Construction,E58721404,1346.0,0,0,0,0,1,0,15,"28.3960° N, 77.0372° E",28.396,77.0372
234,house,independent,sector 25,10.0,37037.0,5,5,3+,3.0,Moderately Old,G69523296,9500.0,0,1,0,1,0,1,29,"28.4844° N, 77.0860° E",28.4844,77.086
235,flat,bestech park view grand spa,sector 81,2.29,8609.0,3,4,3+,10.0,Relatively New,K69736336,2315.0,1,0,0,1,0,1,174,"28.3867° N, 76.9485° E",28.3867,76.9485
236,flat,emaar gurgaon greens,sector 102,1.35,8181.0,3,3,3,5.0,Relatively New,C64607518,1315.0,0,0,0,1,0,0,119,"28.4750° N, 76.9715° E",28.475,76.9715
237,flat,godrej air,sector 85,1.4,10000.0,2,2,3,23.0,Relatively New,J69836484,1400.0,0,0,0,0,0,0,44,"28.4042° N, 76.9513° E",28.4042,76.9513
238,flat,puri diplomatic greens,sector 111,3.45,11694.0,4,5,3+,9.0,Relatively New,W69922524,2670.0,0,0,0,1,0,0,68,"28.5238° N, 77.0320° E",28.5238,77.032
239,house,international city by sobha phase 1,sector 109,6.1,25103.0,5,6,3+,2.0,Moderately Old,S68706948,2430.0,0,0,0,1,0,0,30,"28.5073° N, 77.0089° E",28.5073,77.0089
240,flat,bestech park view grand spa,sector 81,2.25,8458.0,3,4,3+,8.0,Relatively New,Y69455236,2300.0,1,0,1,1,0,2,122,"28.3867° N, 76.9485° E",28.3867,76.9485
241,flat,sobha city,sector 108,2.5,14611.0,3,3,2,19.0,New Property,T69829404,1480.0,0,0,0,0,0,0,166,"28.5134° N, 76.9830° E",28.5134,76.983
242,flat,dlf the primus,sector 82a,2.7,10481.0,4,4,3+,18.0,Moderately Old,X68655328,2576.0,0,0,0,1,0,0,38,"28.3858° N, 76.9686° E",28.3858,76.9686
243,flat,ss the leaf,sector 85,1.18,10727.0,2,2,3,9.0,Relatively New,H69399868,1700.0,1,0,0,0,0,2,150,"28.4042° N, 76.9513° E",28.4042,76.9513
244,flat,tashee capital gateway,sector 111,0.96,6500.0,2,2,1,4.0,Under Construction,M41005323,1338.0,1,0,0,0,0,0,53,"28.5238° N, 77.0320° E",28.5238,77.032
245,flat,m3m heights,sector 65,2.8,15000.0,3,3,3,20.0,Under Construction,N68452032,1867.0,0,0,0,0,0,0,91,"28.4030° N, 77.0690° E",28.403,77.069
246,house,independent,sector 23,5.5,21825.0,8,8,2,3.0,Moderately Old,K69472428,2520.0,1,1,0,1,0,2,76,"28.5121° N, 77.0478° E",28.5121,77.0478
247,house,independent,sector 25,11.0,35530.0,5,5,3+,2.0,Relatively New,N69433874,3096.0,1,1,1,1,0,0,29,"28.4844° N, 77.0860° E",28.4844,77.086
248,flat,vatika boulevard residences and heights,sector 83,1.42,8000.0,3,3,2,2.0,Relatively New,Z68231242,1972.0,0,0,0,0,0,2,113,"28.3986° N, 76.9647° E",28.3986,76.9647
249,flat,m3m capital,sector 113,2.9,12619.0,4,4,3+,11.0,Under Construction,G68377158,2553.0,1,0,0,1,0,0,49,"28.5287° N, 77.0233° E",28.5287,77.0233
250,flat,kiran residency,sector 56,1.54,8324.0,3,4,3+,5.0,Old Property,Z69430242,1900.0,0,0,0,1,0,2,98,"28.4245° N, 77.0991° E",28.4245,77.0991
251,flat,vatika gurgaon,sector 83,1.05,7000.0,3,3,3,3.0,Relatively New,S68476008,1618.0,0,0,1,0,0,0,79,"28.3986° N, 76.9647° E",28.3986,76.9647
252,flat,gls avenue 51,sector 92,0.42,7106.0,2,2,1,4.0,Relatively New,I68531730,657.0,1,1,0,0,0,2,42,"28.4079° N, 76.9153° E",28.4079,76.9153
253,flat,lavanya apartments,sector 81,0.9,5056.0,3,3,0,7.0,Relatively New,L69125934,1780.0,0,0,0,0,0,0,0,"28.3867° N, 76.9485° E",28.3867,76.9485
254,flat,ats marigold,sector 89,1.5,8571.0,3,3,3,2.0,New Property,X69645532,1944.0,0,0,0,0,1,0,49,"28.4253° N, 76.9439° E",28.4253,76.9439
255,flat,dlf the skycourt,sector 86,1.59,8242.0,3,3,3,17.0,Relatively New,H69904258,1700.0,0,0,0,0,1,2,165,"28.3986° N, 76.9384° E",28.3986,76.9384
256,flat,m3m sky lofts,sector 71,1.0,11500.0,1,1,1,9.0,Moderately Old,D69701036,869.0,0,0,0,0,0,0,77,"28.4104° N, 77.0281° E",28.4104,77.0281
257,flat,shapoorji pallonji joyville gurugram,sector 102,1.28,10534.0,2,2,3,10.0,Relatively New,U69549176,1100.0,0,0,0,0,0,0,49,"28.4750° N, 76.9715° E",28.475,76.9715
258,flat,signature global solera,sector 107,0.28,5828.0,2,2,2,11.0,Relatively New,S69217104,543.0,0,0,0,0,0,0,45,"28.5052° N, 76.9729° E",28.5052,76.9729
259,flat,ramsons kshitij,sector 95,0.17,544.0,1,1,1,12.0,Relatively New,X70174042,3569.0,0,0,0,0,0,0,56,"28.4172° N, 76.9081° E",28.4172,76.9081
260,flat,orris carnation residency,sector 85,0.9,6428.0,3,3,2,12.0,Relatively New,J69297210,1402.0,0,0,0,0,0,0,120,"28.4042° N, 76.9513° E",28.4042,76.9513
261,house,sector 14 rwa,sector 14,5.51,16990.0,3,3,2,4.0,Moderately Old,F70044510,3249.0,0,0,0,0,0,0,14,"28.4711° N, 77.0454° E",28.4711,77.0454
262,flat,emaar gurgaon greens,sector 102,1.4,8484.0,3,3,3,10.0,Relatively New,Y69551588,1300.0,0,0,0,1,0,0,46,"28.4750° N, 76.9715° E",28.475,76.9715
263,flat,raheja navodaya,sector 92,0.85,5407.0,3,3,0,0.0,Relatively New,O59506130,1423.0,0,0,0,0,0,0,88,"28.4079° N, 76.9153° E",28.4079,76.9153
264,flat,m3m merlin,sector 67,3.32,14079.0,3,4,3,8.0,New Property,Q69941296,2016.0,0,0,0,1,0,2,174,"28.3859° N, 77.0608° E",28.3859,77.0608
265,flat,smart world gems,sector 89,0.97,8794.0,2,2,3+,2.0,New Property,Y69756678,1103.0,0,0,0,0,0,0,49,"28.4253° N, 76.9439° E",28.4253,76.9439
266,house,independent,sector 22,4.75,20068.0,7,5,3+,3.0,Old Property,R70075710,2367.0,0,1,0,0,1,2,49,"28.5072° N, 77.0640° E",28.5072,77.064
267,flat,experion the heartsong,sector 108,2.0,7196.0,4,4,3+,10.0,Relatively New,H69625534,2500.0,0,1,0,1,0,2,174,"28.5134° N, 76.9830° E",28.5134,76.983
268,flat,tulip violet,sector 69,1.72,8730.0,4,4,1,12.0,Relatively New,U69355454,1783.0,0,0,0,0,0,0,86,"28.3966° N, 77.0341° E",28.3966,77.0341
269,flat,signature global solera,sector 107,0.29,5930.0,2,2,2,3.0,Relatively New,L69217140,543.0,0,0,0,0,0,0,45,"28.5052° N, 76.9729° E",28.5052,76.9729
270,flat,smart world orchard,sector 61,1.65,13750.0,2,2,2,1.0,Under Construction,Y68609816,1333.0,1,0,0,0,0,0,16,"28.4050° N, 77.0963° E",28.405,77.0963
271,flat,m3m skywalk,sector 74,1.57,11000.0,2,2,3+,10.0,Relatively New,P69703164,1300.0,0,0,0,0,1,0,137,"28.4158° N, 77.0118° E",28.4158,77.0118
272,flat,indiabulls enigma,sector 110,3.79,9895.0,5,5,3,4.0,Relatively New,G46425145,3466.0,0,0,0,1,1,0,125,"28.5145° N, 77.0197° E",28.5145,77.0197
273,flat,experion windchants,sector 112,5.6,11551.0,4,6,3+,8.0,Relatively New,E68670550,3655.35,0,0,0,1,0,2,168,"28.5189° N, 77.0183° E",28.5189,77.0183
274,house,independent,sector 3,0.55,7333.0,1,1,0,1.0,Moderately Old,P67750524,750.0,0,0,0,0,0,0,0,"28.4909° N, 77.0176° E",28.4909,77.0176
275,flat,ss the leaf,sector 85,2.1,7467.0,4,5,3+,9.0,Relatively New,G69201450,2545.0,0,0,0,0,0,2,67,"28.4042° N, 76.9513° E",28.4042,76.9513
276,flat,bestech park view residency,sector 110,1.4,7865.0,3,3,3+,6.0,Old Property,W69369638,1611.0,0,0,0,0,0,1,107,"28.5145° N, 77.0197° E",28.5145,77.0197
277,flat,sbtl caladium,sector 109,1.8,7072.0,3,3,3+,10.0,Relatively New,H70072028,2000.0,0,0,0,0,0,0,174,"28.5073° N, 77.0089° E",28.5073,77.0089
278,flat,pareena coban residences,sector 99a,1.1,7096.0,2,2,3,9.0,New Property,E69589168,1368.0,1,0,0,0,0,0,88,"28.4561° N, 76.9542° E",28.4561,76.9542
279,flat,prime habitat,sector 99a,0.26,4745.0,2,2,1,6.0,Relatively New,K69324896,611.0,0,0,0,0,1,0,79,"28.4561° N, 76.9542° E",28.4561,76.9542
280,house,dlf city plots phase 2,sector 25,7.5,31686.0,9,9,3+,4.0,Relatively New,N69848890,2314.2385,1,1,0,1,0,2,160,"28.4844° N, 77.0860° E",28.4844,77.086
281,house,dlf city plots phase 2,sector 25,6.5,36111.0,5,5,3+,3.0,Old Property,I68736378,1800.0,1,1,1,1,0,2,134,"28.4844° N, 77.0860° E",28.4844,77.086
282,flat,shapoorji pallonji joyville gurugram,sector 102,1.4,10378.0,2,2,2,11.0,New Property,X69179634,1166.0,0,0,0,0,0,2,49,"28.4750° N, 76.9715° E",28.475,76.9715
283,flat,ats triumph,sector 104,1.95,8515.0,3,3,3+,3.0,New Property,B67506178,2544.0,0,0,0,1,0,0,69,"28.4788° N, 76.9960° E",28.4788,76.996
284,flat,emaar mgf emerald estate,sector 65,1.75,12544.0,3,3,3,10.0,Relatively New,B69216570,1081.0,0,0,0,1,0,2,124,"28.4030° N, 77.0690° E",28.403,77.069
285,house,independent,sector 15,1.8,10000.0,4,3,1,1.0,Old Property,F55730248,1800.0,0,0,0,0,0,0,16,"28.4621° N, 77.0464° E",28.4621,77.0464
286,flat,emaar mgf emerald floors premier,sector 65,2.8,16969.0,3,3,3+,3.0,Relatively New,R68745658,1650.0,1,0,0,1,0,2,38,"28.4030° N, 77.0690° E",28.403,77.069
287,flat,ats kocoon,sector 109,1.68,9627.0,3,3,3,8.0,Relatively New,X69510728,1579.0,0,0,0,0,0,0,142,"28.5073° N, 77.0089° E",28.5073,77.0089
288,flat,imperia elvedor,sector 37c,0.55,8221.0,1,1,0,5.0,Relatively New,Q69221214,669.0,0,0,0,0,0,0,0,"28.4515° N, 76.9882° E",28.4515,76.9882
289,flat,corona optus,sector 37c,1.44,7236.0,3,3,3+,2.0,Relatively New,E70044104,1789.0,1,0,0,1,1,0,49,"28.4515° N, 76.9882° E",28.4515,76.9882
290,flat,godrej nature plus,sector 33,1.4,15124.0,3,2,3+,20.0,New Property,X70063420,113.0,0,0,0,0,0,0,70,"28.4420° N, 77.0207° E",28.442,77.0207
291,flat,emaar mgf the palm drive,sector 66,3.5,15901.0,3,3,2,4.0,Relatively New,T69837114,2200.0,1,0,0,0,0,0,89,"28.3925° N, 77.0541° E",28.3925,77.0541
292,flat,gls avenue 51,sector 92,0.5,7812.0,3,3,1,12.0,New Property,W70135974,711.0,0,0,0,0,0,1,95,"28.4079° N, 76.9153° E",28.4079,76.9153
293,flat,mapsko casa bella,sector 82,1.25,6377.0,3,4,3+,8.0,Under Construction,W68087548,1774.0,0,0,0,0,0,0,54,"28.3935° N, 76.9600° E",28.3935,76.96
294,flat,m3m skywalk,sector 74,1.47,10954.0,2,2,3,26.0,New Property,R69466992,1281.0,0,0,0,0,0,2,31,"28.4158° N, 77.0118° E",28.4158,77.0118
295,flat,puri emerald bay,sector 104,1.59,10903.0,2,2,2,12.0,Relatively New,Y70087534,1403.0,0,0,0,0,0,0,121,"28.4788° N, 76.9960° E",28.4788,76.996
296,flat,signature global solera,sector 107,0.36,6581.0,2,2,2,8.0,Relatively New,Z69217290,608.0,0,0,0,0,0,0,45,"28.5052° N, 76.9729° E",28.5052,76.9729
297,flat,dlf park place,sector 54,6.75,24963.0,4,4,2,8.0,Moderately Old,W69249968,2076.0,0,0,0,1,0,1,135,"28.4348° N, 77.1089° E",28.4348,77.1089
298,house,independent,sector 43,5.75,23662.0,4,4,2,4.0,Under Construction,J68759164,2430.0,0,0,1,1,0,1,153,"28.4629° N, 77.0772° E",28.4629,77.0772
299,flat,shree vardhman victoria,sector 70,1.65,8461.0,3,4,3,5.0,Relatively New,L69623396,1527.0,0,0,0,1,1,2,49,"28.3968° N, 77.0233° E",28.3968,77.0233
300,flat,umang monsoon breeze,sector 78,0.75,6053.0,2,2,1,5.0,Moderately Old,M69132144,1239.0,0,0,0,0,0,0,0,"28.3733° N, 76.9729° E",28.3733,76.9729
301,flat,sobha city,sector 108,2.9,14478.0,3,4,2,8.0,New Property,J60869654,2003.0,0,0,0,0,0,0,109,"28.5134° N, 76.9830° E",28.5134,76.983
302,flat,ats tourmaline,sector 109,2.1,8123.0,3,4,3+,11.0,Relatively New,A64232832,2100.0,0,0,0,1,0,2,165,"28.5073° N, 77.0089° E",28.5073,77.0089
303,house,independent,sector 47,0.99,17187.0,1,4,3,4.0,Relatively New,I70178342,576.0,0,0,0,0,0,0,13,"28.4276° N, 77.0492° E",28.4276,77.0492
304,flat,guru gram haryana cghs,sector 56,1.38,7225.0,3,3,3,5.0,Moderately Old,N69439758,1910.0,1,0,0,0,0,2,134,"28.4245° N, 77.0991° E",28.4245,77.0991
305,flat,m3m skycity,sector 65,3.5,17039.0,3,3,3,15.0,New Property,Y69073178,2282.0,1,1,0,1,0,2,166,"28.4030° N, 77.0690° E",28.403,77.069
306,flat,ss the leaf,sector 85,1.05,6402.0,2,2,3,6.0,Relatively New,G69665996,1484.0,0,0,0,0,1,0,49,"28.4042° N, 76.9513° E",28.4042,76.9513
307,flat,shapoorji pallonji joyville gurugram,sector 102,2.0,17729.0,3,3,3+,1.0,Relatively New,H69435294,1456.0,0,0,1,0,0,0,139,"28.4750° N, 76.9715° E",28.475,76.9715
308,flat,sare crescent parc royal greens phase 1,sector 92,0.79,6086.0,3,2,2,15.0,New Property,Y69897020,1175.0,0,0,0,0,0,0,25,"28.4079° N, 76.9153° E",28.4079,76.9153
309,flat,the close north,sector 50,2.7,9980.0,3,3,3+,3.0,Moderately Old,G69271930,2357.0,0,0,0,1,0,0,117,"28.4178° N, 77.0628° E",28.4178,77.0628
310,flat,puri diplomatic greens,sector 111,2.65,11963.0,3,4,3+,19.0,Relatively New,L70013148,2005.0,1,1,1,1,0,0,65,"28.5238° N, 77.0320° E",28.5238,77.032
311,house,international city by sobha phase 2,sector 109,6.2,25514.0,5,5,2,2.0,Relatively New,V69923042,2430.0,0,0,0,1,0,0,135,"28.5073° N, 77.0089° E",28.5073,77.0089
312,flat,dlf regency park,sector 28,2.3,11817.0,3,3,3,7.0,Moderately Old,E68554406,1777.0,0,0,0,1,0,0,117,"28.4728° N, 77.0865° E",28.4728,77.0865
313,flat,ss almeria,sector 84,1.48,7400.0,3,3,2,1.0,New Property,R68134834,1624.0,0,0,1,1,0,2,139,"28.3979° N, 76.9736° E",28.3979,76.9736
314,flat,dlf regal gardens,sector 90,1.2,6837.0,3,3,3+,15.0,Relatively New,L68514284,1572.0,0,0,0,0,0,0,118,"28.4085° N, 76.9369° E",28.4085,76.9369
315,flat,antriksh heights,sector 84,0.6,5000.0,2,2,2,14.0,Relatively New,N69974042,1086.0,0,0,0,0,0,0,52,"28.3979° N, 76.9736° E",28.3979,76.9736
316,flat,m3m golfestate,sector 79,1.4,10000.0,2,2,2,4.0,Relatively New,G68314146,1556.0,1,0,1,1,0,1,83,"28.3624° N, 76.9787° E",28.3624,76.9787
317,flat,godrej frontier,sector 80,1.6,7000.0,3,3,3,5.0,Moderately Old,G64763266,2047.0,0,0,0,1,0,0,53,"28.3659° N, 76.9557° E",28.3659,76.9557
318,flat,unitech uniworld gardens,sector 47,1.05,10531.0,2,2,2,3.0,Relatively New,N68074094,1108.0,0,0,0,0,0,2,34,"28.4276° N, 77.0492° E",28.4276,77.0492
319,house,independent,sector 47,5.25,11666.0,9,9,3+,4.0,Relatively New,P70368292,4650.0,0,0,0,1,0,2,142,"28.4276° N, 77.0492° E",28.4276,77.0492
320,flat,godrej oasis,sector 88a,1.3,7258.0,3,3,3+,4.0,Relatively New,U66116612,1990.0,0,0,0,0,0,0,79,"28.4347° N, 76.9557° E",28.4347,76.9557
321,house,independent,sector 38,3.9,21242.0,6,6,3+,3.0,Moderately Old,O68291220,1836.0,1,1,0,1,0,0,32,"28.4347° N, 77.0430° E",28.4347,77.043
322,flat,dlf the ultima,sector 81,2.35,11233.0,3,4,3+,18.0,Relatively New,C68626058,1558.0,0,0,0,1,0,0,106,"28.3867° N, 76.9485° E",28.3867,76.9485
323,flat,la vida by tata housing,sector 113,1.35,13989.0,2,2,3,10.0,New Property,W68450138,1090.0,0,0,0,0,0,0,174,"28.5287° N, 77.0233° E",28.5287,77.0233
324,flat,dlf carlton estate,sector 43,2.0,14214.0,3,3,2,5.0,Moderately Old,C69215766,1273.0,0,0,0,0,0,0,65,"28.4629° N, 77.0772° E",28.4629,77.0772
325,flat,apna enclave,sector 3,0.55,5789.0,2,2,2,2.0,Old Property,L64373292,900.0,0,0,0,0,0,0,66,"28.4909° N, 77.0176° E",28.4909,77.0176
326,flat,dlf express greens,manesar,1.6,6808.0,4,6,3+,4.0,Relatively New,Z69885678,2611.0,1,1,0,1,0,0,49,"28.3515° N, 76.9428° E",28.3515,76.9428
327,flat,tulip violet,sector 69,1.4,8861.0,3,3,2,2.0,Relatively New,J68360894,1428.0,0,1,0,0,0,0,102,"28.3966° N, 77.0341° E",28.3966,77.0341
328,flat,bestech park view city,sector 49,2.9,12169.0,4,4,3+,5.0,Moderately Old,R69272108,2157.0,0,0,0,1,0,0,117,"28.4121° N, 77.0480° E",28.4121,77.048
329,flat,bestech park view residency,sector 2,1.55,8072.0,3,4,3+,4.0,Old Property,O69734446,1738.0,0,0,0,1,0,0,84,"28.5095° N, 77.0320° E",28.5095,77.032
330,house,independent,sector 39,1.7,17980.0,2,2,3+,3.0,Moderately Old,Q61732666,900.0,0,0,1,1,0,0,45,"28.4434° N, 77.0515° E",28.4434,77.0515
331,flat,valley view estate,gwal pahari,0.38,6089.0,1,1,1,11.0,Moderately Old,G56252566,565.0,0,0,0,0,0,0,42,"28.4484° N, 77.0210° E",28.4484,77.021
332,flat,central park 2 bellevue,sector 48,2.75,10754.0,3,4,3+,3.0,Moderately Old,L70068144,2574.0,0,0,0,0,0,0,32,"28.4177° N, 77.0359° E",28.4177,77.0359
333,flat,dlf the primus,sector 82a,1.87,10394.0,3,3,3,31.0,Moderately Old,O68656188,1668.0,0,1,0,0,0,0,38,"28.3858° N, 76.9686° E",28.3858,76.9686
334,flat,conscient elevate,sector 59,4.02,17500.0,3,3,1,3.0,Under Construction,L69635364,2550.0,0,0,0,0,0,0,31,"28.4051° N, 77.1097° E",28.4051,77.1097
335,flat,laxmi apartment sector 99a gurgaon,sector 99a,0.3,4615.0,2,2,1,4.0,New Property,X62112670,600.0,0,0,0,0,0,0,44,"28.4561° N, 76.9542° E",28.4561,76.9542
336,flat,woodstock floors,sector 50,1.05,10627.0,2,2,2,2.0,Moderately Old,W69951672,1098.0,0,0,0,0,0,0,53,"28.4178° N, 77.0628° E",28.4178,77.0628
337,flat,cancon enclave,sector 4,1.05,7777.0,3,2,2,2.0,New Property,L68200594,1500.0,0,0,0,0,0,2,0,"28.4738° N, 77.0107° E",28.4738,77.0107
338,flat,emaar digihomes,sector 62,4.0,14871.0,3,3,3,18.0,New Property,A69582706,2343.0,0,0,0,1,0,2,38,"28.4139° N, 77.0886° E",28.4139,77.0886
339,flat,pivotal devaan,sector 84,0.27,7964.0,1,1,1,13.0,Relatively New,W63179828,387.0,0,0,0,0,0,1,45,"28.3979° N, 76.9736° E",28.3979,76.9736
340,flat,vatika gurgaon,sector 83,1.15,5808.0,3,3,2,3.0,Relatively New,L68896498,1350.0,1,1,1,1,0,2,165,"28.3986° N, 76.9647° E",28.3986,76.9647
341,flat,dlf new town heights,sector 90,1.2,6217.0,3,3,3+,15.0,Relatively New,O69250754,1747.0,0,0,0,0,0,0,37,"28.4085° N, 76.9369° E",28.4085,76.9369
342,flat,chintels paradiso,sector 109,1.97,7490.0,4,4,2,11.0,Relatively New,T57249640,2380.0,0,1,0,1,0,0,49,"28.5073° N, 77.0089° E",28.5073,77.0089
343,house,independent,sector 57,4.7,21759.0,3,3,2,2.0,Old Property,J69745426,2160.0,0,0,0,1,1,0,43,"28.4232° N, 77.0752° E",28.4232,77.0752
344,flat,dlf the ultima,sector 81,2.25,10553.0,3,3,3+,15.0,Relatively New,U68573340,1929.0,0,0,0,1,0,1,165,"28.3867° N, 76.9485° E",28.3867,76.9485
345,flat,tulip white,sector 69,0.91,6862.0,3,2,2,12.0,Moderately Old,Y68089388,1473.0,0,0,0,0,0,0,43,"28.3966° N, 77.0341° E",28.3966,77.0341
346,flat,shri banke bihari society,sector 56,1.35,9642.0,3,3,3+,4.0,Old Property,S69469250,1450.0,0,0,0,0,1,2,174,"28.4245° N, 77.0991° E",28.4245,77.0991
347,flat,la vida by tata housing,sector 113,2.48,14090.0,3,3,3+,8.0,New Property,C69164250,1980.0,0,0,0,1,0,0,79,"28.5287° N, 77.0233° E",28.5287,77.0233
348,flat,alpha corp gurgaonone,sector 84,1.15,7496.0,2,2,3,8.0,Relatively New,T69246122,1361.0,1,0,0,0,0,2,37,"28.3979° N, 76.9736° E",28.3979,76.9736
349,flat,tulip petals,sector 89,1.55,10000.0,3,2,3,6.0,Moderately Old,W59037256,1403.0,0,0,1,0,0,2,111,"28.4253° N, 76.9439° E",28.4253,76.9439
350,flat,experion windchants,sector 112,3.4,12134.0,3,3,2,14.0,Relatively New,C68670422,2225.56,0,0,0,0,0,2,159,"28.5189° N, 77.0183° E",28.5189,77.0183
351,flat,chd avenue,sector 71,1.3,5531.0,4,4,3,5.0,Moderately Old,T69344422,2127.0,0,0,0,1,0,0,126,"28.4104° N, 77.0281° E",28.4104,77.0281
352,flat,the close north,sector 50,2.75,12500.0,3,3,3,3.0,Moderately Old,S68165978,2400.0,0,0,0,1,0,0,110,"28.4178° N, 77.0628° E",28.4178,77.0628
353,house,independent,sector 54,3.51,12342.0,4,4,3,4.0,New Property,P70191488,2844.0,0,0,0,1,0,0,73,"28.4348° N, 77.1089° E",28.4348,77.1089
354,flat,tata primanti,sector 72,4.1,13725.0,3,3,3,8.0,Moderately Old,I65408778,2308.0,0,0,0,1,0,0,38,"28.4225° N, 77.0211° E",28.4225,77.0211
355,flat,tulip violet,sector 69,2.0,10167.0,4,4,1,12.0,Relatively New,J69905540,2186.0,0,0,0,0,0,0,79,"28.3966° N, 77.0341° E",28.3966,77.0341
356,flat,bptp mansions park prime,sector 66,2.7,9768.0,4,4,3,6.0,Relatively New,C69731476,2501.0,0,0,0,1,1,0,13,"28.3925° N, 77.0541° E",28.3925,77.0541
357,flat,dlf royalton tower,sector 43,6.2,20687.0,4,4,3+,9.0,Moderately Old,I69118750,2712.0,0,0,0,1,0,0,7,"28.4629° N, 77.0772° E",28.4629,77.0772
358,flat,shapoorji pallonji joyville gurugram,sector 102,1.8,10638.0,3,3,3,5.0,Relatively New,G70022368,1531.0,0,0,0,0,0,0,49,"28.4750° N, 76.9715° E",28.475,76.9715
359,flat,ats triumph,sector 104,1.8,7860.0,3,4,3,14.0,New Property,K68839960,2544.0,0,0,0,0,0,0,60,"28.4788° N, 76.9960° E",28.4788,76.996
360,flat,navjyoti apartment,sector 38,2.1,11938.0,4,4,3+,10.0,Old Property,E68316796,1954.0,0,0,0,0,0,1,22,"28.4347° N, 77.0430° E",28.4347,77.043
361,flat,hero homes,sector 104,1.35,9565.0,3,2,2,18.0,New Property,V69363310,1094.0,0,0,0,0,0,0,49,"28.4788° N, 76.9960° E",28.4788,76.996
362,flat,piedmont taksila heights,sector 37c,1.05,4792.0,3,3,3,7.0,Relatively New,M38858307,1738.0,0,0,0,0,0,2,81,"28.4515° N, 76.9882° E",28.4515,76.9882
363,house,ansal celebrity homes,sector 2,5.2,10000.0,4,5,2,1.0,Moderately Old,I68521802,5200.0,0,0,0,0,0,0,0,"28.5095° N, 77.0320° E",28.5095,77.032
364,flat,deepak minda,manesar,1.25,4715.0,4,4,3+,6.0,Moderately Old,Y68734970,2946.0,0,0,0,0,0,2,44,"28.3515° N, 76.9428° E",28.3515,76.9428
365,flat,m3m soulitude,sector 89,1.33,16985.0,3,3,3,4.0,Under Construction,J69182772,1423.0,1,0,0,0,0,0,125,"28.4253° N, 76.9439° E",28.4253,76.9439
366,flat,signature global city 37d ph 2,sector 37d,1.36,8846.0,3,3,3,1.0,Under Construction,B69071558,1535.0,0,1,0,0,1,0,37,"28.4478° N, 76.9703° E",28.4478,76.9703
367,flat,sidhartha ncr one phase,sector 95,0.9,4500.0,3,3,1,15.0,Relatively New,E57700542,2000.0,0,0,0,0,0,0,60,"28.4172° N, 76.9081° E",28.4172,76.9081
368,flat,godrej air,sector 85,2.6,12212.0,3,3,3,17.0,Under Construction,H67904032,2129.0,0,0,0,1,0,0,44,"28.4042° N, 76.9513° E",28.4042,76.9513
369,flat,m3m urbana,sector 67,0.95,10895.0,1,1,1,17.0,Relatively New,X66349446,826.0,0,0,0,0,0,0,49,"28.3859° N, 77.0608° E",28.3859,77.0608
370,flat,bestech park view grand spa,sector 81,3.0,9419.0,4,5,2,6.0,Relatively New,Z68376548,2882.0,0,0,0,1,0,2,110,"28.3867° N, 76.9485° E",28.3867,76.9485
371,flat,dlf new town heights,sector 90,1.65,5683.0,4,4,3+,7.0,Moderately Old,D64172396,2468.0,0,0,0,0,0,0,117,"28.4085° N, 76.9369° E",28.4085,76.9369
372,flat,supertech araville,sector 79,0.71,5522.0,2,2,0,9.0,Under Construction,A12882925,1295.0,0,0,0,0,0,0,0,"28.3624° N, 76.9787° E",28.3624,76.9787
373,flat,sare green parc 2,sector 92,0.75,4745.0,3,3,3,2.0,Relatively New,X54532846,1415.0,0,0,0,0,1,2,49,"28.4079° N, 76.9153° E",28.4079,76.9153
374,house,international city by sobha phase 2,sector 109,8.75,24306.0,5,5,3+,3.0,New Property,P69790258,3600.0,1,1,1,1,0,2,153,"28.5073° N, 77.0089° E",28.5073,77.0089
375,flat,m3m skycity,sector 65,1.8,13700.0,2,2,3,13.0,New Property,E69396162,1456.0,0,0,0,0,0,0,73,"28.4030° N, 77.0690° E",28.403,77.069
376,flat,residency grand,sector 52,5.0,9615.0,5,5,3+,2.0,Moderately Old,B69209128,5200.0,0,0,0,0,0,0,0,"28.4379° N, 77.0785° E",28.4379,77.0785
377,house,unitech deerwood chase,sector 50,8.45,26153.0,3,3,2,2.0,Old Property,A61228178,3231.0,1,0,0,1,0,2,102,"28.4178° N, 77.0628° E",28.4178,77.0628
378,flat,ss,sector 85,1.2,7151.0,2,2,3,15.0,Relatively New,Y70085140,1660.0,0,0,0,0,0,0,49,"28.4042° N, 76.9513° E",28.4042,76.9513
379,flat,the close north,sector 50,2.5,11944.0,3,3,3,11.0,Relatively New,E69466294,1894.0,0,1,0,0,0,2,127,"28.4178° N, 77.0628° E",28.4178,77.0628
380,flat,ireo the corridors,sector 67a,1.5,11111.0,2,2,2,10.0,Relatively New,V64354898,1500.0,0,0,1,0,0,2,38,"28.3960° N, 77.0372° E",28.396,77.0372
381,flat,puri emerald bay,sector 104,2.25,10465.0,3,4,3+,4.0,Relatively New,W69138046,2303.0,0,0,0,1,0,2,159,"28.4788° N, 76.9960° E",28.4788,76.996
382,house,international city by sobha phase 2,sector 109,11.3,25111.0,7,5,3+,4.0,Relatively New,P69677020,4500.0,1,1,0,1,1,0,49,"28.5073° N, 77.0089° E",28.5073,77.0089
383,flat,unitech sunbreeze,sector 69,1.0,5476.0,4,3,0,0.0,Relatively New,L68021304,1826.0,0,0,0,0,0,0,0,"28.3966° N, 77.0341° E",28.3966,77.0341
384,flat,pioneer urban presidia,sector 62,6.5,14987.0,4,4,3+,3.0,Moderately Old,L67890434,3925.0,1,0,0,0,0,0,86,"28.4139° N, 77.0886° E",28.4139,77.0886
385,flat,tarc maceo,sector 91,0.89,6339.0,2,2,3+,9.0,Relatively New,G68726244,1302.0,0,0,0,0,1,2,13,"28.4014° N, 76.9225° E",28.4014,76.9225
386,flat,ss the leaf,sector 85,1.99,8659.0,3,4,3+,17.0,Relatively New,N64429282,2398.0,0,0,0,1,0,2,174,"28.4042° N, 76.9513° E",28.4042,76.9513
387,flat,uphar lakshya homes,sector 105,0.42,4200.0,3,2,1,1.0,Relatively New,S57817870,1111.0,0,0,0,0,0,0,7,"28.4952° N, 77.0114° E",28.4952,77.0114
388,house,independent,sector 7,3.0,11494.0,7,7,0,3.0,Old Property,E68021382,2610.0,0,0,0,0,0,0,0,"28.4644° N, 77.0143° E",28.4644,77.0143
389,house,birla navya,sector 63a,3.85,15437.0,3,3,3+,4.0,New Property,E70048784,2771.0,0,0,0,1,0,2,160,"28.3923° N, 77.0888° E",28.3923,77.0888
390,house,independent,sector 28,11.25,34722.0,9,9,3+,2.0,Moderately Old,L68674708,3240.0,0,1,1,1,0,2,126,"28.4728° N, 77.0865° E",28.4728,77.0865
391,flat,m3m the marina,sector 68,1.32,8759.0,2,2,3,15.0,Relatively New,N69834838,1364.0,1,0,0,0,0,0,120,"28.3853° N, 77.0484° E",28.3853,77.0484
392,flat,shree vardhman flora,sector 90,0.65,4814.0,2,2,3,10.0,Moderately Old,Z68452306,1222.0,1,0,0,0,0,2,83,"28.4085° N, 76.9369° E",28.4085,76.9369
393,house,independent,sector 108,1.7,5666.0,4,4,3+,1.0,Relatively New,C69442088,3000.0,0,0,0,0,0,0,0,"28.5134° N, 76.9830° E",28.5134,76.983
394,flat,godrej summit,sector 104,0.98,5950.0,3,3,3,12.0,Relatively New,K50040356,1490.0,0,0,0,0,1,0,79,"28.4788° N, 76.9960° E",28.4788,76.996
395,flat,tulip violet,sector 69,1.75,8706.0,4,4,2,10.0,Relatively New,K66588784,1819.0,0,0,0,0,0,2,109,"28.3966° N, 77.0341° E",28.3966,77.0341
396,house,arjun marg/ sector- 26 phase- 1/ golf course road,sector 26,31.5,35000.0,7,9,3+,3.0,Moderately Old,Z57944624,9000.0,1,1,1,1,0,1,74,"28.4757° N, 77.1032° E",28.4757,77.1032
397,house,independent,sector 23,2.4,12000.0,3,3,2,2.0,Moderately Old,U69824112,2000.0,0,1,1,0,0,0,28,"28.5121° N, 77.0478° E",28.5121,77.0478
398,flat,conscient heritage max,sector 102,2.65,10375.0,4,5,3+,17.0,Moderately Old,U70043824,2311.0,0,0,0,1,0,0,125,"28.4750° N, 76.9715° E",28.475,76.9715
399,house,independent,sector 8,1.6,3186.0,4,6,1,3.0,Relatively New,W69287014,558.0,0,0,0,0,0,0,0,"28.3738° N, 76.8970° E",28.3738,76.897
400,flat,vasant appartments,sector 14,1.7,7391.0,5,5,2,2.0,Old Property,O69762684,2556.0,1,1,1,0,0,1,71,"28.4711° N, 77.0454° E",28.4711,77.0454
401,flat,m3m skywalk,sector 74,1.78,12500.0,2,2,3+,12.0,Relatively New,D68976426,1582.0,0,0,0,0,0,0,63,"28.4158° N, 77.0118° E",28.4158,77.0118
402,flat,signature global city 37d ph 2,sector 37d,1.07,8237.0,3,3,2,2.0,Under Construction,L70057882,1450.0,0,0,0,0,0,0,86,"28.4478° N, 76.9703° E",28.4478,76.9703
403,flat,paras dews,sector 106,1.25,7102.0,3,4,3+,5.0,Relatively New,G69957274,1186.0,0,0,0,1,0,0,165,"28.5007° N, 77.0003° E",28.5007,77.0003
404,flat,emaar mgf the palm drive,sector 66,2.8,14358.0,3,3,2,12.0,New Property,O70099072,1950.0,1,1,0,1,0,1,69,"28.3925° N, 77.0541° E",28.3925,77.0541
405,flat,indiabulls centrum park,sector 103,2.2,7652.0,4,6,3+,4.0,Relatively New,S69128976,2602.0,0,0,0,1,0,2,108,"28.4949° N, 76.9845° E",28.4949,76.9845
406,flat,sare homes,sector 92,0.95,4250.0,4,3,2,16.0,New Property,H36064557,1983.0,0,0,0,0,0,0,95,"28.4079° N, 76.9153° E",28.4079,76.9153
407,flat,ss the coralwood,sector 84,1.05,6774.0,3,3,3,6.0,Relatively New,A69448072,1610.0,0,0,0,0,1,0,129,"28.3979° N, 76.9736° E",28.3979,76.9736
408,house,independent,sector 12,2.9,10740.0,7,7,3,2.0,Old Property,B57324894,2700.0,0,0,0,0,0,0,7,"28.4723° N, 77.0320° E",28.4723,77.032
409,house,international city by sobha phase 2,sector 109,11.25,25000.0,7,5,3+,4.0,Relatively New,G69677146,4500.0,1,1,0,1,0,0,42,"28.5073° N, 77.0089° E",28.5073,77.0089
410,flat,imperia the esfera,sector 37c,0.87,5513.0,2,3,3+,9.0,New Property,N70027732,1428.0,1,0,0,0,0,0,49,"28.4515° N, 76.9882° E",28.4515,76.9882
411,flat,vatika xpressions,sector 88b,1.1,8148.0,2,4,3+,2.0,Under Construction,S50764468,1350.0,1,0,0,0,0,0,58,"28.4446° N, 76.9542° E",28.4446,76.9542
412,flat,umang monsoon breeze,sector 78,0.7,5719.0,2,2,2,5.0,Moderately Old,D67903782,1224.0,0,0,0,0,0,0,0,"28.3733° N, 76.9729° E",28.3733,76.9729
413,flat,imperia the esfera,sector 37c,0.86,4886.0,3,3,2,0.0,New Property,K42207359,1593.0,0,0,0,0,1,0,35,"28.4515° N, 76.9882° E",28.4515,76.9882
414,flat,smart world orchard,sector 61,1.85,14800.0,2,2,2,3.0,New Property,U66734988,1389.0,0,0,0,0,0,0,44,"28.4050° N, 77.0963° E",28.405,77.0963
415,flat,orchid island,sector 51,0.71,7891.0,2,2,1,4.0,Relatively New,N70187568,1007.0,0,0,0,0,0,0,23,"28.4320° N, 77.0686° E",28.432,77.0686
416,flat,imperia the esfera,sector 37c,1.1,5405.0,3,4,3,9.0,Relatively New,W70042548,1899.0,1,0,0,1,0,0,49,"28.4515° N, 76.9882° E",28.4515,76.9882
417,flat,dlf regency park,sector 28,1.35,11739.0,2,2,2,14.0,Old Property,D61075766,1120.0,0,0,1,0,0,0,66,"28.4728° N, 77.0865° E",28.4728,77.0865
418,flat,vatika gurgaon,sector 83,1.08,6224.0,3,3,2,11.0,Relatively New,B69758474,1570.0,0,0,0,0,1,0,19,"28.3986° N, 76.9647° E",28.3986,76.9647
419,flat,sare homes,sector 92,0.8,5252.0,3,3,3,7.0,Relatively New,O69809178,1692.0,1,0,0,0,0,2,80,"28.4079° N, 76.9153° E",28.4079,76.9153
420,flat,bestech park view residency,sector 2,0.95,6713.0,2,2,3,1.0,Moderately Old,E69419498,1281.0,0,0,0,0,0,2,82,"28.5095° N, 77.0320° E",28.5095,77.032
421,flat,ansal heights 86,sector 86,0.87,5367.0,2,2,1,12.0,New Property,E43727243,1231.0,0,0,0,0,1,2,45,"28.3986° N, 76.9384° E",28.3986,76.9384
422,flat,the penthouses at the hibiscus,sector 50,8.0,8888.0,4,3,3,7.0,Moderately Old,I68296122,10000.0,0,0,0,1,0,0,35,"28.4178° N, 77.0628° E",28.4178,77.0628
423,flat,dlf the ultima,sector 81,2.26,10761.0,3,4,3+,17.0,New Property,V69310050,1900.0,0,0,0,1,0,1,174,"28.3867° N, 76.9485° E",28.3867,76.9485
424,flat,m3m golfestate,sector 65,5.9,17484.0,3,3,3,18.0,Relatively New,B69688660,3043.0,1,0,0,1,0,0,76,"28.4030° N, 77.0690° E",28.403,77.069
425,flat,conscient heritage max,sector 102,2.2,10237.0,3,4,3+,20.0,Relatively New,G68497016,1186.0,1,0,0,1,0,2,45,"28.4750° N, 76.9715° E",28.475,76.9715
426,flat,signature global city 63a,sector 63a,2.0,12800.0,3,3,2,1.0,Under Construction,J65037714,1540.0,0,0,0,0,0,0,36,"28.3923° N, 77.0888° E",28.3923,77.0888
427,flat,godrej nature plus,sector 33,1.67,10500.0,3,2,2,18.0,Under Construction,J68762764,1857.0,0,0,0,0,0,0,67,"28.4420° N, 77.0207° E",28.442,77.0207
428,flat,suncity platinum towers,sector 28,6.0,22346.0,3,3,2,8.0,Moderately Old,D68297598,2983.0,0,0,0,1,0,0,31,"28.4728° N, 77.0865° E",28.4728,77.0865
429,flat,godrej nature plus,sector 33,1.9,9849.0,3,3,3+,14.0,New Property,I68602138,2143.0,0,0,0,1,0,0,96,"28.4420° N, 77.0207° E",28.442,77.0207
430,flat,housing board colony,sector 51,0.3,4630.0,1,1,0,0.0,Moderately Old,Y69902620,80.0,1,0,0,0,0,0,15,"28.4320° N, 77.0686° E",28.432,77.0686
431,flat,godrej,sector 79,2.5,11141.0,3,3,3+,5.0,Relatively New,C69816496,2244.0,0,0,0,0,0,0,0,"28.3624° N, 76.9787° E",28.3624,76.9787
432,house,dlf the arbour,sector 63,8.5,21519.0,4,4,3+,27.0,New Property,I69614902,3950.0,0,0,0,0,0,0,61,"28.3971° N, 77.0867° E",28.3971,77.0867
433,flat,signature andour heights,sector 71,0.37,7400.0,1,1,2,2.0,Relatively New,C57176160,425.0,0,0,0,0,0,2,37,"28.4104° N, 77.0281° E",28.4104,77.0281
434,house,independent,sector 50,7.0,32407.0,3,2,0,1.0,Moderately Old,K65241020,2160.0,0,0,0,0,0,0,0,"28.4178° N, 77.0628° E",28.4178,77.0628
435,flat,tata primanti,sector 72,3.85,13253.0,4,5,3+,13.0,Relatively New,J69327618,2629.0,0,0,0,1,0,2,174,"28.4225° N, 77.0211° E",28.4225,77.0211
436,flat,ss the leaf,sector 85,1.12,6453.0,2,2,3,10.0,Relatively New,J69584972,1485.0,0,0,0,0,1,0,49,"28.4042° N, 76.9513° E",28.4042,76.9513
437,flat,dlf the primus,sector 82a,2.85,10936.0,4,4,3+,2.0,New Property,W69688170,2179.0,0,0,0,1,0,1,174,"28.3858° N, 76.9686° E",28.3858,76.9686
438,flat,bestech park view grand spa,sector 81,3.3,12222.0,4,5,3+,4.0,Relatively New,T69939324,3070.0,1,0,0,1,0,2,174,"28.3867° N, 76.9485° E",28.3867,76.9485
439,flat,godrej air,sector 85,1.3,14541.0,2,2,3,30.0,Under Construction,P58422396,1130.0,0,0,0,0,0,0,111,"28.4042° N, 76.9513° E",28.4042,76.9513
440,flat,dlf regal gardens,sector 90,1.7,7223.0,4,4,3+,15.0,Moderately Old,S68627244,2005.0,0,0,0,1,0,0,38,"28.4085° N, 76.9369° E",28.4085,76.9369
441,house,independent,sector 105,0.35,7778.0,2,2,1,2.0,Moderately Old,T70014540,556.0,0,0,0,0,0,0,0,"28.4952° N, 77.0114° E",28.4952,77.0114
442,flat,ireo the corridors,sector 67a,1.4,9433.0,2,2,2,8.0,Relatively New,X69328048,1149.0,1,0,0,0,1,0,90,"28.3960° N, 77.0372° E",28.396,77.0372
443,house,independent,sector 43,8.49,31444.0,3,3,2,4.0,Relatively New,H69942904,2700.0,0,1,0,1,0,2,21,"28.4629° N, 77.0772° E",28.4629,77.0772
444,house,vipul tatvam villa,sector 48,5.75,22184.0,4,4,2,2.0,Moderately Old,J70401724,2592.0,0,0,0,1,0,0,30,"28.4177° N, 77.0359° E",28.4177,77.0359
445,flat,dlf carlton estate,sector 43,2.1,15418.0,3,3,1,2.0,Old Property,U69452032,1233.0,0,0,1,0,0,2,88,"28.4629° N, 77.0772° E",28.4629,77.0772
446,house,independent,sector 5,3.75,11029.0,5,5,3+,3.0,Old Property,G69891392,3400.0,0,0,0,0,0,0,0,"28.4794° N, 77.0176° E",28.4794,77.0176
447,house,unitech south city,sector 50,5.88,27222.0,3,9,3+,3.0,Relatively New,E69160774,2160.0,1,1,0,1,1,1,128,"28.4178° N, 77.0628° E",28.4178,77.0628
448,house,vipul tatvam villa,sector 48,8.5,26235.0,4,4,2,2.0,Moderately Old,Q69361158,3240.0,0,1,1,1,0,0,88,"28.4177° N, 77.0359° E",28.4177,77.0359
449,flat,sobha city,sector 108,3.25,15685.0,3,3,3,12.0,Relatively New,Y69513598,2072.0,0,0,0,0,0,0,99,"28.5134° N, 76.9830° E",28.5134,76.983
450,flat,suposhaa smartworld orchard,sector 61,2.17,14000.0,3,3,3,1.0,Under Construction,L66973076,1721.0,0,0,0,0,0,0,0,"28.4050° N, 77.0963° E",28.405,77.0963
451,flat,smart world gems,sector 89,1.2,8432.0,3,3,2,2.0,New Property,B68678244,1581.0,0,0,0,0,0,0,44,"28.4253° N, 76.9439° E",28.4253,76.9439
452,flat,puri emerald bay,sector 104,2.55,10408.0,4,4,3+,5.0,Relatively New,O69883296,2303.0,0,0,0,1,0,0,49,"28.4788° N, 76.9960° E",28.4788,76.996
453,flat,shree vardhman flora,sector 90,0.7,5177.0,2,3,2,7.0,Relatively New,O69730312,1502.0,1,0,0,0,0,2,49,"28.4085° N, 76.9369° E",28.4085,76.9369
454,house,independent,sector 9,1.65,18333.0,2,3,0,3.0,Old Property,N67903908,900.0,0,0,0,0,0,0,0,"28.4603° N, 77.0000° E",28.4603,77.0
455,house,not applicable,sector 4,0.75,11718.0,2,4,3,2.0,Moderately Old,X68620884,640.0,0,0,0,0,0,0,0,"28.4738° N, 77.0107° E",28.4738,77.0107
456,house,independent,sector 26,4.45,35178.0,4,4,3,3.0,Old Property,V68974560,1265.0,0,0,0,0,0,0,25,"28.4757° N, 77.1032° E",28.4757,77.1032
457,flat,vatika city,sector 49,2.1,10418.0,3,3,3,9.0,Moderately Old,O69417374,1604.25,0,1,0,0,0,2,132,"28.4121° N, 77.0480° E",28.4121,77.048
458,house,independent,sector 4,0.7,6648.0,3,3,0,1.0,Moderately Old,M68021784,117.0,0,0,0,0,0,0,0,"28.4738° N, 77.0107° E",28.4738,77.0107
459,flat,ardee city,sector 52,1.5,9146.0,4,4,3,3.0,Old Property,F68562282,1484.0,0,0,0,0,0,0,65,"28.4379° N, 77.0785° E",28.4379,77.0785
460,flat,vatika sovereign next sector-82 a gurgaon,sector 82a,2.91,6700.0,4,4,3,6.0,Under Construction,D54355506,3902.0,1,0,1,1,0,2,79,"28.3858° N, 76.9686° E",28.3858,76.9686
461,flat,raheja atharva,sector 109,0.79,7931.0,3,2,2,3.0,Relatively New,P70079978,1213.0,0,0,0,0,0,2,44,"28.5073° N, 77.0089° E",28.5073,77.0089
462,flat,pareena coban residences,sector 99a,1.6,8000.0,3,3,3,6.0,Under Construction,K68565760,1810.0,0,0,0,0,0,0,0,"28.4561° N, 76.9542° E",28.4561,76.9542
463,flat,emaar mgf emerald floors premier,sector 65,2.0,12121.0,3,3,3,1.0,Relatively New,R70171066,1833.0,0,0,0,1,0,2,124,"28.4030° N, 77.0690° E",28.403,77.069
464,flat,sare crescent parc,sector 92,0.5,5000.0,2,2,2,2.0,Relatively New,E25612167,905.0,0,0,0,0,1,0,72,"28.4079° N, 76.9153° E",28.4079,76.9153
465,flat,vatika gurgaon,sector 83,0.85,8947.0,2,2,2,18.0,Moderately Old,M62910168,1100.0,0,1,0,0,0,2,119,"28.3986° N, 76.9647° E",28.3986,76.9647
466,flat,sare green parc,sector 92,0.85,6538.0,3,2,2,20.0,Relatively New,Y68788154,1300.0,0,0,0,0,0,0,0,"28.4079° N, 76.9153° E",28.4079,76.9153
467,house,shree krishna homes,sector 104,0.48,5556.0,2,2,1,1.0,New Property,T48235335,795.0,1,1,0,0,1,0,44,"28.4788° N, 76.9960° E",28.4788,76.996
468,flat,signature global grand iva,sector 103,0.3,8290.0,1,2,2,5.0,New Property,U69157442,402.0,0,0,0,0,0,0,37,"28.4949° N, 76.9845° E",28.4949,76.9845
469,flat,smart world orchard,sector 61,2.6,14723.0,3,3,2,2.0,New Property,W69704350,1766.0,0,0,0,0,0,0,47,"28.4050° N, 77.0963° E",28.405,77.0963
470,flat,central park 2 bellevue,sector 48,5.0,11627.0,3,4,3,14.0,Moderately Old,I70070186,4778.0,0,0,0,0,0,0,82,"28.4177° N, 77.0359° E",28.4177,77.0359
471,flat,vatika gurgaon,sector 83,1.33,5564.0,4,4,3,3.0,Relatively New,M69186654,2193.0,0,0,0,1,0,0,26,"28.3986° N, 76.9647° E",28.3986,76.9647
472,flat,the rama apartment cghs,sector 43,2.5,10204.0,4,4,3+,4.0,Moderately Old,C70142038,2722.0,0,0,0,1,0,0,26,"28.4629° N, 77.0772° E",28.4629,77.0772
473,flat,dlf the ultima,sector 81,2.29,10928.0,3,4,3+,15.0,Relatively New,W45378897,1900.0,0,0,0,1,0,1,103,"28.3867° N, 76.9485° E",28.3867,76.9485
474,flat,m3m heights,sector 65,1.95,16000.0,2,2,3,16.0,Under Construction,Z66627902,1141.0,0,0,0,0,0,0,44,"28.4030° N, 77.0690° E",28.403,77.069
475,flat,godrej nature plus,sector 33,1.5,10200.0,2,2,3+,2.0,Under Construction,H69493786,1539.0,0,0,0,0,0,0,87,"28.4420° N, 77.0207° E",28.442,77.0207
476,flat,emaar mgf emerald estate,sector 65,1.73,12401.0,3,3,3,9.0,Relatively New,I66869396,1262.0,0,0,0,1,0,1,159,"28.4030° N, 77.0690° E",28.403,77.069
477,flat,godrej summit,sector 104,1.16,6387.0,3,4,3+,8.0,Relatively New,Z69640476,2018.0,0,0,0,1,0,2,96,"28.4788° N, 76.9960° E",28.4788,76.996
478,flat,park royal apartment,sector 56,1.85,9024.0,3,4,3,7.0,Old Property,K68236506,2278.0,0,0,0,1,0,0,72,"28.4245° N, 77.0991° E",28.4245,77.0991
479,flat,emaar mgf emerald floors premier,sector 65,2.9,14683.0,4,4,0,0.0,Relatively New,V57733226,2194.0,0,0,1,0,0,0,50,"28.4030° N, 77.0690° E",28.403,77.069
480,flat,tulip violet,sector 69,1.36,8841.0,3,3,1,12.0,Relatively New,R69429988,1392.0,0,1,0,0,0,0,86,"28.3966° N, 77.0341° E",28.3966,77.0341
481,flat,umang monsoon breeze,sector 78,1.2,6493.0,3,3,2,8.0,Moderately Old,R61360534,2045.0,0,1,0,0,0,1,8,"28.3733° N, 76.9729° E",28.3733,76.9729
482,flat,dlf the skycourt,sector 86,1.5,7894.0,3,3,1,16.0,Relatively New,F69422122,1719.0,0,0,0,0,1,0,49,"28.3986° N, 76.9384° E",28.3986,76.9384
483,flat,adarsh nagar,sector 12,0.65,6190.0,3,3,1,1.0,New Property,B69123404,1167.0,0,0,0,0,0,2,42,"28.4723° N, 77.0320° E",28.4723,77.032
484,flat,emaar mgf the palm drive,sector 66,3.0,14285.0,4,5,3+,10.0,Relatively New,C69202832,2100.0,0,0,0,1,0,2,49,"28.3925° N, 77.0541° E",28.3925,77.0541
485,flat,experion the heartsong,sector 108,0.98,13343.0,2,3,3,4.0,Relatively New,P69721330,978.23,1,0,0,0,0,0,135,"28.5134° N, 76.9830° E",28.5134,76.983
486,flat,emaar mgf emerald floors premier,sector 65,2.8,16969.0,3,3,2,3.0,Relatively New,A69640796,1650.0,0,0,0,1,0,0,105,"28.4030° N, 77.0690° E",28.403,77.069
487,house,independent,sector 50,6.5,21667.0,5,6,0,1.0,Moderately Old,K69791846,3000.0,0,0,0,0,0,0,0,"28.4178° N, 77.0628° E",28.4178,77.0628
488,flat,orchid petals,sector 49,2.38,11497.0,3,4,3,1.0,Relatively New,B70125672,2061.0,1,0,0,0,0,0,49,"28.4121° N, 77.0480° E",28.4121,77.048
489,house,independent,sector 54,3.75,26042.0,4,4,3,3.0,Moderately Old,B59842588,1440.0,0,0,0,1,0,2,13,"28.4348° N, 77.1089° E",28.4348,77.1089
490,flat,adani m2k oyster grande,sector 102,1.95,7561.0,3,4,3,9.0,Relatively New,N62010674,2334.0,1,0,0,1,0,2,83,"28.4750° N, 76.9715° E",28.475,76.9715
491,flat,the castle society,sector 56,2.0,8695.0,4,4,2,4.0,Under Construction,P69474058,2081.0,0,0,0,0,0,0,0,"28.4245° N, 77.0991° E",28.4245,77.0991
492,flat,ss the leaf,sector 85,2.0,6578.0,4,5,3+,1.0,Relatively New,H66846670,2545.0,0,0,1,1,0,0,106,"28.4042° N, 76.9513° E",28.4042,76.9513
493,flat,shapoorji pallonji joyville gurugram,sector 102,1.77,9195.0,3,3,3,1.0,Relatively New,I68619928,1653.0,0,0,0,0,0,0,151,"28.4750° N, 76.9715° E",28.475,76.9715
494,house,independent,sector 11,0.44,4251.0,3,2,1,1.0,Relatively New,L67904356,128.0,0,1,0,0,1,0,46,"28.4531° N, 77.0202° E",28.4531,77.0202
495,flat,emaar mgf emerald floors premier,sector 65,3.5,17721.0,4,4,3,4.0,Relatively New,J69641084,1975.0,0,0,0,1,0,0,114,"28.4030° N, 77.0690° E",28.403,77.069
496,house,palam vihar extension west zone rwa,sector 2,0.4,4444.0,3,4,2,2.0,Moderately Old,V56308494,900.0,0,0,0,0,0,0,36,"28.5095° N, 77.0320° E",28.5095,77.032
497,flat,cghs rail vihar,sector 15,1.4,10769.0,4,3,3,3.0,Old Property,I70063068,1444.0,0,0,0,0,0,2,81,"28.4621° N, 77.0464° E",28.4621,77.0464
498,flat,dlf new town heights,sector 90,2.0,7334.0,4,4,3+,20.0,Moderately Old,C69867110,2468.0,0,0,0,1,1,0,49,"28.4085° N, 76.9369° E",28.4085,76.9369
499,flat,sbtl caladium,sector 109,1.7,6679.0,3,3,3+,9.0,Relatively New,Z69502130,2303.0,0,0,0,1,0,0,159,"28.5073° N, 77.0089° E",28.5073,77.0089
500,flat,m3m heights,sector 65,2.25,13608.0,2,2,3,5.0,Under Construction,D69929148,1592.0,0,0,0,0,0,0,48,"28.4030° N, 77.0690° E",28.403,77.069
501,flat,imperia the esfera,sector 37c,0.85,5386.0,2,3,3,9.0,Relatively New,R70039414,1442.0,1,0,0,0,0,0,49,"28.4515° N, 76.9882° E",28.4515,76.9882
502,flat,ss the leaf,sector 85,1.25,7179.0,2,2,2,16.0,Relatively New,L69730618,1934.0,0,0,0,0,0,2,49,"28.4042° N, 76.9513° E",28.4042,76.9513
503,flat,birla navya,sector 63a,2.2,17488.0,2,3,3+,4.0,Under Construction,B63440028,997.0,0,0,0,0,0,0,60,"28.3923° N, 77.0888° E",28.3923,77.0888
504,flat,godrej aria,sector 79,0.95,6551.0,2,2,3,5.0,Relatively New,Q69380914,1611.0,0,0,0,0,0,2,174,"28.3624° N, 76.9787° E",28.3624,76.9787
505,flat,supertech araville,sector 79,0.95,6209.0,2,2,3,7.0,New Property,U68944572,1385.0,1,0,0,0,0,0,49,"28.3624° N, 76.9787° E",28.3624,76.9787
506,flat,ireo the grand arch,sector 58,3.8,17560.0,3,4,1,19.0,Moderately Old,M69551934,2164.0,0,0,0,1,0,2,167,"28.4200° N, 77.1105° E",28.42,77.1105
507,flat,ild greens,sector 37c,0.9,5614.0,3,3,3,0.0,Under Construction,B48946845,1500.0,0,0,0,0,0,0,66,"28.4515° N, 76.9882° E",28.4515,76.9882
508,flat,lotus elise,sector 99,0.95,6551.0,2,3,3,7.0,Relatively New,K66567172,1611.0,0,0,0,1,0,0,0,"28.4640° N, 76.9614° E",28.464,76.9614
509,flat,tulip violet,sector 69,1.7,8457.0,4,4,2,1.0,Relatively New,U68277426,1819.0,0,0,0,0,0,0,126,"28.3966° N, 77.0341° E",28.3966,77.0341
510,flat,m3m woodshire,sector 107,1.45,6141.0,3,4,3+,7.0,Relatively New,H57213190,1900.0,0,0,0,1,0,0,67,"28.5052° N, 76.9729° E",28.5052,76.9729
511,flat,tarc maceo,sector 91,1.5,6465.0,3,4,3+,3.0,Relatively New,Q69871530,1786.0,1,0,0,1,0,0,112,"28.4014° N, 76.9225° E",28.4014,76.9225
512,house,dlf city plots phase 2,sector 25,4.25,31481.0,3,2,3,2.0,Old Property,B70281212,1350.0,1,0,0,0,0,0,35,"28.4844° N, 77.0860° E",28.4844,77.086
513,house,independent,sector 23,1.2,6230.0,3,2,2,3.0,New Property,A68198356,1500.0,0,0,0,0,0,2,79,"28.5121° N, 77.0478° E",28.5121,77.0478
514,flat,indiabulls enigma,sector 110,4.1,10567.0,5,5,2,10.0,Relatively New,O69551328,3500.0,0,0,0,1,0,0,159,"28.5145° N, 77.0197° E",28.5145,77.0197
515,flat,tulip violet,sector 69,1.4,8928.0,3,3,1,12.0,Relatively New,B69429802,1376.0,0,1,0,0,0,0,174,"28.3966° N, 77.0341° E",28.3966,77.0341
516,flat,vatika city,sector 49,1.98,9074.0,3,4,3,9.0,Moderately Old,K69946762,1750.75,0,0,0,1,0,2,101,"28.4121° N, 77.0480° E",28.4121,77.048
517,flat,shree vardhman flora,sector 90,1.27,4951.0,4,5,2,9.0,New Property,J68510698,2248.0,1,0,0,1,0,0,83,"28.4085° N, 76.9369° E",28.4085,76.9369
518,flat,bptp terra,sector 37d,1.72,7850.0,3,3,3+,10.0,Relatively New,C69177914,1983.0,0,0,0,1,0,0,31,"28.4478° N, 76.9703° E",28.4478,76.9703
519,house,independent,sector 26,15.0,33201.0,5,6,3+,3.0,Moderately Old,Z69504416,4518.0,1,1,1,1,0,2,78,"28.4757° N, 77.1032° E",28.4757,77.1032
520,flat,puri emerald bay,sector 104,2.49,10163.0,3,3,3+,14.0,Relatively New,W41060895,2217.0,0,0,0,1,0,2,129,"28.4788° N, 76.9960° E",28.4788,76.996
521,flat,the center court,sector 88a,2.1,12173.0,4,4,3,0.0,New Property,C66212648,1745.0,1,0,0,1,0,0,142,"28.4347° N, 76.9557° E",28.4347,76.9557
522,flat,experion the heartsong,sector 108,2.28,8204.0,4,5,3+,8.0,Relatively New,G69550184,2515.0,0,0,0,0,0,0,101,"28.5134° N, 76.9830° E",28.5134,76.983
523,flat,afnhb jalvayu vihar,sector 30,1.3,10000.0,3,3,2,2.0,Old Property,P69208508,1401.0,0,0,0,0,0,0,19,"28.4604° N, 77.0579° E",28.4604,77.0579
524,flat,bsf chs,gwal pahari,0.95,5937.0,3,3,3,13.0,Old Property,U69738586,1778.0,0,0,0,0,0,0,37,"28.4484° N, 77.0210° E",28.4484,77.021
525,flat,adani m2k oyster grande,sector 102,1.8,9528.0,3,4,3,17.0,Relatively New,K69846430,1710.0,0,0,0,1,0,0,49,"28.4750° N, 76.9715° E",28.475,76.9715
526,flat,la vida by tata housing,sector 113,1.45,11363.0,2,2,2,6.0,Relatively New,F60843478,1080.0,0,0,0,0,0,0,80,"28.5287° N, 77.0233° E",28.5287,77.0233
527,flat,chd avenue,sector 71,0.98,6049.0,3,3,3,0.0,Moderately Old,A69435332,1466.0,1,0,0,0,0,0,65,"28.4104° N, 77.0281° E",28.4104,77.0281
528,flat,shapoorji pallonji joyville gurugram,sector 102,1.26,10041.0,2,2,2,10.0,Relatively New,F69557866,1100.0,0,0,0,0,0,0,108,"28.4750° N, 76.9715° E",28.475,76.9715
529,house,unitech aspen greens,sector 50,6.8,31481.0,4,5,3,3.0,Old Property,O66211132,2160.0,1,0,0,1,0,2,111,"28.4178° N, 77.0628° E",28.4178,77.0628
530,flat,kiran residency,sector 56,1.55,7750.0,3,3,3,5.0,Old Property,N69428510,1810.0,0,0,0,1,0,2,52,"28.4245° N, 77.0991° E",28.4245,77.0991
531,house,independent,sector 38,3.5,24306.0,3,3,2,1.0,Relatively New,D69615290,1440.0,0,0,0,0,0,0,0,"28.4347° N, 77.0430° E",28.4347,77.043
532,flat,emaar gurgaon greens,sector 102,1.5,9090.0,3,3,3,7.0,Relatively New,B69411182,1315.0,0,1,0,0,0,2,174,"28.4750° N, 76.9715° E",28.475,76.9715
533,flat,mapsko royale ville,sector 82,1.12,6256.0,3,3,2,12.0,Relatively New,L69683142,1588.0,0,1,0,0,0,0,49,"28.3935° N, 76.9600° E",28.3935,76.96
534,flat,raheja vedaanta,sector 108,0.8,4080.0,3,3,3,9.0,Relatively New,K67112032,1663.0,0,1,0,0,0,0,174,"28.5134° N, 76.9830° E",28.5134,76.983
535,flat,puri the aravallis,sector 61,3.87,17200.0,3,4,3+,21.0,Under Construction,N68643454,2250.0,0,0,0,1,0,0,58,"28.4050° N, 77.0963° E",28.405,77.0963
536,flat,orris aster court premier,sector 85,1.49,5820.0,4,5,3+,10.0,Relatively New,G69158602,2017.0,0,0,0,1,0,2,84,"28.4042° N, 76.9513° E",28.4042,76.9513
537,house,independent,sector 7,1.55,13889.0,2,2,2,1.0,Moderately Old,E69235294,1080.0,0,0,0,0,0,2,52,"28.4644° N, 77.0143° E",28.4644,77.0143
538,flat,m3m heights,sector 65,1.9,13991.0,2,2,2,40.0,Relatively New,S68976422,1358.0,0,0,0,0,0,0,48,"28.4030° N, 77.0690° E",28.403,77.069
539,flat,sare green parc phase 3,sector 92,0.95,4856.0,4,3,3,4.0,Moderately Old,G69127412,1770.0,0,0,0,0,0,0,67,"28.4079° N, 76.9153° E",28.4079,76.9153
540,flat,godrej nature plus serenity,sector 33,1.39,11583.0,3,2,3+,23.0,Under Construction,H63988848,1333.0,0,0,0,0,0,0,105,"28.4420° N, 77.0207° E",28.442,77.0207
541,flat,bestech park view sanskruti,sector 92,1.68,11052.0,3,4,3+,15.0,Relatively New,D69680930,1804.0,0,0,0,1,0,2,174,"28.4079° N, 76.9153° E",28.4079,76.9153
542,flat,corona optus,sector 37c,1.44,7250.0,3,3,3+,8.0,New Property,P69609574,2211.0,0,0,0,1,0,0,37,"28.4515° N, 76.9882° E",28.4515,76.9882
543,flat,samadhan shri kamal cghs,sector 1,2.01,11426.0,4,4,3+,10.0,Moderately Old,Y68984882,1956.0,0,0,0,0,0,1,0,"28.3663° N, 76.9456° E",28.3663,76.9456
544,flat,kendriya vihar,sector 56,0.65,8609.0,1,1,1,0.0,Moderately Old,N58886350,839.0,0,0,0,0,0,0,143,"28.4245° N, 77.0991° E",28.4245,77.0991
545,flat,landmark the residency,sector 103,0.9,6666.0,2,2,2,1.0,Relatively New,B58881018,1222.0,0,0,0,0,0,0,44,"28.4949° N, 76.9845° E",28.4949,76.9845
546,flat,park royal apartment,sector 56,1.71,7600.0,3,3,3+,5.0,Moderately Old,R68680194,2251.0,0,0,0,1,0,2,118,"28.4245° N, 77.0991° E",28.4245,77.0991
547,flat,m3m the marina,sector 68,1.45,9615.0,3,2,3+,9.0,New Property,C70135720,1365.0,0,0,0,0,0,0,0,"28.3853° N, 77.0484° E",28.3853,77.0484
548,flat,sare crescent parc,sector 92,0.87,4971.0,4,4,2,2.0,Moderately Old,P69781162,1584.0,0,0,1,0,0,1,115,"28.4079° N, 76.9153° E",28.4079,76.9153
549,flat,tulip ivory,sector 70,2.1,8750.0,4,5,3+,5.0,Moderately Old,C68469774,2114.0,0,0,0,1,0,2,120,"28.3968° N, 77.0233° E",28.3968,77.0233
550,flat,central park flower valley cerise floors,sector 33,1.3,10743.0,2,2,2,3.0,New Property,U68925974,1095.0,1,0,0,0,0,0,22,"28.4420° N, 77.0207° E",28.442,77.0207
551,flat,shree vardhman victoria,sector 70,1.62,13953.0,3,3,3,9.0,Relatively New,P66281908,1527.0,0,0,0,1,0,0,96,"28.3968° N, 77.0233° E",28.3968,77.0233
552,flat,umang winter hills,sector 77,1.05,5762.0,3,3,3,7.0,Relatively New,P69884738,1600.0,0,0,0,0,0,0,49,"28.3801° N, 76.9845° E",28.3801,76.9845
553,flat,experion the heartsong,sector 108,2.08,9904.0,4,4,3+,3.0,Relatively New,H68321948,2631.0,0,0,0,1,0,0,126,"28.5134° N, 76.9830° E",28.5134,76.983
554,flat,birla navya,sector 63a,3.15,14632.0,3,3,3,4.0,Under Construction,I70066258,2153.0,0,0,0,0,1,0,44,"28.3923° N, 77.0888° E",28.3923,77.0888
555,flat,mapsko casa bella,sector 82,1.3,6378.0,4,4,3+,1.0,Relatively New,E62464936,1774.0,0,0,0,1,0,0,130,"28.3935° N, 76.9600° E",28.3935,76.96
556,flat,sare homes,sector 92,0.65,4587.0,3,3,2,3.0,Relatively New,N69919756,1574.0,0,0,0,0,0,0,6,"28.4079° N, 76.9153° E",28.4079,76.9153
557,flat,antriksh heights,sector 84,1.05,5011.0,4,4,3+,3.0,New Property,M69826440,1896.0,1,0,0,0,0,0,66,"28.3979° N, 76.9736° E",28.3979,76.9736
558,flat,ss,sector 85,1.18,7170.0,2,2,3,4.0,Relatively New,W70085788,1630.0,0,0,0,0,0,0,49,"28.4042° N, 76.9513° E",28.4042,76.9513
559,house,independent,sector 26,23.0,25556.0,4,4,3+,2.0,Relatively New,V69736746,9000.0,1,1,1,1,0,2,145,"28.4757° N, 77.1032° E",28.4757,77.1032
560,flat,pyramid urban,sector 67a,0.55,10516.0,2,2,2,3.0,Relatively New,W69801626,581.0,0,0,0,0,0,0,73,"28.3960° N, 77.0372° E",28.396,77.0372
561,flat,tulip violet,sector 69,2.0,9583.0,4,4,2,0.0,Relatively New,A69721704,1889.0,0,0,0,0,0,0,157,"28.3966° N, 77.0341° E",28.3966,77.0341
562,flat,imperia the esfera,sector 37c,0.87,5513.0,2,3,3+,5.0,Relatively New,R69869566,1300.0,1,0,0,0,0,0,109,"28.4515° N, 76.9882° E",28.4515,76.9882
563,flat,m3m woodshire,sector 107,0.8,5856.0,2,2,3+,7.0,Relatively New,N69548734,1236.0,0,0,0,0,0,2,165,"28.5052° N, 76.9729° E",28.5052,76.9729
564,flat,experion windchants,sector 112,5.31,11204.0,4,6,3+,15.0,Relatively New,A69596806,3573.33,0,1,0,1,0,0,72,"28.5189° N, 77.0183° E",28.5189,77.0183
565,flat,emaar palm gardens,sector 83,1.8,9473.0,3,3,3+,9.0,Relatively New,H69760652,1719.0,0,0,0,0,0,0,55,"28.3986° N, 76.9647° E",28.3986,76.9647
566,flat,suncity vatsal valley,gwal pahari,1.38,9650.0,3,3,2,1.0,Relatively New,R70102640,1294.0,0,0,0,0,0,2,151,"28.4484° N, 77.0210° E",28.4484,77.021
567,flat,godrej aria,sector 79,1.69,8522.0,3,3,2,7.0,Relatively New,O69438032,1795.0,0,0,0,0,0,0,112,"28.3624° N, 76.9787° E",28.3624,76.9787
568,flat,paras dews,sector 106,1.4,6000.0,3,4,3+,12.0,Under Construction,L32711003,1593.0,1,0,0,1,1,0,55,"28.5007° N, 77.0003° E",28.5007,77.0003
569,flat,emaar mgf palm studios,sector 66,1.7,13502.0,2,2,2,7.0,Relatively New,P63608586,1072.0,0,0,0,0,1,0,99,"28.3925° N, 77.0541° E",28.3925,77.0541
570,flat,tulip ivory,sector 70,2.0,8333.0,4,5,3+,6.0,Moderately Old,Q68469582,2114.0,0,0,0,1,0,2,95,"28.3968° N, 77.0233° E",28.3968,77.0233
571,flat,hsiidc sidco shivalik apartments,manesar,0.85,5102.0,3,2,2,5.0,Moderately Old,O69737314,1508.0,0,0,0,0,0,0,0,"28.3515° N, 76.9428° E",28.3515,76.9428
572,flat,pareena coban residences,sector 99a,1.02,8793.0,2,2,3,3.0,Relatively New,T69088126,1430.0,1,0,0,0,0,0,174,"28.4561° N, 76.9542° E",28.4561,76.9542
573,flat,bestech park view city,sector 49,2.7,12505.0,3,4,3+,6.0,Moderately Old,L68665896,2159.0,0,0,0,0,0,0,0,"28.4121° N, 77.0480° E",28.4121,77.048
574,flat,vipul lavanya,sector 81,0.65,5265.0,2,2,2,14.0,Moderately Old,B70187326,985.0,0,0,0,0,0,0,96,"28.3867° N, 76.9485° E",28.3867,76.9485
575,house,independent,sector 2,4.95,20370.0,6,5,3+,3.0,Relatively New,K58587490,2430.0,0,0,0,1,0,0,91,"28.5095° N, 77.0320° E",28.5095,77.032
576,flat,dlf new town heights,sector 91,1.75,7402.0,4,4,3+,9.0,Relatively New,U42579919,2139.0,0,1,0,1,0,0,88,"28.4014° N, 76.9225° E",28.4014,76.9225
577,flat,la vida by tata housing,sector 113,1.65,10449.0,3,2,2,3.0,Relatively New,B69730452,1420.0,0,0,0,0,0,0,49,"28.5287° N, 77.0233° E",28.5287,77.0233
578,house,unitech uniworld resorts,sector 33,11.5,24573.0,5,6,3+,4.0,Relatively New,T68843520,4680.0,0,0,0,1,0,0,84,"28.4420° N, 77.0207° E",28.442,77.0207
579,house,independent,sector 4,0.6,11696.0,3,3,1,2.0,Old Property,X58952548,57.0,0,0,0,0,1,0,0,"28.4738° N, 77.0107° E",28.4738,77.0107
580,flat,swarn jayanti cghs,sector 54,1.75,7608.0,4,3,3+,3.0,Old Property,W69323708,1900.0,0,0,0,0,1,2,26,"28.4348° N, 77.1089° E",28.4348,77.1089
581,flat,emaar gurgaon greens,sector 102,1.52,9212.0,3,3,3,7.0,Relatively New,V69307878,1315.0,0,0,0,1,0,2,137,"28.4750° N, 76.9715° E",28.475,76.9715
582,flat,signature andour heights,sector 71,0.59,8428.0,2,2,1,6.0,Moderately Old,O61948124,639.0,0,0,0,0,0,0,67,"28.4104° N, 77.0281° E",28.4104,77.0281
583,flat,ats kocoon,sector 109,2.2,10501.0,3,4,3,13.0,Relatively New,C69708274,1860.0,0,0,0,1,0,0,165,"28.5073° N, 77.0089° E",28.5073,77.0089
584,flat,puri diplomatic greens,sector 111,2.58,11727.0,3,4,2,9.0,Relatively New,I69578914,2200.0,0,0,0,1,0,0,101,"28.5238° N, 77.0320° E",28.5238,77.032
585,flat,godrej air,sector 85,1.8,13136.0,3,3,3,30.0,Under Construction,J63654624,141.0,0,0,0,0,0,0,45,"28.4042° N, 76.9513° E",28.4042,76.9513
586,flat,dlf the ultima,sector 81,2.12,10080.0,3,3,3+,9.0,Relatively New,F69198250,1650.0,1,1,0,1,1,1,49,"28.3867° N, 76.9485° E",28.3867,76.9485
587,house,independent,sector 41,9.0,27778.0,8,5,3+,3.0,Old Property,I69453422,3240.0,0,1,1,1,0,2,26,"28.4557° N, 77.0632° E",28.4557,77.0632
588,flat,raheja vedaanta,sector 108,0.95,5214.0,3,3,3,3.0,Relatively New,A41215323,1649.0,0,0,0,0,1,0,95,"28.5134° N, 76.9830° E",28.5134,76.983
589,flat,bestech park view residency,sector 2,1.02,7208.0,2,2,3,11.0,Moderately Old,Y70071924,1281.0,0,0,0,0,0,0,92,"28.5095° N, 77.0320° E",28.5095,77.032
590,flat,antriksh heights,sector 84,1.02,4868.0,4,4,3+,11.0,Relatively New,K67426782,1896.0,0,1,0,1,0,0,99,"28.3979° N, 76.9736° E",28.3979,76.9736
591,flat,conscient habitat,sector 99a,0.35,6422.0,2,2,1,3.0,Relatively New,V62459824,606.0,0,0,0,0,0,0,62,"28.4561° N, 76.9542° E",28.4561,76.9542
592,flat,tulip violet,sector 69,1.2,8888.0,2,3,1,0.0,Relatively New,X69723094,1222.0,0,0,0,0,0,0,150,"28.3966° N, 77.0341° E",28.3966,77.0341
593,flat,ss the leaf,sector 85,1.05,6402.0,2,2,3,11.0,Relatively New,Y69864002,1484.0,0,0,0,0,0,0,44,"28.4042° N, 76.9513° E",28.4042,76.9513
594,flat,hero homes,sector 104,1.4,15826.0,3,2,2,4.0,Under Construction,X61172132,1120.0,0,0,0,0,0,0,49,"28.4788° N, 76.9960° E",28.4788,76.996
595,flat,ansal api celebrity suites,sector 2,0.6,8163.0,1,1,1,5.0,Moderately Old,W69305612,665.0,0,0,0,0,0,2,88,"28.5095° N, 77.0320° E",28.5095,77.032
596,flat,puri diplomatic greens,sector 111,2.65,13589.0,3,4,2,7.0,Relatively New,R69137466,2086.0,0,0,0,1,0,2,159,"28.5238° N, 77.0320° E",28.5238,77.032
597,flat,tulip violet,sector 69,1.5,10714.0,3,3,2,8.0,Relatively New,M68587622,1492.0,0,1,0,0,0,2,174,"28.3966° N, 77.0341° E",28.3966,77.0341
598,house,nul,sector 25,15.0,23437.0,5,5,3,2.0,Moderately Old,V68364614,6400.0,1,1,0,1,0,2,112,"28.4844° N, 77.0860° E",28.4844,77.086
599,flat,shri balaji apartment,sector 12,0.35,4037.0,2,2,1,1.0,Moderately Old,V39804453,737.0,0,0,0,0,0,0,23,"28.4723° N, 77.0320° E",28.4723,77.032
600,flat,ramprastha the atrium,sector 37d,1.0,7782.0,3,3,2,4.0,Relatively New,M65536434,1163.0,0,0,0,0,0,0,13,"28.4478° N, 76.9703° E",28.4478,76.9703
601,flat,smart world gems,sector 89,0.86,7796.0,2,3,3,4.0,Under Construction,K68809718,998.0,0,0,0,0,0,0,45,"28.4253° N, 76.9439° E",28.4253,76.9439
602,flat,dlf regal gardens,sector 90,1.8,7223.0,4,4,3+,7.0,Moderately Old,H65641346,2005.0,0,0,0,0,0,0,38,"28.4085° N, 76.9369° E",28.4085,76.9369
603,flat,raheja vedas,sector 108,2.15,4134.0,3,4,3+,12.0,Relatively New,D45804415,4600.0,1,0,0,0,0,0,0,"28.5134° N, 76.9830° E",28.5134,76.983
604,flat,tarc maceo,sector 91,0.95,5954.0,2,2,2,10.0,Relatively New,A66311742,1186.0,0,0,0,0,0,0,77,"28.4014° N, 76.9225° E",28.4014,76.9225
605,flat,green campus chs,manesar,0.9,3935.0,3,3,3+,6.0,Moderately Old,Q68198308,2070.0,0,0,0,1,0,0,5,"28.3515° N, 76.9428° E",28.3515,76.9428
606,flat,ss the leaf,sector 85,1.17,7001.0,2,2,3,11.0,Relatively New,C70084858,1660.0,0,0,0,0,0,0,49,"28.4042° N, 76.9513° E",28.4042,76.9513
607,house,independent,sector 12,6.0,35088.0,4,6,2,2.0,Old Property,B66045426,1710.0,0,0,0,0,0,0,0,"28.4723° N, 77.0320° E",28.4723,77.032
608,flat,pareena mi casa,sector 68,1.85,9310.0,3,3,3+,13.0,Under Construction,H63883542,1798.0,0,0,0,0,0,0,47,"28.3853° N, 77.0484° E",28.3853,77.0484
609,flat,emaar mgf the palm drive,sector 66,3.4,15454.0,3,4,3,9.0,Relatively New,F68385026,2200.0,0,0,1,1,0,2,96,"28.3925° N, 77.0541° E",28.3925,77.0541
610,flat,puri diplomatic greens,sector 111,3.4,11525.0,4,5,3+,14.0,Relatively New,J61071112,2670.0,0,0,0,1,0,0,94,"28.5238° N, 77.0320° E",28.5238,77.032
611,flat,kendriya vihar,sector 56,0.55,9016.0,1,2,1,0.0,Old Property,N67487374,678.0,0,0,0,0,0,0,68,"28.4245° N, 77.0991° E",28.4245,77.0991
612,flat,kiran residency,sector 56,1.5,7500.0,3,3,3+,4.0,Relatively New,W69731696,1900.0,0,0,0,1,0,2,126,"28.4245° N, 77.0991° E",28.4245,77.0991
613,flat,bestech park view sanskruti,sector 92,1.5,7812.0,3,3,3,3.0,Relatively New,I69424510,1738.0,0,0,0,0,1,0,49,"28.4079° N, 76.9153° E",28.4079,76.9153
614,flat,shree vardhman victoria,sector 70,1.75,8974.0,3,5,0,0.0,Relatively New,M68065126,1950.0,0,0,0,0,0,0,47,"28.3968° N, 77.0233° E",28.3968,77.0233
615,flat,tarc maceo,sector 91,0.9,6870.0,2,2,2,13.0,Relatively New,A70182296,1186.0,0,0,0,0,0,1,67,"28.4014° N, 76.9225° E",28.4014,76.9225
616,flat,vatika gurgaon,sector 83,1.25,7812.0,4,4,3,12.0,Moderately Old,C61573480,1970.0,0,0,0,1,0,0,103,"28.3986° N, 76.9647° E",28.3986,76.9647
617,flat,shree vardhman flora,sector 90,0.86,6254.0,3,4,3,0.0,Relatively New,K67917446,1525.0,0,0,0,1,0,2,84,"28.4085° N, 76.9369° E",28.4085,76.9369
618,flat,chd avenue,sector 71,1.16,6655.0,3,3,3,5.0,Moderately Old,C69466170,1577.0,0,0,0,1,0,2,73,"28.4104° N, 77.0281° E",28.4104,77.0281
619,flat,godrej nature plus,sector 33,1.35,8231.0,3,2,3+,7.0,Under Construction,K69281850,1484.0,0,1,0,0,0,0,49,"28.4420° N, 77.0207° E",28.442,77.0207
620,flat,shree vardhman flora,sector 90,0.7,5325.0,2,2,3,9.0,New Property,T67903894,1350.0,1,0,0,0,0,0,60,"28.4085° N, 76.9369° E",28.4085,76.9369
621,house,suncity essel towers,sector 28,8.95,17900.0,5,6,3+,4.0,Moderately Old,W65205736,5000.0,0,0,0,0,0,0,0,"28.4728° N, 77.0865° E",28.4728,77.0865
622,flat,experion windchants,sector 112,3.75,13383.0,3,3,2,21.0,Relatively New,K70137958,2225.56,0,0,0,1,0,2,159,"28.5189° N, 77.0183° E",28.5189,77.0183
623,flat,dlf the primus,sector 82a,2.55,11218.0,4,4,3+,14.0,Relatively New,B69550462,2273.0,0,0,0,0,0,1,44,"28.3858° N, 76.9686° E",28.3858,76.9686
624,flat,smart world gems,sector 89,1.25,8784.0,3,3,3,2.0,Under Construction,K69226326,1288.0,0,1,0,0,0,0,12,"28.4253° N, 76.9439° E",28.4253,76.9439
625,flat,krrish florence estate,sector 70,1.3,5600.0,3,3,3,17.0,Under Construction,N25060831,1865.0,0,0,0,0,0,2,61,"28.3968° N, 77.0233° E",28.3968,77.0233
626,flat,unitech sunbreeze,sector 69,0.74,5500.0,3,3,1,10.0,Under Construction,L24514775,1210.0,0,0,0,1,0,0,60,"28.3966° N, 77.0341° E",28.3966,77.0341
627,flat,ats triumph,sector 104,2.0,8733.0,3,4,3+,4.0,Relatively New,O69034342,2072.0,0,0,0,1,0,0,60,"28.4788° N, 76.9960° E",28.4788,76.996
628,flat,indiabulls centrum park,sector 103,1.15,8679.0,2,2,3,10.0,Relatively New,S69178792,1080.0,1,0,0,0,0,2,174,"28.4949° N, 76.9845° E",28.4949,76.9845
629,flat,eldeco accolade,sector 33,1.2,8043.0,2,2,2,0.0,Under Construction,X69152560,1492.0,0,0,0,0,0,0,56,"28.4420° N, 77.0207° E",28.442,77.0207
630,flat,paras dews,sector 106,2.1,8917.0,4,6,3+,6.0,Relatively New,D69522190,2131.0,0,0,0,1,1,0,60,"28.5007° N, 77.0003° E",28.5007,77.0003
631,flat,ss the leaf,sector 85,1.25,7179.0,2,2,3,10.0,Relatively New,J70085886,1730.0,0,0,0,0,0,0,49,"28.4042° N, 76.9513° E",28.4042,76.9513
632,house,independent,sector 6,0.66,10784.0,3,2,1,2.0,Old Property,T69242450,612.0,0,0,0,0,0,0,36,"28.4745° N, 77.0262° E",28.4745,77.0262
633,flat,green court,sector 90,0.5,8333.0,2,2,1,8.0,New Property,K63168640,650.0,0,0,0,0,0,0,42,"28.4085° N, 76.9369° E",28.4085,76.9369
634,flat,m3m heights,sector 65,2.44,13300.0,3,3,2,7.0,Under Construction,H69057168,1654.0,0,0,0,0,0,0,31,"28.4030° N, 77.0690° E",28.403,77.069
635,flat,dlf new town heights,sector 86,1.54,5786.0,4,4,3+,21.0,Moderately Old,U66276354,2139.0,1,1,0,1,0,0,80,"28.3986° N, 76.9384° E",28.3986,76.9384
636,house,independent,sector 105,0.37,8222.0,2,2,1,1.0,Moderately Old,C69473030,450.0,0,0,0,0,1,0,0,"28.4952° N, 77.0114° E",28.4952,77.0114
637,house,vatika independent floors,sector 82,1.4,8235.0,3,3,2,3.0,New Property,Y68216668,1700.0,0,1,0,0,0,0,61,"28.3935° N, 76.9600° E",28.3935,76.96
638,flat,mahindra luminare,sector 59,5.5,18181.0,3,3,1,26.0,Under Construction,V69644728,2738.0,0,0,0,1,0,0,24,"28.4051° N, 77.1097° E",28.4051,77.1097
639,house,independent,sector 92,1.8,7627.0,4,5,0,13.0,Relatively New,K69442176,2360.0,0,0,0,0,0,0,0,"28.4079° N, 76.9153° E",28.4079,76.9153
640,flat,sare green parc phase 3,sector 92,0.7,5279.0,3,2,2,4.0,Relatively New,K67380076,1325.0,0,0,0,0,0,0,56,"28.4079° N, 76.9153° E",28.4079,76.9153
641,flat,satya element one,sector 49,0.87,19333.0,1,1,1,2.0,Relatively New,L69334532,500.0,0,0,0,0,0,0,22,"28.4121° N, 77.0480° E",28.4121,77.048
642,flat,ireo victory valley,sector 67,4.55,14536.0,4,4,3+,19.0,Relatively New,D69771054,2833.0,0,0,0,1,0,2,156,"28.3859° N, 77.0608° E",28.3859,77.0608
643,flat,lotus homz,sector 111,0.36,8888.0,1,1,1,10.0,Relatively New,L69472130,450.0,0,0,0,0,0,0,44,"28.5238° N, 77.0320° E",28.5238,77.032
644,flat,birla navya,sector 63a,3.23,26872.0,3,3,3,4.0,New Property,A69419710,1202.0,0,0,0,1,0,0,52,"28.3923° N, 77.0888° E",28.3923,77.0888
645,flat,bestech park view residency,sector 2,0.56,8632.0,1,1,2,6.0,Moderately Old,E69050540,723.0,0,0,0,0,0,0,77,"28.5095° N, 77.0320° E",28.5095,77.032
646,flat,godrej summit,sector 104,1.1,8669.0,2,2,3,16.0,Under Construction,D33046811,1148.0,0,0,0,0,1,0,88,"28.4788° N, 76.9960° E",28.4788,76.996
647,flat,godrej habitat,sector 3,1.3,9002.0,2,2,2,6.0,Under Construction,A70090900,1604.0,0,0,0,0,0,0,36,"28.4909° N, 77.0176° E",28.4909,77.0176
648,flat,adani m2k oyster grande,sector 102,1.9,14074.0,3,4,3,21.0,Relatively New,A69157350,1605.0,0,0,0,1,0,0,60,"28.4750° N, 76.9715° E",28.475,76.9715
649,flat,imperia the esfera,sector 37c,0.9,6272.0,3,3,3,9.0,Relatively New,D69988498,1435.0,0,0,0,0,0,0,66,"28.4515° N, 76.9882° E",28.4515,76.9882
650,flat,smart world gems,sector 89,1.0,9007.0,2,2,3,3.0,New Property,L69036040,1233.0,1,0,0,0,1,0,99,"28.4253° N, 76.9439° E",28.4253,76.9439
651,flat,indiabulls enigma,sector 110,3.7,10882.0,4,5,3,7.0,Relatively New,A69958970,3077.0,0,0,0,1,0,0,156,"28.5145° N, 77.0197° E",28.5145,77.0197
652,flat,vatika gurgaon,sector 83,1.12,6455.0,3,3,2,4.0,Relatively New,A68896320,1200.0,1,1,1,1,0,2,165,"28.3986° N, 76.9647° E",28.3986,76.9647
653,flat,siddhartha apartment,sector 95,1.1,4327.0,4,3,3,9.0,Relatively New,A59296758,2824.0,0,0,0,1,1,0,22,"28.4172° N, 76.9081° E",28.4172,76.9081
654,flat,ats kocoon,sector 109,2.22,10596.0,3,4,3,14.0,Relatively New,Q70065940,1860.0,1,1,1,1,0,0,45,"28.5073° N, 77.0089° E",28.5073,77.0089
655,flat,signature global solera,sector 107,0.28,5828.0,2,2,2,0.0,Relatively New,J65806824,543.0,0,0,0,0,0,0,45,"28.5052° N, 76.9729° E",28.5052,76.9729
656,flat,supertech araville,sector 79,1.1,5641.0,3,3,3,1.0,Relatively New,N64363220,2167.0,0,0,0,0,0,2,106,"28.3624° N, 76.9787° E",28.3624,76.9787
657,flat,unitech sunbreeze,sector 69,0.75,6849.0,2,2,2,4.0,Under Construction,G70026492,991.0,0,0,0,0,0,0,0,"28.3966° N, 77.0341° E",28.3966,77.0341
658,flat,whiteland blissville,sector 76,1.92,11500.0,3,3,2,2.0,Under Construction,Q69258518,1672.0,0,0,0,0,0,0,61,"28.3935° N, 76.9888° E",28.3935,76.9888
659,house,unitech aspen greens,sector 50,7.0,32407.0,4,4,2,2.0,Old Property,K69342942,2160.0,0,0,0,1,0,0,29,"28.4178° N, 77.0628° E",28.4178,77.0628
660,flat,dlf the crest,sector 54,11.0,35484.0,4,5,3+,7.0,Relatively New,P69588354,3444.0,1,1,0,1,0,0,49,"28.4348° N, 77.1089° E",28.4348,77.1089
661,flat,chd avenue,sector 71,1.15,6526.0,3,3,2,15.0,Moderately Old,M16781771,1541.0,0,0,0,1,0,2,66,"28.4104° N, 77.0281° E",28.4104,77.0281
662,house,independent,sector 14,4.6,20444.0,1,1,0,1.0,Old Property,R67079230,2250.0,0,0,0,0,0,0,0,"28.4711° N, 77.0454° E",28.4711,77.0454
663,house,sushant lok 1 builder floors,sector 43,1.95,10077.0,3,4,3+,4.0,New Property,L69688060,1935.0,0,0,0,1,0,2,78,"28.4629° N, 77.0772° E",28.4629,77.0772
664,flat,prime habitat,sector 99a,0.27,6049.0,2,2,1,10.0,Relatively New,K69661296,498.0,0,0,0,0,0,0,67,"28.4561° N, 76.9542° E",28.4561,76.9542
665,house,unitech uniworld resorts,sector 33,9.5,23333.0,5,7,3+,2.0,Under Construction,Y69896412,4071.0,1,1,1,1,0,0,57,"28.4420° N, 77.0207° E",28.442,77.0207
666,flat,signature global synera,sector 81,0.49,6666.0,2,2,3,5.0,Relatively New,R69389972,700.0,0,0,0,0,0,0,117,"28.3867° N, 76.9485° E",28.3867,76.9485
667,flat,supertech basera,sector 79,0.36,7643.0,2,2,1,4.0,New Property,P57613040,546.0,0,0,0,0,0,0,60,"28.3624° N, 76.9787° E",28.3624,76.9787
668,flat,dlf the ultima,sector 81,2.4,11412.0,3,4,3+,19.0,Relatively New,W69416782,1903.0,0,0,0,1,0,1,174,"28.3867° N, 76.9485° E",28.3867,76.9485
669,flat,ats tourmaline,sector 109,1.75,8139.0,3,4,3+,7.0,Relatively New,D69316216,1797.0,0,0,0,1,0,0,165,"28.5073° N, 77.0089° E",28.5073,77.0089
670,flat,smart world orchard,sector 61,2.3,14110.0,3,3,2,2.0,Under Construction,X70004764,1475.0,1,0,0,0,0,0,79,"28.4050° N, 77.0963° E",28.405,77.0963
671,house,independent,sector 13,4.5,9091.0,4,5,2,2.0,Old Property,T61349800,4950.0,0,0,0,0,0,0,0,"28.4757° N, 77.0392° E",28.4757,77.0392
672,flat,central park flower valley,sector 33,2.2,10476.0,3,3,3,12.0,New Property,I68814518,1900.0,0,0,0,1,0,2,49,"28.4420° N, 77.0207° E",28.442,77.0207
673,flat,gls avenue 51,sector 92,0.21,6953.0,1,1,1,0.0,Relatively New,D69622838,336.0,0,0,0,0,0,0,63,"28.4079° N, 76.9153° E",28.4079,76.9153
674,flat,prime habitat,sector 99a,0.32,4657.0,2,2,1,7.0,Relatively New,J64704666,601.0,0,0,0,0,0,0,44,"28.4561° N, 76.9542° E",28.4561,76.9542
675,flat,signature global city 37d ph 2,sector 37d,1.1,8148.0,3,3,1,2.0,Under Construction,S69121822,1500.0,0,1,0,0,0,0,30,"28.4478° N, 76.9703° E",28.4478,76.9703
676,house,independent,sector 9,3.4,12938.0,9,9,3,3.0,Moderately Old,O69749646,2628.0,0,0,0,0,0,2,61,"28.4603° N, 77.0000° E",28.4603,77.0
677,flat,pareena coban residences,sector 99a,1.32,6609.0,3,5,3,11.0,New Property,Z69589064,1737.0,0,0,0,1,0,0,88,"28.4561° N, 76.9542° E",28.4561,76.9542
678,house,independent,sector 50,7.0,23333.0,4,4,2,3.0,Old Property,A68809650,3400.0,0,0,0,1,0,0,118,"28.4178° N, 77.0628° E",28.4178,77.0628
679,flat,m3m ikonic,sector 68,1.8,9230.0,3,3,3+,18.0,Relatively New,C69523822,1845.0,0,0,0,0,0,2,126,"28.3853° N, 77.0484° E",28.3853,77.0484
680,flat,chd avenue,sector 71,0.95,7929.0,2,2,2,5.0,Moderately Old,D69904562,1084.0,0,0,0,0,0,2,142,"28.4104° N, 77.0281° E",28.4104,77.0281
681,flat,shapoorji pallonji joyville gurugram,sector 102,1.26,10370.0,2,2,3,7.0,Relatively New,W70022160,1100.0,0,0,0,0,0,2,49,"28.4750° N, 76.9715° E",28.475,76.9715
682,flat,south city 1 floors,sector 41,3.4,11724.0,4,4,3,0.0,Old Property,O64568872,2900.0,0,0,0,0,0,0,0,"28.4557° N, 77.0632° E",28.4557,77.0632
683,flat,signature global city 92,sector 92,0.78,11142.0,2,2,3,2.0,Under Construction,C69153300,846.0,0,0,0,0,1,0,24,"28.4079° N, 76.9153° E",28.4079,76.9153
684,flat,m3m golf hills,sector 79,1.45,10211.0,2,2,3,15.0,Under Construction,D69857690,1578.0,0,0,0,0,0,0,67,"28.3624° N, 76.9787° E",28.3624,76.9787
685,flat,godrej,sector 79,2.03,9046.0,3,4,3+,7.0,Relatively New,U69438590,2031.0,0,0,0,1,0,0,118,"28.3624° N, 76.9787° E",28.3624,76.9787
686,flat,indiabulls centrum park,sector 103,2.4,8347.0,4,6,3+,15.0,Relatively New,N68495966,2456.0,0,0,0,1,0,0,156,"28.4949° N, 76.9845° E",28.4949,76.9845
687,flat,dlf the ultima,sector 81,2.4,11412.0,3,3,3+,12.0,Relatively New,Q70145884,1650.0,0,0,0,1,0,1,49,"28.3867° N, 76.9485° E",28.3867,76.9485
688,flat,madhur jeevan apartments,sector 56,1.59,8594.0,4,3,3+,3.0,Old Property,E69442206,1900.0,0,0,0,0,1,2,33,"28.4245° N, 77.0991° E",28.4245,77.0991
689,flat,vatika iris floors,sector 82,0.63,5590.0,2,2,3+,2.0,Relatively New,T67087386,1026.0,1,0,0,0,0,0,110,"28.3935° N, 76.9600° E",28.3935,76.96
690,flat,pareena coban residences,sector 99a,1.4,7010.0,3,5,3+,6.0,New Property,D70171158,1807.0,0,0,0,0,0,0,15,"28.4561° N, 76.9542° E",28.4561,76.9542
691,flat,mapsko mount ville,sector 79,1.2,8053.0,3,3,3,24.0,Relatively New,J69571808,1348.0,0,0,0,0,0,2,8,"28.3624° N, 76.9787° E",28.3624,76.9787
692,house,dlf city plots phase 2,sector 25,10.75,29861.0,9,9,3+,3.0,Old Property,U69430128,3600.0,0,1,1,1,0,0,73,"28.4844° N, 77.0860° E",28.4844,77.086
693,flat,bestech altura,sector 79,1.72,8400.0,3,4,3,9.0,New Property,R70191744,2050.0,0,0,0,0,0,0,49,"28.3624° N, 76.9787° E",28.3624,76.9787
694,flat,conscient heritage max,sector 102,2.22,13875.0,3,4,3+,15.0,Relatively New,L68345584,2000.0,1,0,0,1,0,0,82,"28.4750° N, 76.9715° E",28.475,76.9715
695,flat,smart world orchard,sector 61,2.45,15800.0,3,3,3,3.0,New Property,G68879412,1223.0,1,0,0,1,0,0,119,"28.4050° N, 77.0963° E",28.405,77.0963
696,house,independent,sector 7,8.0,22222.0,4,5,3+,1.0,Old Property,W59999200,3600.0,1,1,0,1,0,0,31,"28.4644° N, 77.0143° E",28.4644,77.0143
697,flat,tarc maceo,sector 91,1.75,11121.0,4,3,3+,8.0,Relatively New,H65096484,2107.0,1,1,1,1,0,0,128,"28.4014° N, 76.9225° E",28.4014,76.9225
698,flat,smart world gems,sector 89,1.71,12000.0,3,2,0,3.0,New Property,U68022596,1423.0,0,0,0,0,0,0,45,"28.4253° N, 76.9439° E",28.4253,76.9439
699,flat,rof ananda,sector 95,0.2,5463.0,1,1,1,10.0,Relatively New,D69372680,407.0,0,0,0,0,0,0,82,"28.4172° N, 76.9081° E",28.4172,76.9081
700,flat,sare crescent parc,sector 92,0.49,4909.0,2,2,2,2.0,Relatively New,M59252680,1109.0,0,0,0,0,0,0,96,"28.4079° N, 76.9153° E",28.4079,76.9153
701,flat,sare crescent parc,sector 92,1.0,5128.0,4,3,2,1.0,Relatively New,K64895528,2167.0,0,0,0,0,0,0,49,"28.4079° N, 76.9153° E",28.4079,76.9153
702,flat,sobha city,sector 108,2.6,15195.0,3,3,2,11.0,New Property,Z67948628,1711.0,0,0,0,0,0,0,49,"28.5134° N, 76.9830° E",28.5134,76.983
703,flat,whiteland blissville,sector 76,1.9,11363.0,3,3,2,0.0,Under Construction,N67620566,1513.0,0,0,0,0,0,0,61,"28.3935° N, 76.9888° E",28.3935,76.9888
704,house,independent,sector 14,7.5,16600.0,3,3,2,1.0,Old Property,B69775082,4518.0,1,1,0,1,0,2,27,"28.4711° N, 77.0454° E",28.4711,77.0454
705,flat,ardee city,sector 52,1.55,7381.0,4,4,3,1.0,Moderately Old,Y68863904,2100.0,0,0,0,0,0,0,0,"28.4379° N, 77.0785° E",28.4379,77.0785
706,flat,bestech park view residency,sector 2,0.56,8553.0,1,1,2,7.0,Moderately Old,V70071796,722.0,0,0,0,0,0,0,92,"28.5095° N, 77.0320° E",28.5095,77.032
707,flat,tulip violet,sector 69,2.05,9950.0,4,4,2,0.0,Relatively New,N69721252,1889.0,0,0,0,0,0,0,157,"28.3966° N, 77.0341° E",28.3966,77.0341
708,house,sector 14 rwa,sector 14,6.5,20635.0,4,4,3+,2.0,Moderately Old,J68581688,3150.0,0,0,0,0,0,0,0,"28.4711° N, 77.0454° E",28.4711,77.0454
709,flat,godrej summit,sector 104,1.3,9027.0,3,2,3+,16.0,Relatively New,G52699170,1303.0,1,1,1,0,0,2,0,"28.4788° N, 76.9960° E",28.4788,76.996
710,flat,vatika lifestyle homes,sector 83,1.05,7500.0,3,2,2,1.0,Moderately Old,K64577386,1600.0,0,0,0,0,0,2,106,"28.3986° N, 76.9647° E",28.3986,76.9647
711,flat,alpha corp gurgaonone,sector 84,2.24,6523.0,4,4,3,12.0,Relatively New,Z70006908,3165.0,0,0,0,1,0,0,20,"28.3979° N, 76.9736° E",28.3979,76.9736
712,house,naman residency,sector 4,0.5,11111.0,2,2,2,2.0,New Property,A62486368,450.0,1,1,0,1,1,0,14,"28.4738° N, 77.0107° E",28.4738,77.0107
713,flat,ss the leaf,sector 85,1.2,9677.0,2,2,3+,9.0,Relatively New,Y69963252,1491.0,0,0,1,0,0,0,148,"28.4042° N, 76.9513° E",28.4042,76.9513
714,flat,m3m soulitude,sector 89,1.25,8784.0,3,3,3,3.0,New Property,K68569738,1288.0,1,0,0,0,1,0,61,"28.4253° N, 76.9439° E",28.4253,76.9439
715,house,independent,sector 13,0.62,3588.0,6,6,0,3.0,Old Property,Y69854246,192.0,0,0,0,0,0,0,0,"28.4757° N, 77.0392° E",28.4757,77.0392
716,flat,mapsko paradise,sector 83,0.75,5597.0,3,3,3,10.0,New Property,G69826630,1162.0,0,0,0,0,1,2,49,"28.3986° N, 76.9647° E",28.3986,76.9647
717,house,independent,sector 38,2.1,23333.0,2,7,3+,3.0,Relatively New,A68711470,900.0,1,1,1,0,0,0,27,"28.4347° N, 77.0430° E",28.4347,77.043
718,house,independent,sector 9,0.6,10753.0,2,2,1,1.0,Moderately Old,X68581854,558.0,0,0,0,0,0,0,8,"28.4603° N, 77.0000° E",28.4603,77.0
719,house,smart world orchard,sector 61,2.01,13000.0,3,3,3,4.0,Under Construction,I69546738,1549.0,0,0,0,0,0,0,145,"28.4050° N, 77.0963° E",28.405,77.0963
720,flat,supertech hues,sector 68,0.93,8611.0,2,2,2,11.0,New Property,A68633102,1200.0,0,0,0,0,0,0,0,"28.3853° N, 77.0484° E",28.3853,77.0484
721,flat,mapsko casa bella,sector 82,3.0,6134.0,4,6,3+,25.0,Relatively New,K69026234,4425.0,0,1,0,1,0,2,119,"28.3935° N, 76.9600° E",28.3935,76.96
722,flat,tulip ivory,sector 70,2.35,9791.0,4,4,3+,10.0,Moderately Old,R69327588,2667.0,0,0,0,1,0,2,65,"28.3968° N, 77.0233° E",28.3968,77.0233
723,flat,assotech blith,sector 99,0.92,6739.0,2,2,3+,22.0,Under Construction,K68182666,1235.0,0,0,0,0,0,0,56,"28.4640° N, 76.9614° E",28.464,76.9614
724,flat,ss the leaf,sector 85,1.93,8075.0,3,4,3,7.0,Relatively New,R65906980,2400.0,0,0,0,1,0,0,174,"28.4042° N, 76.9513° E",28.4042,76.9513
725,flat,dlf regal gardens,sector 90,1.78,8036.0,4,4,3+,8.0,Relatively New,O69621840,2000.0,0,0,0,0,0,0,126,"28.4085° N, 76.9369° E",28.4085,76.9369
726,flat,chintels paradiso,sector 109,1.8,8866.0,3,3,2,0.0,Moderately Old,Y68783892,1910.0,0,0,0,1,0,0,83,"28.5073° N, 77.0089° E",28.5073,77.0089
727,house,jacob pura,sector 12,0.35,9722.0,2,1,0,2.0,Old Property,Y4463709,360.0,0,0,0,0,0,0,0,"28.4723° N, 77.0320° E",28.4723,77.032
728,flat,central park resorts,sector 48,11.25,28266.0,4,5,3+,2.0,Relatively New,Z69174760,4422.0,0,1,0,1,0,0,45,"28.4177° N, 77.0359° E",28.4177,77.0359
729,house,independent,sector 24,3.5,32407.0,2,4,3,3.0,Old Property,F59524312,1080.0,0,0,0,0,0,0,15,"28.4939° N, 77.1038° E",28.4939,77.1038
730,flat,shree vardhman victoria,sector 70,1.64,8384.0,3,5,3,3.0,Relatively New,Z69936736,1527.0,0,0,0,1,0,0,51,"28.3968° N, 77.0233° E",28.3968,77.0233
731,flat,godrej nature plus,sector 33,1.1,7971.0,2,2,2,14.0,Under Construction,E69238060,1533.0,0,0,0,0,0,0,56,"28.4420° N, 77.0207° E",28.442,77.0207
732,flat,ansal plaza,sector 2,1.0,10000.0,2,3,0,1.0,Moderately Old,R69716994,1000.0,0,0,0,0,0,0,0,"28.5095° N, 77.0320° E",28.5095,77.032
733,flat,corona optus,sector 37c,1.43,7185.0,3,3,3+,2.0,Relatively New,Y70044792,1834.0,0,0,0,1,1,0,49,"28.4515° N, 76.9882° E",28.4515,76.9882
734,flat,smart world gems,sector 89,0.9,8145.0,2,2,2,1.0,New Property,U69383626,1105.0,0,0,0,0,0,0,45,"28.4253° N, 76.9439° E",28.4253,76.9439
735,flat,rof aalayas,sector 102,0.45,8404.0,2,2,1,14.0,Relatively New,V70147230,568.0,0,0,0,0,0,1,57,"28.4750° N, 76.9715° E",28.475,76.9715
736,flat,the close north,sector 50,3.0,11516.0,3,3,3+,14.0,Old Property,U69330420,2357.0,0,0,0,1,0,2,121,"28.4178° N, 77.0628° E",28.4178,77.0628
737,house,independent,sector 25,4.31,31926.0,5,4,3,3.0,Old Property,R70186684,1350.0,0,0,0,0,0,0,40,"28.4844° N, 77.0860° E",28.4844,77.086
738,flat,sare homes,sector 92,0.6,5000.0,3,2,3,4.0,Moderately Old,M63520026,1333.0,0,0,0,0,0,2,49,"28.4079° N, 76.9153° E",28.4079,76.9153
739,house,independent,sector 37d,2.5,13157.0,5,5,3+,2.0,Relatively New,M62190402,1900.0,0,0,0,0,0,0,0,"28.4478° N, 76.9703° E",28.4478,76.9703
740,flat,tulip violet,sector 69,1.4,8928.0,3,3,1,12.0,Relatively New,Y69407304,1419.0,0,0,0,0,0,0,157,"28.3966° N, 77.0341° E",28.3966,77.0341
741,flat,shapoorji pallonji joyville gurugram,sector 102,1.35,14754.0,2,2,2,10.0,Under Construction,J50926486,828.0,0,0,0,0,0,0,22,"28.4750° N, 76.9715° E",28.475,76.9715
742,flat,mrg skyline,sector 106,1.82,13392.0,3,2,2,4.0,Relatively New,H69258514,1359.0,0,0,0,0,0,0,0,"28.5007° N, 77.0003° E",28.5007,77.0003
743,flat,ramsons kshitij,sector 95,0.28,3650.0,2,2,2,5.0,New Property,O48320397,694.0,0,0,0,0,1,0,0,"28.4172° N, 76.9081° E",28.4172,76.9081
744,flat,not applicable,sector 4,0.42,5600.0,2,2,1,3.0,Relatively New,D68585736,833.0,0,0,0,0,0,2,26,"28.4738° N, 77.0107° E",28.4738,77.0107
745,flat,godrej nature plus,sector 33,1.65,8266.0,3,3,3,2.0,Under Construction,T70164984,2218.0,0,0,0,1,0,0,37,"28.4420° N, 77.0207° E",28.442,77.0207
746,flat,pareena coban residences,sector 99a,1.35,6761.0,3,5,3,6.0,New Property,R50041892,1807.0,0,0,0,1,1,0,60,"28.4561° N, 76.9542° E",28.4561,76.9542
747,flat,belgravia resort residences,sector 48,3.45,18459.0,3,3,3,14.0,Moderately Old,R69770990,1869.0,0,0,0,0,0,0,0,"28.4177° N, 77.0359° E",28.4177,77.0359
748,flat,paras quartier,gwal pahari,5.9,11028.0,4,4,3+,19.0,New Property,I69400446,4842.0,1,1,1,1,0,2,160,"28.4484° N, 77.0210° E",28.4484,77.021
749,flat,tata primanti,sector 72,3.4,15560.0,3,4,3+,9.0,Moderately Old,R68296740,2185.0,0,0,0,1,0,0,38,"28.4225° N, 77.0211° E",28.4225,77.0211
750,flat,godrej nature plus,sector 33,1.15,11558.0,2,2,2,15.0,Under Construction,C69218264,103.0,0,0,0,0,0,0,38,"28.4420° N, 77.0207° E",28.442,77.0207
751,flat,ss the leaf,sector 85,1.09,6661.0,2,2,3,5.0,Relatively New,M69584914,1475.0,0,0,0,0,0,0,49,"28.4042° N, 76.9513° E",28.4042,76.9513
752,house,emaar mgf marbella,sector 66,12.0,37037.0,4,4,3+,3.0,Relatively New,V68413060,3240.0,1,1,1,1,0,2,160,"28.3925° N, 77.0541° E",28.3925,77.0541
753,flat,m3m latitude,sector 65,4.6,26791.0,3,3,3,7.0,New Property,C69594442,1717.0,1,1,1,1,0,0,115,"28.4030° N, 77.0690° E",28.403,77.069
754,flat,m3m soulitude,sector 89,1.25,8784.0,3,3,0,4.0,New Property,Q68653922,1423.0,0,0,0,0,0,0,61,"28.4253° N, 76.9439° E",28.4253,76.9439
755,house,independent,sector 26,4.5,33333.0,5,5,3+,2.0,Old Property,V64373068,1350.0,0,0,0,0,0,0,7,"28.4757° N, 77.1032° E",28.4757,77.1032
756,flat,dlf new town heights,sector 86,1.4,5942.0,4,4,3+,20.0,Relatively New,N44044469,2132.0,0,1,0,1,0,0,65,"28.3986° N, 76.9384° E",28.3986,76.9384
757,flat,nbcc heights,sector 89,0.75,6578.0,2,2,2,6.0,Moderately Old,R69736118,1032.0,0,0,0,0,0,0,0,"28.4253° N, 76.9439° E",28.4253,76.9439
758,flat,shree vardhman flora,sector 90,0.9,4615.0,3,4,3,4.0,Relatively New,E69230140,1765.0,0,0,0,1,0,0,165,"28.4085° N, 76.9369° E",28.4085,76.9369
759,flat,sare crescent parc royal greens phase 1,sector 92,1.25,5832.0,4,4,3,20.0,Relatively New,S59340330,1939.0,0,0,0,1,0,0,60,"28.4079° N, 76.9153° E",28.4079,76.9153
760,flat,bestech park view sanskruti,sector 92,1.6,8020.0,3,4,3+,10.0,Relatively New,J68766492,1615.0,0,0,0,1,1,2,174,"28.4079° N, 76.9153° E",28.4079,76.9153
761,flat,ireo victory valley,sector 67,3.05,16266.0,3,4,2,35.0,Relatively New,K69604018,2200.0,1,0,0,1,0,2,165,"28.3859° N, 77.0608° E",28.3859,77.0608
762,flat,pivotal devaan,sector 84,0.36,7588.0,2,2,1,9.0,Relatively New,Y69866580,531.0,0,0,1,0,0,1,80,"28.3979° N, 76.9736° E",28.3979,76.9736
763,flat,dlf new town heights,sector 86,1.3,6735.0,3,3,3,12.0,Moderately Old,N69323318,1747.0,0,0,0,1,0,2,165,"28.3986° N, 76.9384° E",28.3986,76.9384
764,flat,chd avenue,sector 71,1.25,7171.0,3,4,2,7.0,Relatively New,J69644050,1577.0,0,0,0,1,0,2,160,"28.4104° N, 77.0281° E",28.4104,77.0281
765,flat,shree vardhman flora,sector 90,0.65,4814.0,2,2,3,6.0,Relatively New,Y69230080,1222.0,1,0,0,0,0,0,165,"28.4085° N, 76.9369° E",28.4085,76.9369
766,flat,godrej,sector 79,1.41,9000.0,2,2,3,3.0,New Property,J57709348,1747.0,1,0,0,0,0,0,104,"28.3624° N, 76.9787° E",28.3624,76.9787
767,house,independent,sector 26,15.0,33333.0,4,4,3,3.0,Moderately Old,E70408864,4500.0,0,0,1,1,0,2,36,"28.4757° N, 77.1032° E",28.4757,77.1032
768,house,sobha city,sector 108,10.5,14323.0,5,4,3+,1.0,Relatively New,K68014772,7331.0,0,0,0,0,0,0,59,"28.5134° N, 76.9830° E",28.5134,76.983
769,house,huda housing board colony,sector 31,4.6,31507.0,2,4,3+,3.0,Old Property,J68546094,1460.0,0,0,0,0,1,0,8,"28.4528° N, 77.0498° E",28.4528,77.0498
770,flat,ambience creacions,sector 22,2.55,13709.0,3,3,3,5.0,Relatively New,W70124530,1860.0,0,0,0,0,0,1,49,"28.5072° N, 77.0640° E",28.5072,77.064
771,house,independent,sector 105,1.2,10122.0,3,2,1,2.0,Old Property,M68435552,1185.51,0,0,0,0,0,0,9,"28.4952° N, 77.0114° E",28.4952,77.0114
772,flat,krrish florence estate,sector 70,1.25,6703.0,3,3,3,18.0,Under Construction,H33897213,1688.0,0,0,0,0,0,0,51,"28.3968° N, 77.0233° E",28.3968,77.0233
773,flat,pyramid elite,sector 86,0.45,7846.0,2,2,1,12.0,Under Construction,Y62774964,637.0,0,0,0,0,0,0,30,"28.3986° N, 76.9384° E",28.3986,76.9384
774,house,ansal sushant lok plots,sector 43,7.0,25926.0,5,5,3+,3.0,Relatively New,P69749546,2700.0,1,1,0,1,0,2,41,"28.4629° N, 77.0772° E",28.4629,77.0772
775,flat,conscient heritage max,sector 102,1.78,9218.0,3,4,3+,5.0,Moderately Old,Y70043228,1748.0,0,0,0,1,0,0,125,"28.4750° N, 76.9715° E",28.475,76.9715
776,house,independent,sector 43,5.25,27132.0,4,4,2,2.0,Old Property,D70255234,1935.0,1,0,0,1,0,2,80,"28.4629° N, 77.0772° E",28.4629,77.0772
777,flat,shapoorji pallonji joyville gurugram,sector 102,0.97,10601.0,2,2,2,12.0,Relatively New,L69124940,828.0,0,0,0,0,0,0,100,"28.4750° N, 76.9715° E",28.475,76.9715
778,flat,dlf regal gardens,sector 90,1.65,7449.0,4,4,3+,8.0,Relatively New,K39291191,1900.0,0,0,0,0,1,0,79,"28.4085° N, 76.9369° E",28.4085,76.9369
779,house,independent,sector 14,5.5,16975.0,5,4,2,2.0,Old Property,W69298054,3240.0,1,0,0,0,0,0,27,"28.4711° N, 77.0454° E",28.4711,77.0454
780,flat,m3m merlin,sector 67,2.9,14167.0,3,3,3,0.0,Relatively New,E69965508,2047.0,0,0,0,0,1,2,49,"28.3859° N, 77.0608° E",28.3859,77.0608
781,flat,dlf park place,sector 54,5.75,24689.0,3,4,3,12.0,Relatively New,S69025780,2329.0,0,0,0,1,0,1,174,"28.4348° N, 77.1089° E",28.4348,77.1089
782,flat,shapoorji pallonji joyville gurugram,sector 102,2.15,12706.0,3,3,3,10.0,Relatively New,T69506328,1690.0,0,0,0,0,0,2,49,"28.4750° N, 76.9715° E",28.475,76.9715
783,flat,imperia the esfera,sector 37c,0.98,5399.0,3,4,3,9.0,Relatively New,T70039480,1660.0,0,0,0,1,1,0,49,"28.4515° N, 76.9882° E",28.4515,76.9882
784,flat,paras dews,sector 106,0.92,6642.0,2,2,3+,2.0,Relatively New,K69956704,940.0,0,0,0,0,0,0,174,"28.5007° N, 77.0003° E",28.5007,77.0003
785,house,independent,sector 11,1.35,3857.0,10,6,3+,3.0,Old Property,F66612390,3500.0,0,0,0,0,0,0,0,"28.4531° N, 77.0202° E",28.4531,77.0202
786,flat,ansal heights 86,sector 86,1.3,4666.0,4,6,2,11.0,New Property,C69834778,2521.0,0,0,0,1,1,0,86,"28.3986° N, 76.9384° E",28.3986,76.9384
787,flat,gls avenue 51,sector 92,0.5,7812.0,3,3,1,0.0,Relatively New,K70171656,579.0,0,0,0,0,0,0,0,"28.4079° N, 76.9153° E",28.4079,76.9153
788,flat,antriksh heights,sector 84,0.88,4821.0,3,3,3,16.0,Relatively New,B69994018,1652.0,0,1,0,0,0,0,67,"28.3979° N, 76.9736° E",28.3979,76.9736
789,flat,shapoorji pallonji joyville gurugram,sector 102,1.75,15514.0,3,3,3+,1.0,Relatively New,M69179478,1465.0,0,0,0,0,0,0,49,"28.4750° N, 76.9715° E",28.475,76.9715
790,house,international city by sobha phase 1,sector 109,12.0,20000.0,5,6,3,2.0,Relatively New,T69969484,7000.0,1,0,0,1,0,2,154,"28.5073° N, 77.0089° E",28.5073,77.0089
791,flat,dlf the ultima,sector 81,3.45,12012.0,4,4,3+,10.0,New Property,O68573508,2599.0,0,0,0,1,0,1,165,"28.3867° N, 76.9485° E",28.3867,76.9485
792,flat,ramprastha the edge towers,sector 37d,0.8,5797.0,2,2,3,2.0,Relatively New,L32300223,1300.0,0,0,0,0,0,0,78,"28.4478° N, 76.9703° E",28.4478,76.9703
793,flat,ss the coralwood,sector 84,1.1,5820.0,3,3,3+,12.0,Moderately Old,G67478760,1710.0,0,0,0,0,0,2,104,"28.3979° N, 76.9736° E",28.3979,76.9736
794,flat,signature global solera,sector 107,0.25,7862.0,1,1,0,0.0,Relatively New,V69417148,318.0,0,0,0,0,0,0,55,"28.5052° N, 76.9729° E",28.5052,76.9729
795,flat,m3m merlin,sector 67,3.0,14655.0,3,3,3+,4.0,Relatively New,G69977302,2047.0,0,0,1,0,0,2,174,"28.3859° N, 77.0608° E",28.3859,77.0608
796,house,sector 57 huda,sector 57,3.8,26063.0,2,8,3+,4.0,Relatively New,T70302452,1458.0,0,1,1,0,0,2,94,"28.4232° N, 77.0752° E",28.4232,77.0752
797,flat,vatika the seven lamps,sector 82,1.0,5923.0,2,2,2,11.0,Relatively New,E68345410,1299.0,1,0,0,0,0,2,90,"28.3935° N, 76.9600° E",28.3935,76.96
798,flat,raheja sampada,sector 92,0.65,4744.0,3,2,3,6.0,Relatively New,B68691862,1240.0,0,0,0,0,0,0,49,"28.4079° N, 76.9153° E",28.4079,76.9153
799,flat,ss the leaf,sector 85,1.15,10017.0,2,2,3+,18.0,Relatively New,V69884868,1380.0,0,0,1,0,0,0,156,"28.4042° N, 76.9513° E",28.4042,76.9513
800,flat,shyam apartment,sector 3,0.26,3714.0,2,1,2,2.0,Relatively New,O67430330,611.0,0,0,0,0,0,0,0,"28.4909° N, 77.0176° E",28.4909,77.0176
801,flat,the close north,sector 50,2.97,11401.0,3,3,3+,8.0,Moderately Old,J68958234,2600.0,0,0,0,1,0,2,174,"28.4178° N, 77.0628° E",28.4178,77.0628
802,house,independent,sector 105,0.7,5833.0,3,2,2,1.0,Moderately Old,T69560398,1200.0,0,0,0,0,0,0,0,"28.4952° N, 77.0114° E",28.4952,77.0114
803,flat,sbr minda sec-1 imt manesar,manesar,0.64,4193.0,3,2,3+,6.0,Old Property,T68302040,1696.0,0,0,0,0,0,0,51,"28.3515° N, 76.9428° E",28.3515,76.9428
804,flat,sare crescent parc royal greens phase 1,sector 92,0.95,5007.0,4,5,3+,4.0,Moderately Old,U68713020,1717.0,0,0,0,1,0,0,37,"28.4079° N, 76.9153° E",28.4079,76.9153
805,flat,signature global solera,sector 107,0.6,8000.0,3,2,2,8.0,Relatively New,D69442244,750.0,0,0,0,0,0,0,55,"28.5052° N, 76.9729° E",28.5052,76.9729
806,house,dlf city plots,sector 26,17.3,38737.0,6,7,3+,3.0,New Property,N69761704,4518.0,1,1,1,1,0,2,124,"28.4757° N, 77.1032° E",28.4757,77.1032
807,flat,vipul lavanya,sector 81,1.0,8000.0,2,2,2,7.0,Relatively New,L59164194,1131.0,0,0,0,0,0,0,31,"28.3867° N, 76.9485° E",28.3867,76.9485
808,house,not applicable,sector 4,0.4,9259.0,1,1,1,1.0,Moderately Old,G68404978,432.0,0,0,0,0,0,0,0,"28.4738° N, 77.0107° E",28.4738,77.0107
809,flat,ireo the grand arch,sector 58,4.85,16934.0,4,5,3,23.0,Relatively New,V69807832,3182.0,1,1,0,1,1,2,49,"28.4200° N, 77.1105° E",28.42,77.1105
810,flat,imt view society,manesar,0.95,3653.0,3,4,3,6.0,Moderately Old,Y70129276,2232.0,0,0,0,1,0,0,81,"28.3515° N, 76.9428° E",28.3515,76.9428
811,flat,dlf new town heights,sector 90,1.25,6476.0,3,3,3+,17.0,Relatively New,I41322939,1700.0,0,1,0,1,0,0,65,"28.4085° N, 76.9369° E",28.4085,76.9369
812,flat,ss radiance residency,sector 12,0.6,5660.0,3,3,2,3.0,Relatively New,K64553310,1178.0,0,0,0,0,0,0,44,"28.4723° N, 77.0320° E",28.4723,77.032
813,flat,godrej oasis,sector 88a,1.38,6679.0,3,3,3+,7.0,Relatively New,D66119148,2296.0,0,0,0,1,0,0,72,"28.4347° N, 76.9557° E",28.4347,76.9557
814,flat,umang winter hills,sector 37,0.99,7857.0,2,2,2,1.0,Relatively New,S66360270,1126.0,0,0,0,0,0,0,97,"28.4375° N, 76.9999° E",28.4375,76.9999
815,flat,ramprastha primera,sector 37d,1.2,13333.0,3,3,3,5.0,Relatively New,I70027322,1000.0,0,0,1,0,0,0,50,"28.4478° N, 76.9703° E",28.4478,76.9703
816,flat,emaar palm gardens,sector 83,1.55,9011.0,3,3,3,4.0,Relatively New,I69975884,1400.0,0,0,0,1,0,2,174,"28.3986° N, 76.9647° E",28.3986,76.9647
817,flat,emaar palm gardens,sector 83,1.8,9474.0,3,4,0,9.0,Relatively New,C69873450,1900.0,0,0,0,0,0,0,55,"28.3986° N, 76.9647° E",28.3986,76.9647
818,flat,paras dews,sector 106,1.2,11605.0,3,3,3,12.0,Relatively New,P69532002,1145.0,1,0,0,0,0,0,158,"28.5007° N, 77.0003° E",28.5007,77.0003
819,house,independent,sector 12,2.75,12343.0,6,6,2,2.0,Old Property,M68021346,2228.0,0,0,0,0,0,0,0,"28.4723° N, 77.0320° E",28.4723,77.032
820,flat,shree vardhman flora,sector 90,0.95,6333.0,3,3,3,9.0,Relatively New,M67782914,1667.0,0,0,0,1,0,0,90,"28.4085° N, 76.9369° E",28.4085,76.9369
821,flat,dnha group housing society,manesar,0.75,4518.0,3,2,2,5.0,Moderately Old,T65385394,1502.0,0,0,0,0,0,0,0,"28.3515° N, 76.9428° E",28.3515,76.9428
822,flat,ansal maple crescent,sector 43,1.35,10037.0,3,3,3,2.0,Old Property,E69939552,1320.0,0,0,0,0,1,2,93,"28.4629° N, 77.0772° E",28.4629,77.0772
823,flat,godrej summit,sector 104,1.75,7530.0,4,5,3+,1.0,New Property,U69644544,2582.0,0,0,0,1,0,0,60,"28.4788° N, 76.9960° E",28.4788,76.996
824,flat,ss the leaf,sector 85,1.2,7317.0,2,2,3+,14.0,Relatively New,F69963546,1380.0,0,0,1,0,0,0,141,"28.4042° N, 76.9513° E",28.4042,76.9513
825,flat,central park flower valley,sector 33,1.4,21538.0,3,3,3,2.0,Under Construction,L68985938,588.0,0,0,0,0,0,0,54,"28.4420° N, 77.0207° E",28.442,77.0207
826,flat,experion the heartsong,sector 108,1.2,6825.0,3,3,3+,10.0,Relatively New,F53928076,1275.53,1,0,0,0,0,0,93,"28.5134° N, 76.9830° E",28.5134,76.983
827,house,independent,sector 25,13.5,37313.0,5,6,3+,4.0,Old Property,Z66212908,3618.0,0,0,0,0,1,2,79,"28.4844° N, 77.0860° E",28.4844,77.086
828,flat,experion the heartsong,sector 108,2.0,8554.0,3,3,3+,14.0,Relatively New,H53750408,2116.0,0,0,0,1,0,0,95,"28.5134° N, 76.9830° E",28.5134,76.983
829,flat,imperia the esfera,sector 37c,0.99,5454.0,3,4,3,9.0,Relatively New,E70042222,1660.0,0,0,0,1,0,0,49,"28.4515° N, 76.9882° E",28.4515,76.9882
830,flat,sare petioles,sector 92,1.25,6097.0,3,3,3,18.0,Under Construction,Q69196420,2278.0,0,0,0,1,0,0,44,"28.4079° N, 76.9153° E",28.4079,76.9153
831,flat,tulip violet,sector 69,1.7,8457.0,4,4,2,10.0,Relatively New,O68587792,1804.0,1,1,1,1,0,0,174,"28.3966° N, 77.0341° E",28.3966,77.0341
832,house,independent,sector 57,3.6,20833.0,4,4,2,2.0,Old Property,P70155616,1728.0,1,1,1,1,0,0,110,"28.4232° N, 77.0752° E",28.4232,77.0752
833,house,independent,manesar,2.0,14954.0,3,1,0,3.0,Moderately Old,X59260682,1337.4,0,0,0,0,0,0,16,"28.3515° N, 76.9428° E",28.3515,76.9428
834,house,emaar mgf marbella,sector 66,12.0,38095.0,5,6,3+,3.0,Relatively New,R69735166,3150.0,0,0,1,1,0,2,153,"28.3925° N, 77.0541° E",28.3925,77.0541
835,house,independent,sector 56,2.99,20635.0,4,4,2,2.0,Moderately Old,N68716724,1449.0,1,1,0,1,0,2,49,"28.4245° N, 77.0991° E",28.4245,77.0991
836,house,sare crescent parc royal greens phase 1,sector 92,0.85,4877.0,4,4,3,4.0,Relatively New,I67903906,1743.0,0,0,0,0,0,0,0,"28.4079° N, 76.9153° E",28.4079,76.9153
837,flat,bestech park view residency,sector 2,1.5,7825.0,3,4,3+,10.0,Moderately Old,C68936042,1738.0,0,0,0,1,0,0,93,"28.5095° N, 77.0320° E",28.5095,77.032
838,house,independent,sector 14,6.46,18889.0,5,5,2,3.0,Moderately Old,W69298002,3420.0,1,1,0,1,0,2,27,"28.4711° N, 77.0454° E",28.4711,77.0454
839,flat,la vida by tata housing,sector 113,1.93,12222.0,3,3,2,8.0,Under Construction,M68912518,1429.0,0,0,0,0,0,0,71,"28.5287° N, 77.0233° E",28.5287,77.0233
840,flat,supertech hues,sector 68,0.9,7627.0,2,2,2,1.0,New Property,L68419576,1311.0,0,0,0,0,0,0,44,"28.3853° N, 77.0484° E",28.3853,77.0484
841,flat,indiabulls enigma,sector 110,4.0,9851.0,4,4,3,17.0,New Property,P68022282,3350.0,0,0,0,0,0,0,59,"28.5145° N, 77.0197° E",28.5145,77.0197
842,flat,godrej,sector 79,1.3,8269.0,2,2,3,3.0,New Property,F69444128,1423.0,1,0,0,0,0,0,49,"28.3624° N, 76.9787° E",28.3624,76.9787
843,flat,experion windchants,sector 112,4.25,11294.0,3,5,2,15.0,Relatively New,K69595770,3000.0,0,1,0,1,0,0,72,"28.5189° N, 77.0183° E",28.5189,77.0183
844,flat,shree vardhman flora,sector 90,0.66,5076.0,2,2,3,4.0,Relatively New,L68039528,1122.0,1,0,0,0,0,0,119,"28.4085° N, 76.9369° E",28.4085,76.9369
845,flat,parsvnath green ville,sector 48,1.5,8787.0,3,3,3,1.0,Old Property,H69850926,1600.0,0,0,0,0,0,2,128,"28.4177° N, 77.0359° E",28.4177,77.0359
846,house,international city by sobha phase 1,sector 109,5.5,21605.0,4,4,3+,2.0,New Property,D68134820,2430.0,0,0,0,1,0,0,61,"28.5073° N, 77.0089° E",28.5073,77.0089
847,house,independent,sector 50,10.45,38704.0,4,5,2,3.0,Moderately Old,P69636830,4000.0,1,1,0,1,0,2,142,"28.4178° N, 77.0628° E",28.4178,77.0628
848,flat,dlf the ultima,sector 81,2.2,11190.0,3,4,3+,7.0,Relatively New,D55026596,1900.0,0,0,0,1,0,1,104,"28.3867° N, 76.9485° E",28.3867,76.9485
849,house,independent,sector 48,5.5,23504.0,4,4,2,2.0,Relatively New,E69532914,2340.0,0,0,0,1,0,2,22,"28.4177° N, 77.0359° E",28.4177,77.0359
850,flat,shree vardhman flora,sector 90,0.96,5120.0,3,4,3,3.0,New Property,B69527984,1697.0,0,0,0,1,0,0,106,"28.4085° N, 76.9369° E",28.4085,76.9369
851,house,independent,sector 105,0.5,5556.0,2,2,0,1.0,Moderately Old,E69442302,100.0,0,0,0,0,0,0,0,"28.4952° N, 77.0114° E",28.4952,77.0114
852,flat,dlf the primus,sector 82a,2.6,11438.0,4,4,3+,2.0,Relatively New,U69271332,2273.0,0,0,0,0,1,0,38,"28.3858° N, 76.9686° E",28.3858,76.9686
853,flat,umang winter hills,sector 77,0.86,6408.0,2,2,2,16.0,New Property,J54539884,1214.0,0,0,0,0,0,2,79,"28.3801° N, 76.9845° E",28.3801,76.9845
854,house,vipul tatvam villa,sector 48,8.5,21250.0,4,5,3+,2.0,Moderately Old,M69102772,4000.0,1,1,0,1,1,2,49,"28.4177° N, 77.0359° E",28.4177,77.0359
855,flat,m3m capital,sector 113,2.0,12012.0,3,3,2,24.0,Under Construction,O66540184,1507.0,0,0,0,0,0,0,47,"28.5287° N, 77.0233° E",28.5287,77.0233
856,house,uppal southend,sector 49,3.75,25562.0,2,6,3,3.0,Moderately Old,M69431990,1467.0,0,0,0,0,1,0,49,"28.4121° N, 77.0480° E",28.4121,77.048
857,house,unitech espace,sector 50,7.35,41761.0,4,4,3+,3.0,Moderately Old,G68255006,1760.0,0,1,0,1,0,2,52,"28.4178° N, 77.0628° E",28.4178,77.0628
858,flat,pivotal riddhi siddhi,sector 99,0.72,947.0,2,2,2,12.0,Relatively New,U69789900,784.0,0,0,1,0,0,0,31,"28.4640° N, 76.9614° E",28.464,76.9614
859,flat,sbtl caladium,sector 109,1.88,6153.0,4,5,3,10.0,Relatively New,Y69513018,2765.0,0,0,0,0,0,0,110,"28.5073° N, 77.0089° E",28.5073,77.0089
860,flat,antriksh heights,sector 84,0.85,5556.0,2,2,3,10.0,New Property,B36786459,1222.0,1,0,0,0,1,0,24,"28.3979° N, 76.9736° E",28.3979,76.9736
861,flat,signature global city 81,sector 81,0.8,14652.0,2,2,2,4.0,Under Construction,F63180576,607.0,1,0,0,0,0,0,36,"28.3867° N, 76.9485° E",28.3867,76.9485
862,flat,dlf the icon,sector 43,6.0,26087.0,4,4,3+,18.0,Old Property,A70009682,2556.0,0,0,0,1,0,2,150,"28.4629° N, 77.0772° E",28.4629,77.0772
863,flat,sidhartha ncr one phase,sector 95,0.46,4646.0,2,2,0,6.0,New Property,L68021942,990.0,0,0,0,0,0,0,0,"28.4172° N, 76.9081° E",28.4172,76.9081
864,flat,ireo the corridors,sector 67a,1.62,9380.0,3,3,2,4.0,New Property,I69734054,1346.0,0,0,1,0,0,2,142,"28.3960° N, 77.0372° E",28.396,77.0372
865,flat,ireo skyon,sector 60,3.7,13214.0,4,5,3,10.0,Relatively New,X69205630,2534.0,0,0,0,1,0,2,165,"28.4003° N, 77.0975° E",28.4003,77.0975
866,flat,m3m skywalk,sector 74,2.45,12140.0,3,3,3+,25.0,Relatively New,D69704156,1800.0,1,0,0,0,0,0,137,"28.4158° N, 77.0118° E",28.4158,77.0118
867,flat,sare crescent parc,sector 92,0.92,4854.0,4,5,3+,14.0,Moderately Old,R20109583,1895.0,0,0,0,0,0,2,131,"28.4079° N, 76.9153° E",28.4079,76.9153
868,flat,bestech park view grand spa,sector 81,4.2,10000.0,4,4,3+,25.0,Relatively New,T69214818,3512.0,0,0,0,1,0,2,90,"28.3867° N, 76.9485° E",28.3867,76.9485
869,flat,tulip violet,sector 69,1.76,8756.0,4,4,2,6.0,Relatively New,N69300390,1819.0,0,0,0,0,0,0,108,"28.3966° N, 77.0341° E",28.3966,77.0341
870,flat,emaar mgf emerald floors premier,sector 65,2.35,16206.0,3,3,3,2.0,Relatively New,S69483296,1500.0,1,0,0,1,0,2,64,"28.4030° N, 77.0690° E",28.403,77.069
871,house,independent,sector 43,7.85,29074.0,9,9,3+,3.0,Relatively New,P70154168,2700.0,1,1,0,1,1,1,49,"28.4629° N, 77.0772° E",28.4629,77.0772
872,flat,ireo skyon,sector 60,2.5,16129.0,2,3,2,4.0,Relatively New,U69996590,1403.0,1,0,0,0,0,0,100,"28.4003° N, 77.0975° E",28.4003,77.0975
873,flat,ss the leaf,sector 85,1.85,6578.0,4,5,3+,1.0,Relatively New,J69450078,2545.0,0,0,0,0,0,0,95,"28.4042° N, 76.9513° E",28.4042,76.9513
874,flat,cghs hewo apartments,sector 31,1.25,11574.0,2,2,2,2.0,Old Property,N69498548,1200.0,0,0,0,0,0,0,28,"28.4528° N, 77.0498° E",28.4528,77.0498
875,flat,tulip petals,sector 89,1.1,7097.0,3,2,3,4.0,New Property,O69722550,1550.0,0,0,0,0,0,0,0,"28.4253° N, 76.9439° E",28.4253,76.9439
876,flat,sare crescent parc,sector 92,0.7,5556.0,3,3,2,14.0,Under Construction,I31015519,140.0,0,0,0,0,0,0,38,"28.4079° N, 76.9153° E",28.4079,76.9153
877,house,suncity avenue 76,sector 76,0.75,10067.0,2,2,2,11.0,New Property,M67402042,745.0,0,0,0,0,0,0,40,"28.3935° N, 76.9888° E",28.3935,76.9888
878,flat,signature global city 81,sector 81,0.96,9767.0,2,2,2,1.0,Under Construction,F68828122,1194.0,0,0,0,0,0,0,49,"28.3867° N, 76.9485° E",28.3867,76.9485
879,flat,m3m heights,sector 65,2.0,13957.0,2,2,2,32.0,Relatively New,M68639830,1433.0,0,0,0,0,0,0,48,"28.4030° N, 77.0690° E",28.403,77.069
880,flat,emaar digihomes,sector 62,2.1,14254.0,2,2,2,30.0,New Property,H69537854,1365.0,0,0,0,1,0,0,52,"28.4139° N, 77.0886° E",28.4139,77.0886
881,house,independent,sector 2,1.15,19360.0,3,3,2,2.0,Old Property,N68666630,594.0,0,0,0,0,0,2,32,"28.5095° N, 77.0320° E",28.5095,77.032
882,flat,la vida by tata housing,sector 113,2.78,11346.0,3,3,3,3.0,New Property,Q68451212,2599.0,1,0,0,1,0,0,174,"28.5287° N, 77.0233° E",28.5287,77.0233
883,flat,ireo the corridors,sector 67a,1.85,9531.0,3,4,3,4.0,New Property,M69399940,1941.0,1,0,1,0,0,2,150,"28.3960° N, 77.0372° E",28.396,77.0372
884,flat,sobha city,sector 108,2.6,15195.0,3,3,2,8.0,Relatively New,Z69513374,1711.0,0,0,0,0,0,0,99,"28.5134° N, 76.9830° E",28.5134,76.983
885,flat,m3m woodshire,sector 107,1.39,5887.0,3,4,3+,6.0,Relatively New,H69407182,2057.0,0,1,0,1,0,2,174,"28.5052° N, 76.9729° E",28.5052,76.9729
886,flat,paras dews,sector 106,0.88,6353.0,2,2,3+,3.0,Relatively New,U69428786,1120.0,0,0,0,0,0,0,49,"28.5007° N, 77.0003° E",28.5007,77.0003
887,flat,laxmi pareena,sector 99a,0.3,6666.0,2,1,0,12.0,New Property,O66187314,500.0,0,0,0,0,0,0,0,"28.4561° N, 76.9542° E",28.4561,76.9542
888,flat,m3m skywalk,sector 74,2.2,10901.0,3,3,3,12.0,New Property,U69682694,1826.0,1,0,0,0,0,2,15,"28.4158° N, 77.0118° E",28.4158,77.0118
889,flat,dlf wellington estate,sector 43,2.09,14615.0,3,3,2,11.0,Old Property,Q69736528,1294.0,0,0,0,0,0,2,79,"28.4629° N, 77.0772° E",28.4629,77.0772
890,flat,vatika city homes,sector 83,0.75,5660.0,2,2,2,3.0,Relatively New,X68049088,1199.0,0,0,0,0,0,2,49,"28.3986° N, 76.9647° E",28.3986,76.9647
891,flat,umang monsoon breeze,sector 78,0.9,4615.0,3,3,2,1.0,Moderately Old,C68532182,1900.0,0,1,0,1,0,0,65,"28.3733° N, 76.9729° E",28.3733,76.9729
892,flat,ireo victory valley,sector 67,2.99,11832.0,3,3,3,4.0,Relatively New,D70082220,2200.0,0,0,0,1,0,2,37,"28.3859° N, 77.0608° E",28.3859,77.0608
893,flat,emaar mgf emerald floors premier,sector 65,2.5,15151.0,3,3,3,3.0,Relatively New,R69102324,1493.0,1,0,0,1,0,0,15,"28.4030° N, 77.0690° E",28.403,77.069
894,house,independent,sector 41,7.25,29293.0,9,8,3,4.0,Old Property,W69360006,2475.0,0,0,0,1,0,2,94,"28.4557° N, 77.0632° E",28.4557,77.0632
895,flat,vatika independent floors,sector 82,0.67,5826.0,2,2,3,2.0,Moderately Old,T59738910,1150.0,0,0,0,0,0,0,53,"28.3935° N, 76.9600° E",28.3935,76.96
896,flat,sare crescent parc,sector 92,0.66,4977.0,3,2,2,15.0,Relatively New,C63784748,1473.0,0,0,0,0,0,1,44,"28.4079° N, 76.9153° E",28.4079,76.9153
897,house,independent,sector 3,0.9,8929.0,3,3,0,2.0,Moderately Old,D69987482,112.0,0,0,0,0,0,0,0,"28.4909° N, 77.0176° E",28.4909,77.0176
898,flat,vatika the seven lamps,sector 82,0.85,5979.0,2,2,2,9.0,Relatively New,G69160024,1294.0,1,0,0,0,0,0,117,"28.3935° N, 76.9600° E",28.3935,76.96
899,flat,paras dews,sector 106,1.05,7581.0,2,2,2,5.0,New Property,V68755796,1539.0,0,0,0,0,0,0,97,"28.5007° N, 77.0003° E",28.5007,77.0003
900,flat,microtek greenburg,sector 86,1.25,8445.0,3,4,3,0.0,Relatively New,D69131478,1339.0,1,0,0,0,0,0,49,"28.3986° N, 76.9384° E",28.3986,76.9384
901,flat,godrej nature plus,sector 33,1.62,13974.0,3,4,3+,3.0,New Property,F66379342,129.42,0,0,0,1,0,0,100,"28.4420° N, 77.0207° E",28.442,77.0207
902,flat,vatika the seven lamps,sector 82,0.81,6192.0,2,2,2,15.0,Relatively New,Q69685558,1176.0,0,0,0,0,0,2,117,"28.3935° N, 76.9600° E",28.3935,76.96
903,flat,sbtl caladium,sector 109,1.3,6914.0,3,2,3,16.0,Moderately Old,H69848302,1701.0,0,0,0,0,0,0,134,"28.5073° N, 77.0089° E",28.5073,77.0089
904,flat,orris aster court premier,sector 85,1.2,5660.0,3,4,2,6.0,Relatively New,W69123064,1650.0,0,0,0,1,0,0,28,"28.4042° N, 76.9513° E",28.4042,76.9513
905,flat,sare homes,sector 92,0.82,5384.0,3,3,3+,12.0,Relatively New,F62479362,1221.18,0,0,0,0,0,0,114,"28.4079° N, 76.9153° E",28.4079,76.9153
906,flat,bestech park view residency,sector 2,1.4,7865.0,3,3,3+,6.0,Old Property,W69369638,1611.0,0,0,0,0,0,1,107,"28.5095° N, 77.0320° E",28.5095,77.032
907,flat,raheja the vedaanta floors,sector 108,0.7,4521.0,2,2,3,1.0,Moderately Old,O69677112,1720.0,0,0,0,0,0,2,0,"28.5134° N, 76.9830° E",28.5134,76.983
908,flat,emaar palm heights,sector 77,1.79,8839.0,3,3,3,1.0,New Property,K70140264,1600.0,0,0,0,1,0,2,49,"28.3801° N, 76.9845° E",28.3801,76.9845
909,flat,m3m skywalk,sector 74,1.6,9512.0,2,2,2,26.0,Relatively New,N69658358,1508.0,0,0,0,0,0,2,158,"28.4158° N, 77.0118° E",28.4158,77.0118
910,flat,ireo the corridors,sector 67a,1.8,14658.0,3,3,3,6.0,New Property,S69295820,1551.0,0,0,1,1,0,2,150,"28.3960° N, 77.0372° E",28.396,77.0372
911,flat,m3m woodshire,sector 107,1.4,5929.0,3,4,3+,6.0,Relatively New,K69550782,2137.0,0,0,0,1,0,0,117,"28.5052° N, 76.9729° E",28.5052,76.9729
912,house,independent,sector 110,1.39,11583.0,2,2,1,3.0,Old Property,K59418562,1450.0,0,0,1,0,0,0,37,"28.5145° N, 77.0197° E",28.5145,77.0197
913,flat,viridian the plaza 106,sector 106,0.46,6571.0,1,1,1,18.0,New Property,X69940076,778.0,0,0,0,0,0,0,104,"28.5007° N, 77.0003° E",28.5007,77.0003
914,flat,parsvnath exotica,sector 53,4.8,14680.0,3,4,3+,12.0,New Property,I30409139,2895.0,0,0,0,0,0,0,69,"28.4433° N, 77.0948° E",28.4433,77.0948
915,flat,bestech park view spa next,sector 67,2.32,11989.0,3,4,3+,14.0,Moderately Old,S69071370,1764.0,0,0,0,1,0,2,59,"28.3859° N, 77.0608° E",28.3859,77.0608
916,flat,conscient heritage max,sector 102,1.75,9011.0,3,4,3+,13.0,Relatively New,A69124480,1757.0,0,0,0,1,0,2,94,"28.4750° N, 76.9715° E",28.475,76.9715
917,flat,ansal heights 86,sector 86,0.9,5325.0,3,3,2,10.0,New Property,L68958088,1690.0,0,0,0,0,0,0,29,"28.3986° N, 76.9384° E",28.3986,76.9384
918,flat,m3m heights,sector 65,2.29,15980.0,2,2,3,8.0,Under Construction,Z68221306,1592.0,1,0,0,0,0,0,15,"28.4030° N, 77.0690° E",28.403,77.069
919,flat,elan the presidential,sector 106,6.3,15384.0,5,6,3+,10.0,Under Construction,T69126686,3797.0,0,0,0,0,0,2,62,"28.5007° N, 77.0003° E",28.5007,77.0003
920,flat,umang winter hills,sector 77,1.35,7780.0,3,3,3+,7.0,New Property,J65698986,1451.0,0,0,1,0,0,2,96,"28.3801° N, 76.9845° E",28.3801,76.9845
921,flat,umang monsoon breeze,sector 78,0.8,4836.0,3,2,2,7.0,Moderately Old,U69662826,1472.0,0,1,0,0,0,0,102,"28.3733° N, 76.9729° E",28.3733,76.9729
922,flat,godrej oasis,sector 88a,1.4,7567.0,3,3,3+,4.0,Relatively New,W63761930,1674.0,0,0,0,0,0,2,38,"28.4347° N, 76.9557° E",28.4347,76.9557
923,flat,emaar mgf the enclave,sector 66,2.1,12352.0,3,4,2,12.0,Relatively New,I69849886,1800.0,0,0,0,1,0,2,156,"28.3925° N, 77.0541° E",28.3925,77.0541
924,flat,tulip violet,sector 69,1.6,10139.0,3,3,2,0.0,Relatively New,J69722208,1428.0,0,1,0,0,0,0,166,"28.3966° N, 77.0341° E",28.3966,77.0341
925,flat,indiabulls enigma,sector 110,3.3,9850.0,4,5,3,7.0,Relatively New,F69578270,3032.0,0,0,0,1,0,0,101,"28.5145° N, 77.0197° E",28.5145,77.0197
926,flat,pareena coban residences,sector 99a,1.45,7260.0,3,5,3,11.0,Relatively New,O69288538,1807.0,0,0,0,1,1,2,49,"28.4561° N, 76.9542° E",28.4561,76.9542
927,flat,aardhya homesh,sector 67a,1.85,8043.0,4,4,0,4.0,New Property,A65698542,2556.0,0,0,0,0,0,0,0,"28.3960° N, 77.0372° E",28.396,77.0372
928,house,nitin vihar,sector 33,0.85,9444.0,3,2,0,1.0,Relatively New,J65398898,900.0,0,0,0,0,0,0,15,"28.4420° N, 77.0207° E",28.442,77.0207
929,house,independent,sector 31,3.25,22429.0,4,4,3+,3.0,Moderately Old,I69805104,1449.0,1,1,1,1,0,2,29,"28.4528° N, 77.0498° E",28.4528,77.0498
930,house,independent,sector 24,1.45,2984.0,3,3,1,2.0,Old Property,N52835680,540.0,0,0,0,0,0,0,9,"28.4939° N, 77.1038° E",28.4939,77.1038
931,flat,signature global city 92,sector 92,0.99,9074.0,3,2,3,1.0,Under Construction,O69837444,1091.0,0,0,0,0,0,0,24,"28.4079° N, 76.9153° E",28.4079,76.9153
932,house,dlf city plots phase 2,sector 25,6.3,35000.0,4,4,3+,2.0,Old Property,W69483562,1800.0,0,0,1,1,0,0,89,"28.4844° N, 77.0860° E",28.4844,77.086
933,house,independent,sector 8,0.62,11273.0,3,1,0,2.0,Moderately Old,T69442260,550.0,0,0,0,0,0,0,0,"28.3738° N, 76.8970° E",28.3738,76.897
934,flat,tulip violet,sector 69,1.68,8358.0,4,4,2,7.0,Relatively New,A68277302,1819.0,0,0,0,0,0,0,127,"28.3966° N, 77.0341° E",28.3966,77.0341
935,house,independent,sector 2,5.6,17284.0,8,6,3+,2.0,Moderately Old,Z64726172,3240.0,1,1,1,1,0,0,0,"28.5095° N, 77.0320° E",28.5095,77.032
936,house,independent,sector 2,4.99,18889.0,4,4,3+,3.0,Moderately Old,W56236972,2642.0,0,1,1,1,0,0,43,"28.5095° N, 77.0320° E",28.5095,77.032
937,flat,ansal sushant residency,sector 57,1.5,6775.0,3,2,3+,1.0,Moderately Old,J57101242,273.0,0,0,0,0,0,0,87,"28.4232° N, 77.0752° E",28.4232,77.0752
938,flat,kendriya vihar,sector 56,0.58,9586.0,1,1,1,1.0,Old Property,H68824868,672.0,0,0,0,0,0,0,77,"28.4245° N, 77.0991° E",28.4245,77.0991
939,flat,sanskriti apartments,sector 43,2.5,13513.0,3,2,3,5.0,Old Property,O62778832,1674.0,1,0,0,0,0,0,0,"28.4629° N, 77.0772° E",28.4629,77.0772
940,flat,signature global city 92,sector 92,0.78,7722.0,2,2,3,2.0,Under Construction,C69153300,846.0,0,0,0,0,1,0,24,"28.4079° N, 76.9153° E",28.4079,76.9153
941,house,independent,sector 12,0.9,13333.0,2,4,0,2.0,Old Property,J69911244,675.0,0,0,0,0,0,0,0,"28.4723° N, 77.0320° E",28.4723,77.032
942,flat,orris aster court premier,sector 85,1.38,6509.0,3,4,2,6.0,Relatively New,Y69612194,1616.0,0,0,0,1,0,0,76,"28.4042° N, 76.9513° E",28.4042,76.9513
943,flat,m3m skywalk,sector 74,1.54,10814.0,2,2,3+,15.0,Relatively New,M69704330,1200.0,0,0,0,0,1,0,137,"28.4158° N, 77.0118° E",28.4158,77.0118
944,house,emaar mgf marbella,sector 66,11.0,33951.0,5,6,3+,2.0,New Property,X69790500,3240.0,1,1,1,1,0,2,153,"28.3925° N, 77.0541° E",28.3925,77.0541
945,house,dlf city plots phase 2,sector 25,4.5,33333.0,5,3,2,3.0,Old Property,Z70105996,1350.0,0,1,1,0,0,0,25,"28.4844° N, 77.0860° E",28.4844,77.086
946,house,saksham welfare association,sector 22,4.7,19847.0,6,6,3+,2.0,Old Property,D70220764,2368.0,0,1,1,0,0,2,106,"28.5072° N, 77.0640° E",28.5072,77.064
947,flat,m3m soulitude,sector 89,1.25,8784.0,3,3,2,3.0,New Property,P69726906,1581.0,1,0,0,0,0,0,49,"28.4253° N, 76.9439° E",28.4253,76.9439
948,house,international city by sobha phase 1,sector 109,6.3,9000.0,4,5,3+,2.0,Relatively New,R70071386,7000.0,0,0,0,0,0,2,122,"28.5073° N, 77.0089° E",28.5073,77.0089
949,flat,mahindra aura,sector 110,2.25,9266.0,4,4,3+,2.0,Relatively New,I69292978,2350.0,0,0,0,1,0,0,152,"28.5145° N, 77.0197° E",28.5145,77.0197
950,flat,shree vardhman victoria,sector 70,1.75,8205.0,3,5,3,7.0,New Property,O66445254,1527.0,0,1,0,1,0,0,37,"28.3968° N, 77.0233° E",28.3968,77.0233
951,flat,dlf beverly park,sector 25,8.0,15384.0,5,5,3+,2.0,Old Property,G66937926,5778.0,1,1,0,1,1,1,26,"28.4844° N, 77.0860° E",28.4844,77.086
952,flat,ireo the grand arch,sector 58,4.0,18484.0,3,4,3,5.0,Old Property,C69281542,2164.0,0,0,0,1,0,2,49,"28.4200° N, 77.1105° E",28.42,77.1105
953,flat,m3m merlin,sector 67,3.4,14418.0,3,4,3,16.0,Relatively New,F69941624,2016.0,0,0,0,1,0,2,174,"28.3859° N, 77.0608° E",28.3859,77.0608
954,house,independent,sector 12,1.0,8230.0,3,7,3+,3.0,Moderately Old,A70139096,3750.0,0,1,1,0,0,0,7,"28.4723° N, 77.0320° E",28.4723,77.032
955,flat,dlf new town heights,sector 90,1.65,6979.0,4,4,3+,15.0,Moderately Old,S69409454,2139.0,0,0,0,1,0,2,137,"28.4085° N, 76.9369° E",28.4085,76.9369
956,flat,vatika gurgaon,sector 83,0.83,6666.0,2,2,2,12.0,Relatively New,H69993234,1154.0,0,1,0,0,0,0,165,"28.3986° N, 76.9647° E",28.3986,76.9647
957,flat,ansal estella,sector 103,1.5,8670.0,3,3,3+,6.0,Under Construction,B55783602,1741.0,0,0,0,0,0,0,58,"28.4949° N, 76.9845° E",28.4949,76.9845
958,house,independent,sector 24,2.75,7666.0,7,7,3+,3.0,Moderately Old,R41668751,3000.0,0,0,0,0,1,2,0,"28.4939° N, 77.1038° E",28.4939,77.1038
959,flat,paras dews,sector 106,1.15,6052.0,3,4,3,5.0,Relatively New,W69429012,1305.0,1,0,0,1,0,0,49,"28.5007° N, 77.0003° E",28.5007,77.0003
960,flat,tulip ivory,sector 70,2.0,8333.0,4,5,3+,2.0,Relatively New,C69096992,2172.0,0,0,0,1,0,2,49,"28.3968° N, 77.0233° E",28.3968,77.0233
961,flat,nul,gwal pahari,0.56,6054.0,2,2,1,11.0,Old Property,D64271316,1028.0,0,0,0,0,0,2,0,"28.4484° N, 77.0210° E",28.4484,77.021
962,house,tulip yellow,sector 69,2.95,16389.0,4,3,2,3.0,New Property,D68552526,1800.0,0,1,0,0,1,1,111,"28.3966° N, 77.0341° E",28.3966,77.0341
963,flat,surendra avenue 69,sector 69,0.75,6818.0,2,2,2,4.0,Moderately Old,W69007956,1100.0,0,0,0,0,0,0,0,"28.3966° N, 77.0341° E",28.3966,77.0341
964,flat,m3m merlin,sector 67,3.4,14418.0,3,4,3,15.0,Relatively New,Q69178748,2123.0,0,0,0,1,0,2,110,"28.3859° N, 77.0608° E",28.3859,77.0608
965,house,ss aaron ville,sector 49,6.5,18808.0,5,5,2,2.0,Relatively New,E69101626,3456.0,1,1,0,1,0,2,28,"28.4121° N, 77.0480° E",28.4121,77.048
966,flat,vipul world floors,sector 48,4.3,13870.0,4,5,3+,4.0,New Property,L69086224,3444.0,1,1,0,1,0,0,88,"28.4177° N, 77.0359° E",28.4177,77.0359
967,house,independent,sector 81,0.89,8127.0,1,1,0,1.0,Relatively New,Z66401012,1095.0,0,0,0,0,0,0,0,"28.3867° N, 76.9485° E",28.3867,76.9485
968,flat,ss,sector 85,1.19,7121.0,2,2,3,11.0,Relatively New,I70084618,1670.0,0,0,0,0,0,0,49,"28.4042° N, 76.9513° E",28.4042,76.9513
969,flat,pareena laxmi apartments,sector 99a,0.3,5424.0,2,1,2,5.0,New Property,N59583676,511.0,0,0,0,0,0,0,66,"28.4561° N, 76.9542° E",28.4561,76.9542
970,flat,espire south,sector 68,1.32,9050.0,2,2,2,9.0,New Property,P10875875,1460.0,0,0,0,0,0,0,0,"28.3853° N, 77.0484° E",28.3853,77.0484
971,flat,ss,sector 85,2.17,7716.0,4,4,3,7.0,Relatively New,F70087600,2600.0,1,1,0,1,0,0,49,"28.4042° N, 76.9513° E",28.4042,76.9513
972,flat,ansal height 86,sector 86,0.8,5882.0,2,2,0,1.0,Relatively New,D65720886,1360.0,0,0,0,0,0,0,0,"28.3986° N, 76.9384° E",28.3986,76.9384
973,house,independent,sector 4,0.92,15257.0,1,4,3,4.0,Moderately Old,N68485626,603.0,0,0,0,0,1,0,0,"28.4738° N, 77.0107° E",28.4738,77.0107
974,house,independent,sector 56,2.95,20233.0,2,2,0,1.0,Moderately Old,N68021704,1458.0,0,0,0,0,0,0,0,"28.4245° N, 77.0991° E",28.4245,77.0991
975,flat,rof ananda,sector 95,0.38,5899.0,2,2,2,5.0,Relatively New,V69673278,716.0,1,0,0,0,0,0,83,"28.4172° N, 76.9081° E",28.4172,76.9081
976,house,independent,sector 28,10.5,32407.0,5,6,3+,3.0,New Property,B70269720,3240.0,1,1,0,1,0,2,153,"28.4728° N, 77.0865° E",28.4728,77.0865
977,house,independent,sector 39,7.0,10000.0,10,11,3+,4.0,Relatively New,A65044918,7000.0,0,1,0,0,0,2,38,"28.4434° N, 77.0515° E",28.4434,77.0515
978,flat,bptp terra,sector 37d,1.4,7730.0,3,3,3,5.0,Relatively New,B70095032,1711.0,0,0,0,0,0,2,149,"28.4478° N, 76.9703° E",28.4478,76.9703
979,flat,breez global heights 88a,sector 88a,0.5,8375.0,3,2,2,2.0,Under Construction,M69324534,663.0,0,0,0,0,0,0,15,"28.4347° N, 76.9557° E",28.4347,76.9557
980,house,independent,sector 11,1.2,4444.0,7,3,0,3.0,Moderately Old,B68022236,300.0,0,0,0,0,0,0,0,"28.4531° N, 77.0202° E",28.4531,77.0202
981,flat,emaar mgf emerald floors premier,sector 65,2.35,14242.0,3,3,3,2.0,Relatively New,B69425706,1650.0,1,0,0,1,0,0,158,"28.4030° N, 77.0690° E",28.403,77.069
982,flat,sidhartha ncr greens,sector 95,0.6,5576.0,2,2,2,14.0,Relatively New,F58024702,974.0,1,0,0,0,0,0,31,"28.4172° N, 76.9081° E",28.4172,76.9081
983,flat,mapsko royale ville,sector 82,1.15,6424.0,3,4,2,15.0,Relatively New,F69689494,1620.0,0,1,0,1,0,2,104,"28.3935° N, 76.9600° E",28.3935,76.96
984,house,independent,sector 38,3.5,20323.0,3,2,2,1.0,Moderately Old,L69594452,1722.0,0,0,0,0,0,0,0,"28.4347° N, 77.0430° E",28.4347,77.043
985,flat,emaar mgf the palm drive,sector 66,3.98,18090.0,3,4,3+,2.0,Moderately Old,F69632998,2200.0,0,0,0,1,0,2,123,"28.3925° N, 77.0541° E",28.3925,77.0541
986,flat,shree vardhman victoria,sector 70,1.1,8461.0,2,2,2,8.0,Relatively New,B69475926,1444.0,0,0,0,0,0,0,101,"28.3968° N, 77.0233° E",28.3968,77.0233
987,flat,adani brahma samsara vilasa,sector 63,3.35,16470.0,3,3,3+,3.0,New Property,G70076628,2034.0,0,0,0,0,0,2,16,"28.3971° N, 77.0867° E",28.3971,77.0867
988,house,independent,sector 31,3.5,24155.0,4,4,3,2.0,Old Property,I69623900,1449.0,0,0,1,0,0,2,70,"28.4528° N, 77.0498° E",28.4528,77.0498
989,flat,imperia the esfera,sector 37c,1.4,5384.0,4,5,3,9.0,Relatively New,X70042654,2343.0,1,1,0,1,1,0,49,"28.4515° N, 76.9882° E",28.4515,76.9882
990,flat,puri emerald bay,sector 104,2.45,10000.0,3,4,3+,14.0,Relatively New,C57408058,2131.0,0,0,0,1,0,2,56,"28.4788° N, 76.9960° E",28.4788,76.996
991,flat,dlf the ultima,sector 81,2.4,11257.0,3,3,2,10.0,Relatively New,Q69406436,1800.0,0,0,0,1,0,1,174,"28.3867° N, 76.9485° E",28.3867,76.9485
992,flat,ss the leaf,sector 85,1.18,10094.0,2,3,3,12.0,Relatively New,F69362472,1420.0,0,1,0,0,0,2,150,"28.4042° N, 76.9513° E",28.4042,76.9513
993,house,not applicable,sector 4,0.65,13000.0,2,1,1,3.0,Moderately Old,W62605348,500.0,0,0,0,0,0,0,7,"28.4738° N, 77.0107° E",28.4738,77.0107
994,flat,corona gracieux,sector 76,0.75,5660.0,2,2,3,13.0,Relatively New,H66748594,1199.0,0,0,0,0,0,2,0,"28.3935° N, 76.9888° E",28.3935,76.9888
995,flat,ramprastha the edge towers,sector 37d,0.71,5420.0,2,2,3,10.0,New Property,W38206361,1100.0,0,0,0,0,1,0,38,"28.4478° N, 76.9703° E",28.4478,76.9703
996,flat,godrej air,sector 85,1.83,10005.0,3,3,3+,18.0,Under Construction,I68755244,2032.0,0,0,0,0,0,0,110,"28.4042° N, 76.9513° E",28.4042,76.9513
997,flat,tarc maceo,sector 91,0.87,6641.0,2,2,2,9.0,Relatively New,Y68626474,1148.0,0,0,1,0,0,0,78,"28.4014° N, 76.9225° E",28.4014,76.9225
998,house,dlf city plots phase 2,sector 25,6.5,33592.0,3,9,3+,3.0,Old Property,J68736140,1935.0,1,1,1,1,0,2,142,"28.4844° N, 77.0860° E",28.4844,77.086
999,house,independent,sector 25,6.6,36667.0,6,7,3+,2.0,Moderately Old,S69218322,1800.0,1,0,0,1,0,2,119,"28.4844° N, 77.0860° E",28.4844,77.086
1000,flat,supertech araville,sector 79,0.9,5883.0,2,2,3,5.0,Relatively New,P51632760,1450.0,1,0,0,0,0,0,53,"28.3624° N, 76.9787° E",28.3624,76.9787
1001,house,emaar mgf marbella,sector 66,9.0,21251.0,4,4,3+,2.0,Relatively New,F69979706,5200.0,0,1,1,1,0,2,114,"28.3925° N, 77.0541° E",28.3925,77.0541
1002,house,international city by sobha phase 2,sector 109,9.5,26389.0,5,5,3+,2.0,Relatively New,D70111744,3600.0,1,1,1,1,0,0,133,"28.5073° N, 77.0089° E",28.5073,77.0089
1003,flat,sbtl caladium,sector 109,1.35,7180.0,3,2,3+,12.0,Relatively New,L70071834,1477.0,0,0,0,0,0,0,128,"28.5073° N, 77.0089° E",28.5073,77.0089
1004,flat,bestech park view spa next,sector 67,2.7,11489.0,4,4,3+,9.0,Moderately Old,D69101368,2127.0,0,1,0,1,0,2,149,"28.3859° N, 77.0608° E",28.3859,77.0608
1005,flat,godrej oasis,sector 88a,2.65,16747.0,3,3,3+,10.0,New Property,N33894215,1582.0,0,0,0,0,0,0,110,"28.4347° N, 76.9557° E",28.4347,76.9557
1006,flat,raheja navodaya,sector 92,1.1,4681.0,3,2,3,0.0,Relatively New,V69903428,2350.0,0,0,0,0,0,0,0,"28.4079° N, 76.9153° E",28.4079,76.9153
1007,flat,paras dews,sector 106,1.35,7297.0,4,4,3+,18.0,Relatively New,P69626214,2100.0,0,1,0,1,0,2,174,"28.5007° N, 77.0003° E",28.5007,77.0003
1008,flat,godrej nature plus,sector 33,1.25,9025.0,2,2,3+,15.0,Under Construction,H66348120,1539.0,0,0,0,0,0,0,44,"28.4420° N, 77.0207° E",28.442,77.0207
1009,flat,orris aster court premier,sector 85,1.73,6757.0,4,5,3+,8.0,Relatively New,X69344002,2017.0,0,0,0,1,0,0,16,"28.4042° N, 76.9513° E",28.4042,76.9513
1010,flat,orchid petals,sector 49,2.23,10969.0,3,3,3,14.0,Relatively New,T70022696,1840.0,0,0,0,0,1,0,40,"28.4121° N, 77.0480° E",28.4121,77.048
1011,flat,m3m soulitude,sector 89,1.32,16923.0,3,3,3,1.0,Under Construction,M68320998,867.0,0,0,0,0,0,0,45,"28.4253° N, 76.9439° E",28.4253,76.9439
1012,flat,m3m skycity,sector 65,2.1,16030.0,2,2,2,43.0,New Property,O68590264,1186.0,0,0,0,0,0,0,127,"28.4030° N, 77.0690° E",28.403,77.069
1013,flat,sobha city,sector 108,2.95,14727.0,3,4,2,12.0,Relatively New,L69219164,2003.0,0,0,0,0,0,0,49,"28.5134° N, 76.9830° E",28.5134,76.983
1014,flat,assotech blith,sector 99,1.9,6702.0,4,4,3+,2.0,New Property,B68924958,2835.0,0,0,0,0,0,0,51,"28.4640° N, 76.9614° E",28.464,76.9614
1015,house,independent,sector 7,0.9,10000.0,2,4,3,3.0,Old Property,S70077862,900.0,0,0,0,1,1,2,44,"28.4644° N, 77.0143° E",28.4644,77.0143
1016,flat,m3m antalya hills,sector 79,1.15,7496.0,3,3,3+,1.0,Under Construction,R68390214,1200.0,1,0,0,0,0,0,51,"28.3624° N, 76.9787° E",28.3624,76.9787
1017,house,international city by sobha phase 1,sector 109,6.75,10838.0,4,4,3+,2.0,New Property,T70221950,6228.0,0,1,0,1,0,0,130,"28.5073° N, 77.0089° E",28.5073,77.0089
1018,flat,smart world orchard,sector 61,2.1,13750.0,3,2,3,3.0,Under Construction,Z68190980,1534.0,0,0,0,0,0,0,146,"28.4050° N, 77.0963° E",28.405,77.0963
1019,house,international city by sobha phase 1,sector 109,5.7,10556.0,4,4,3+,4.0,Relatively New,W69282118,5400.0,1,0,0,1,0,0,98,"28.5073° N, 77.0089° E",28.5073,77.0089
1020,flat,umang winter hills,sector 77,1.1,5296.0,3,4,3+,9.0,Relatively New,B69655158,1829.0,0,0,0,1,0,0,49,"28.3801° N, 76.9845° E",28.3801,76.9845
1021,flat,supertech hilltown,sector 2,0.8,5556.0,3,2,3,8.0,Moderately Old,P68483460,1440.0,0,0,0,0,0,0,0,"28.5095° N, 77.0320° E",28.5095,77.032
1022,flat,shri banke bihari society,sector 56,1.35,6750.0,3,3,3,5.0,Old Property,N70091858,1800.0,0,0,0,0,1,2,82,"28.4245° N, 77.0991° E",28.4245,77.0991
1023,flat,ats triumph,sector 104,4.45,6846.0,4,5,3+,27.0,Relatively New,W69548040,7222.0,0,0,0,0,0,0,110,"28.4788° N, 76.9960° E",28.4788,76.996
1024,flat,smart world orchard,sector 61,1.5,12500.0,2,2,2,2.0,Under Construction,D67228138,1333.0,1,0,0,0,0,0,49,"28.4050° N, 77.0963° E",28.405,77.0963
1025,house,independent,sector 28,9.0,27778.0,6,7,3+,3.0,Moderately Old,E69552472,3240.0,1,1,1,1,0,0,67,"28.4728° N, 77.0865° E",28.4728,77.0865
1026,flat,ansal housing highland park,sector 103,2.0,7490.0,4,5,3+,14.0,New Property,S64281756,2416.0,0,0,0,1,0,0,45,"28.4949° N, 76.9845° E",28.4949,76.9845
1027,flat,zara aavaas,sector 104,0.26,7807.0,1,1,2,0.0,Relatively New,O64023902,301.0,0,0,0,0,0,0,91,"28.4788° N, 76.9960° E",28.4788,76.996
1028,flat,bajrang apartments,sector 6,0.38,4470.0,2,2,2,1.0,Moderately Old,A57263334,944.0,0,0,0,0,0,0,0,"28.4745° N, 77.0262° E",28.4745,77.0262
1029,flat,millenia,sector 37c,0.4,6666.0,2,2,2,4.0,New Property,V56135054,667.0,0,0,0,0,0,0,29,"28.4515° N, 76.9882° E",28.4515,76.9882
1030,flat,bptp amstoria,sector 102,1.9,8444.0,3,3,3+,1.0,Relatively New,M69712964,2500.0,0,0,0,1,0,0,174,"28.4750° N, 76.9715° E",28.475,76.9715
1031,flat,green court,sector 90,0.47,6811.0,2,2,1,0.0,New Property,Z68954336,767.0,0,0,0,0,0,0,49,"28.4085° N, 76.9369° E",28.4085,76.9369
1032,flat,birla navya,sector 63a,3.3,15348.0,3,3,3,4.0,Under Construction,S67017156,2150.0,0,0,0,1,0,0,52,"28.3923° N, 77.0888° E",28.3923,77.0888
1033,flat,sunischit apartments,sector 54,1.75,7954.0,3,3,3+,6.0,Moderately Old,K69101478,2100.0,0,0,0,1,0,2,126,"28.4348° N, 77.1089° E",28.4348,77.1089
1034,flat,dlf new town heights,sector 90,1.54,6514.0,4,4,3+,12.0,Moderately Old,Z69624264,2200.0,0,1,0,1,0,2,111,"28.4085° N, 76.9369° E",28.4085,76.9369
1035,house,unitech deerwood chase,sector 50,15.0,33333.0,4,4,2,2.0,Moderately Old,M69448868,4500.0,0,0,0,1,0,0,160,"28.4178° N, 77.0628° E",28.4178,77.0628
1036,flat,prasha apartments,manesar,0.75,3309.0,3,3,3+,3.0,Moderately Old,N68201050,1914.0,0,0,0,1,0,0,31,"28.3515° N, 76.9428° E",28.3515,76.9428
1037,flat,pivotal devaan,sector 84,0.35,7246.0,2,2,2,4.0,Relatively New,M69329972,537.0,0,0,0,0,0,0,37,"28.3979° N, 76.9736° E",28.3979,76.9736
1038,flat,kibithu villas,sector 48,3.45,12777.0,4,4,3+,2.0,Moderately Old,N69737906,3000.0,0,0,0,0,0,0,0,"28.4177° N, 77.0359° E",28.4177,77.0359
1039,flat,new sathi apartments,sector 54,1.59,7066.0,3,3,3+,3.0,Moderately Old,Q70116484,2250.0,1,0,0,0,0,2,127,"28.4348° N, 77.1089° E",28.4348,77.1089
1040,flat,ild greens,sector 37c,0.75,5245.0,2,2,3+,13.0,Relatively New,A68021584,1430.0,0,0,0,0,0,0,51,"28.4515° N, 76.9882° E",28.4515,76.9882
1041,flat,ambience creacions,sector 22,6.16,20533.0,4,5,3+,10.0,New Property,I68793680,3333.0,0,1,0,1,0,2,49,"28.5072° N, 77.0640° E",28.5072,77.064
1042,house,independent,sector 7,2.0,11111.0,2,2,1,2.0,Relatively New,X69503654,1800.0,0,0,0,0,0,0,0,"28.4644° N, 77.0143° E",28.4644,77.0143
1043,flat,shree vardhman victoria,sector 70,1.63,8358.0,3,3,3,5.0,New Property,W69217906,1527.0,0,0,0,1,1,0,49,"28.3968° N, 77.0233° E",28.3968,77.0233
1044,flat,shree vardhman victoria,sector 70,1.63,8358.0,3,5,3,12.0,Relatively New,F69936886,1527.0,0,0,0,1,0,0,43,"28.3968° N, 77.0233° E",28.3968,77.0233
1045,flat,antriksh heights,sector 84,0.9,4931.0,3,3,3,11.0,Relatively New,L67426630,1652.0,0,0,0,0,0,0,87,"28.3979° N, 76.9736° E",28.3979,76.9736
1046,flat,spaze privy at,sector 84,1.35,9642.0,3,3,3,7.0,Relatively New,C68524508,1750.0,0,1,0,0,0,0,90,"28.3979° N, 76.9736° E",28.3979,76.9736
1047,house,independent,sector 105,1.35,3857.0,5,3,3,3.0,Moderately Old,Y69750790,3500.0,0,0,0,0,0,0,0,"28.4952° N, 77.0114° E",28.4952,77.0114
1048,flat,ansal heights 86,sector 86,0.78,5735.0,2,2,1,8.0,New Property,O53677516,1231.0,0,0,0,0,0,0,67,"28.3986° N, 76.9384° E",28.3986,76.9384
1049,flat,eldeco accolade,sector 33,1.2,8043.0,2,2,2,0.0,New Property,N68022478,1492.0,1,0,0,0,0,0,55,"28.4420° N, 77.0207° E",28.442,77.0207
1050,house,nirvana cedar crest,sector 50,3.99,8866.0,4,5,3+,4.0,New Property,T69882738,4500.0,0,1,0,1,0,2,112,"28.4178° N, 77.0628° E",28.4178,77.0628
1051,flat,vatika sovereign park,sector 99,3.25,9672.0,4,4,3+,2.0,New Property,J69033378,3041.0,0,0,0,1,0,0,123,"28.4640° N, 76.9614° E",28.464,76.9614
1052,house,tata primanti,sector 72,8.6,12285.0,4,5,3+,3.0,Relatively New,K69320648,7000.0,0,0,0,0,0,2,30,"28.4225° N, 77.0211° E",28.4225,77.0211
1053,flat,indiabulls enigma,sector 110,3.25,9558.0,4,4,3,11.0,Relatively New,Q44349385,3077.0,0,0,0,1,1,0,125,"28.5145° N, 77.0197° E",28.5145,77.0197
1054,flat,shree vardhman flora,sector 90,1.3,5252.0,4,5,2,9.0,Relatively New,T68041170,2134.0,1,0,0,1,0,0,110,"28.4085° N, 76.9369° E",28.4085,76.9369
1055,house,shri shyam residency,sector 104,0.62,12400.0,3,3,1,2.0,Moderately Old,J49925954,900.0,0,0,0,0,1,1,8,"28.4788° N, 76.9960° E",28.4788,76.996
1056,flat,bestech park view ananda,sector 81,1.1,6686.0,3,2,3+,5.0,Relatively New,A70024488,1319.0,0,0,0,0,0,0,150,"28.3867° N, 76.9485° E",28.3867,76.9485
1057,flat,ambience creacions,sector 22,3.5,19444.0,3,4,3+,8.0,New Property,Z67904126,2000.0,0,0,0,1,0,2,57,"28.5072° N, 77.0640° E",28.5072,77.064
1058,house,independent,sector 14,5.0,22222.0,3,3,3,1.0,Moderately Old,X69899472,2250.0,0,0,0,0,0,0,25,"28.4711° N, 77.0454° E",28.4711,77.0454
1059,flat,beverley park 1,sector 43,8.44,16230.0,4,5,3,9.0,Moderately Old,B69728032,5000.0,0,0,0,1,0,1,117,"28.4629° N, 77.0772° E",28.4629,77.0772
1060,flat,signature the roselia,sector 95,0.41,6194.0,2,2,2,12.0,New Property,W68753936,670.0,1,0,0,0,0,2,90,"28.4172° N, 76.9081° E",28.4172,76.9081
1061,flat,malibu towne,sector 47,2.4,10000.0,3,3,0,0.0,Moderately Old,P58015548,2667.0,0,0,0,0,0,2,22,"28.4276° N, 77.0492° E",28.4276,77.0492
1062,flat,satya the hermitage,sector 103,0.99,6655.0,3,4,3+,2.0,Relatively New,Q68360998,1731.0,0,1,0,1,0,0,174,"28.4949° N, 76.9845° E",28.4949,76.9845
1063,flat,ild grand,sector 37c,1.35,7142.0,3,3,0,1.0,New Property,J69691190,1820.0,0,0,0,0,0,0,60,"28.4515° N, 76.9882° E",28.4515,76.9882
1064,flat,smart world orchard,sector 61,1.58,13739.0,2,2,2,3.0,New Property,H69343242,1278.0,1,0,0,0,0,0,15,"28.4050° N, 77.0963° E",28.405,77.0963
1065,house,independent,sector 27,8.0,26298.0,9,9,3,4.0,Relatively New,R69688626,3042.0,1,1,1,1,0,1,110,"28.4658° N, 77.0917° E",28.4658,77.0917
1066,house,independent,sector 7,3.85,14650.0,4,4,3,3.0,Old Property,K66386668,2628.0,0,0,0,0,0,0,27,"28.4644° N, 77.0143° E",28.4644,77.0143
1067,flat,alpha corp gurgaonone,sector 84,1.52,7904.0,3,4,3,15.0,Relatively New,C69570590,1703.0,0,0,0,1,0,0,92,"28.3979° N, 76.9736° E",28.3979,76.9736
1068,house,independent,sector 26,4.0,29630.0,4,4,3,2.0,Old Property,V66556640,1350.0,0,0,1,0,0,0,41,"28.4757° N, 77.1032° E",28.4757,77.1032
1069,flat,vatika gurgaon,sector 83,0.95,6574.0,2,2,3,5.0,Relatively New,H68325858,1300.0,0,0,0,0,0,2,96,"28.3986° N, 76.9647° E",28.3986,76.9647
1070,flat,experion the heartsong,sector 108,1.36,6542.0,3,2,3+,2.0,Relatively New,J60561956,1343.0,1,0,0,1,0,2,77,"28.5134° N, 76.9830° E",28.5134,76.983
1071,flat,raheja vedaanta,sector 108,0.85,4637.0,3,3,2,2.0,Relatively New,F69668674,1500.0,0,0,0,1,0,0,65,"28.5134° N, 76.9830° E",28.5134,76.983
1072,flat,sagar apartment,sector 56,1.45,7250.0,3,3,3+,7.0,Old Property,K69831288,1900.0,1,1,0,1,1,0,166,"28.4245° N, 77.0991° E",28.4245,77.0991
1073,flat,central park flower valley aqua front towers,sector 33,2.1,11738.0,3,3,2,6.0,Under Construction,D68629316,1619.0,0,0,0,0,0,0,24,"28.4420° N, 77.0207° E",28.442,77.0207
1074,flat,puri emerald bay,sector 104,1.58,9117.0,2,3,3,11.0,Relatively New,X69577774,1538.0,0,0,0,1,0,0,101,"28.4788° N, 76.9960° E",28.4788,76.996
1075,house,vatika the seven lamps,sector 82,1.6,6597.0,4,4,3+,16.0,Moderately Old,Z69276224,2425.0,0,0,0,1,0,0,94,"28.3935° N, 76.9600° E",28.3935,76.96
1076,flat,dlf regal gardens,sector 90,1.24,7065.0,3,3,3+,9.0,Relatively New,Y42062055,1600.0,0,0,0,0,1,0,72,"28.4085° N, 76.9369° E",28.4085,76.9369
1077,house,not applicable,sector 11,2.2,12222.0,4,3,2,1.0,Old Property,A70010838,1800.0,1,1,0,0,0,0,24,"28.4531° N, 77.0202° E",28.4531,77.0202
1078,flat,pioneer park,sector 61,2.04,14623.0,3,3,3+,16.0,Moderately Old,S69946912,1595.0,0,0,0,1,0,2,165,"28.4050° N, 77.0963° E",28.405,77.0963
1079,flat,silverglades hightown residences,sector 43,4.2,19767.0,3,4,2,7.0,Under Construction,L69042452,2125.0,0,0,0,0,0,0,42,"28.4629° N, 77.0772° E",28.4629,77.0772
1080,flat,sbtl caladium,sector 109,1.9,6219.0,4,4,3,8.0,Relatively New,Z68554704,2765.0,0,0,0,1,0,0,151,"28.5073° N, 77.0089° E",28.5073,77.0089
1081,flat,baani city center,sector 63,0.88,10945.0,1,1,2,4.0,New Property,B68022322,804.0,0,0,0,0,0,0,0,"28.3971° N, 77.0867° E",28.3971,77.0867
1082,flat,tata primanti,sector 72,5.0,11363.0,4,4,3+,2.0,New Property,V69925314,4000.0,1,0,1,1,0,2,174,"28.4225° N, 77.0211° E",28.4225,77.0211
1083,house,independent,sector 40,2.1,23333.0,3,3,2,3.0,Moderately Old,R70119090,900.0,0,0,0,0,1,2,35,"28.4498° N, 77.0567° E",28.4498,77.0567
1084,flat,supertech araville,sector 79,1.0,6535.0,2,2,3,4.0,Relatively New,V69868266,1700.0,1,0,0,0,0,0,24,"28.3624° N, 76.9787° E",28.3624,76.9787
1085,flat,bestech park view spa next,sector 67,2.85,12127.0,4,4,3+,5.0,Moderately Old,N69768328,2127.0,0,1,0,1,0,2,149,"28.3859° N, 77.0608° E",28.3859,77.0608
1086,flat,mahindra luminare,sector 59,5.8,19173.0,3,4,3,16.0,New Property,M69341604,3361.0,0,0,0,1,0,2,49,"28.4051° N, 77.1097° E",28.4051,77.1097
1087,flat,ats triumph,sector 104,2.78,8825.0,4,4,3+,11.0,Relatively New,Z69574404,2851.0,0,0,0,1,0,0,110,"28.4788° N, 76.9960° E",28.4788,76.996
1088,flat,ambience creacions,sector 22,3.2,11500.0,3,4,3+,2.0,New Property,P63118582,2517.0,0,0,0,0,0,0,42,"28.5072° N, 77.0640° E",28.5072,77.064
1089,house,independent,sector 21,0.6,6173.0,3,3,2,3.0,Old Property,R57077514,972.0,0,0,0,0,0,0,0,"28.5134° N, 77.0723° E",28.5134,77.0723
1090,flat,ramprastha the edge towers,sector 37d,0.8,8888.0,2,2,3,10.0,Relatively New,J62977642,1310.0,0,0,0,0,1,0,166,"28.4478° N, 76.9703° E",28.4478,76.9703
1091,flat,ansals duplex flat,sector 2,0.95,7307.0,2,3,2,1.0,Old Property,G57399674,1444.0,1,0,0,0,0,2,20,"28.5095° N, 77.0320° E",28.5095,77.032
1092,flat,tarc maceo,sector 91,1.8,7758.0,3,3,3+,0.0,Relatively New,Y70059098,2578.0,0,1,0,0,0,1,45,"28.4014° N, 76.9225° E",28.4014,76.9225
1093,flat,bestech spa signature,sector 81,4.45,10595.0,4,4,3+,8.0,Relatively New,C69362138,3850.0,1,1,0,1,1,2,49,"28.3867° N, 76.9485° E",28.3867,76.9485
1094,flat,pareena coban residences,sector 99a,1.05,6774.0,2,2,3,2.0,Relatively New,J69105146,1390.0,1,0,0,0,0,0,49,"28.4561° N, 76.9542° E",28.4561,76.9542
1095,flat,emaar mgf emerald floors premier,sector 65,2.85,14430.0,4,4,3+,0.0,Relatively New,K66759876,1975.0,1,0,0,1,0,2,151,"28.4030° N, 77.0690° E",28.403,77.069
1096,house,row house,sector 105,0.43,9135.0,3,3,3,2.0,Relatively New,R12733325,1050.0,0,0,0,0,0,0,0,"28.4952° N, 77.0114° E",28.4952,77.0114
1097,flat,m3m merlin,sector 67,3.4,14418.0,3,4,3+,16.0,Relatively New,O69847906,2134.0,0,0,0,1,0,2,158,"28.3859° N, 77.0608° E",28.3859,77.0608
1098,flat,suncity vatsal valley,gwal pahari,1.53,10699.0,3,3,3,2.0,New Property,F69846044,1589.0,0,0,0,0,0,2,117,"28.4484° N, 77.0210° E",28.4484,77.021
1099,flat,tulip white,sector 69,0.9,6787.0,3,2,3,6.0,Relatively New,T69628634,1473.0,0,1,0,0,0,0,121,"28.3966° N, 77.0341° E",28.3966,77.0341
1100,flat,shree vardhman victoria,sector 70,1.65,8461.0,3,4,3,1.0,Relatively New,X69647784,1586.0,0,0,0,1,0,1,167,"28.3968° N, 77.0233° E",28.3968,77.0233
1101,flat,ansal harmony homes,sector 57,1.12,10666.0,2,2,1,0.0,Old Property,I56151784,950.0,0,0,0,0,0,0,72,"28.4232° N, 77.0752° E",28.4232,77.0752
1102,flat,smart world orchard,sector 61,2.41,14785.0,3,3,3,2.0,New Property,T69058716,1630.0,0,0,0,0,0,0,61,"28.4050° N, 77.0963° E",28.405,77.0963
1103,flat,godrej air,sector 85,1.05,10603.0,2,2,1,15.0,Under Construction,M68036016,97.0,0,0,0,0,0,0,45,"28.4042° N, 76.9513° E",28.4042,76.9513
1104,flat,imperia the esfera,sector 37c,0.95,5703.0,2,2,0,17.0,Under Construction,Y64213894,1578.0,0,0,0,1,0,0,66,"28.4515° N, 76.9882° E",28.4515,76.9882
1105,house,unitech uniworld resorts,sector 33,8.0,11428.0,4,4,3+,2.0,Old Property,D70122248,7000.0,1,1,1,1,0,0,77,"28.4420° N, 77.0207° E",28.442,77.0207
1106,flat,emaar palm gardens,sector 83,1.38,8023.0,3,3,3,5.0,Relatively New,F68628664,1350.0,0,0,0,1,0,2,8,"28.3986° N, 76.9647° E",28.3986,76.9647
1107,house,iffco nagar and 17b rwa,sector 17,3.5,24305.0,2,5,3,3.0,Old Property,C66372572,1440.0,0,0,0,0,0,0,44,"28.4791° N, 77.0608° E",28.4791,77.0608
1108,house,independent,sector 43,9.85,29642.0,5,5,2,3.0,Old Property,Z70335704,3323.0,1,1,0,1,0,0,21,"28.4629° N, 77.0772° E",28.4629,77.0772
1109,flat,emaar gurgaon greens,sector 102,1.49,9030.0,3,3,3,10.0,Relatively New,K69714928,1315.0,0,0,0,0,0,2,159,"28.4750° N, 76.9715° E",28.475,76.9715
1110,flat,m3m heights,sector 65,2.65,18492.0,2,2,3,4.0,New Property,I68332432,1433.0,1,0,0,0,0,0,38,"28.4030° N, 77.0690° E",28.403,77.069
1111,house,nirvana country,sector 50,10.0,14285.0,5,7,2,4.0,Moderately Old,A58935812,7000.0,0,0,0,1,0,1,0,"28.4178° N, 77.0628° E",28.4178,77.0628
1112,flat,bestech park view ananda,sector 81,1.45,8011.0,3,3,3,8.0,Relatively New,G68629204,1650.0,0,0,0,0,1,2,128,"28.3867° N, 76.9485° E",28.3867,76.9485
1113,flat,central park resorts,sector 48,5.15,20900.0,3,3,3+,8.0,Moderately Old,R68495434,2364.0,0,0,0,1,0,1,53,"28.4177° N, 77.0359° E",28.4177,77.0359
1114,flat,pioneer araya,sector 62,9.95,20995.0,4,6,3,12.0,Relatively New,X69844094,3933.0,0,1,0,1,0,2,138,"28.4139° N, 77.0886° E",28.4139,77.0886
1115,house,unitech palms south city 1,sector 41,9.25,28549.0,9,9,3+,4.0,Moderately Old,G70038692,5000.0,1,1,1,1,0,2,65,"28.4557° N, 77.0632° E",28.4557,77.0632
1116,house,independent,sector 15,1.07,11888.0,2,2,1,1.0,Old Property,T68571922,900.0,0,0,0,1,0,0,7,"28.4621° N, 77.0464° E",28.4621,77.0464
1117,flat,ss the leaf,sector 85,2.13,7574.0,4,4,3,6.0,Relatively New,K70087544,2600.0,0,0,0,0,0,0,49,"28.4042° N, 76.9513° E",28.4042,76.9513
1118,flat,conscient heritage max,sector 102,2.2,10237.0,3,4,3+,9.0,Moderately Old,A70043684,1945.0,1,0,0,1,0,0,125,"28.4750° N, 76.9715° E",28.475,76.9715
1119,flat,ss the leaf,sector 85,2.0,8305.0,3,4,3,8.0,Relatively New,G69751862,2179.0,0,0,0,1,0,0,21,"28.4042° N, 76.9513° E",28.4042,76.9513
1120,flat,dlf new town heights,sector 90,1.2,6217.0,3,3,3+,8.0,Moderately Old,T54190560,2144.0,0,1,0,1,0,0,59,"28.4085° N, 76.9369° E",28.4085,76.9369
1121,house,international city by sobha phase 2,sector 109,7.0,12963.0,4,4,3+,2.0,Relatively New,O61456382,5400.0,0,0,0,0,0,2,102,"28.5073° N, 77.0089° E",28.5073,77.0089
1122,flat,bestech park view ananda,sector 81,0.88,8042.0,2,2,3,8.0,Relatively New,E64877088,1223.0,1,0,0,0,0,2,95,"28.3867° N, 76.9485° E",28.3867,76.9485
1123,house,independent,sector 4,0.58,9619.0,2,2,1,2.0,Moderately Old,L69410538,67.0,0,1,0,0,1,0,7,"28.4738° N, 77.0107° E",28.4738,77.0107
1124,flat,bptp terra,sector 37d,1.6,7302.0,4,3,3+,7.0,Relatively New,U69144266,2000.0,0,0,0,0,1,2,139,"28.4478° N, 76.9703° E",28.4478,76.9703
1125,flat,indiabulls centrum park,sector 103,2.45,8521.0,4,6,3,5.0,Relatively New,V69714126,2602.0,0,0,0,1,0,0,38,"28.4949° N, 76.9845° E",28.4949,76.9845
1126,house,vipul tatvam villa,sector 48,7.65,19125.0,4,4,3,2.0,Moderately Old,Y66682764,4000.0,1,0,0,1,1,0,49,"28.4177° N, 77.0359° E",28.4177,77.0359
1127,flat,tulip violet,sector 69,1.52,9632.0,3,3,2,4.0,Relatively New,I69963752,1428.0,0,1,0,0,0,2,156,"28.3966° N, 77.0341° E",28.3966,77.0341
1128,flat,raheja sampada,sector 92,0.9,6569.0,3,2,3,11.0,Relatively New,I56902148,1240.0,0,0,0,0,0,0,88,"28.4079° N, 76.9153° E",28.4079,76.9153
1129,flat,dlf new town heights,sector 90,1.6,6768.0,4,4,3+,10.0,Relatively New,X42168161,2139.0,0,1,0,1,0,0,88,"28.4085° N, 76.9369° E",28.4085,76.9369
1130,flat,la vida by tata housing,sector 113,2.35,13352.0,3,4,3,3.0,Relatively New,A69375586,1930.0,0,0,0,1,0,0,174,"28.5287° N, 77.0233° E",28.5287,77.0233
1131,flat,bestech park view residency,sector 2,1.51,7869.0,3,4,3+,7.0,Moderately Old,D68401312,1738.0,0,0,0,1,0,2,84,"28.5095° N, 77.0320° E",28.5095,77.032
1132,flat,ss the leaf,sector 85,1.77,7350.0,3,4,3+,7.0,New Property,P66846646,2179.0,0,0,1,0,0,0,107,"28.4042° N, 76.9513° E",28.4042,76.9513
1133,flat,smart world orchard,sector 61,1.47,12782.0,2,2,2,4.0,Under Construction,A66290520,1278.0,1,0,0,0,0,0,31,"28.4050° N, 77.0963° E",28.405,77.0963
1134,flat,conscient elevate,sector 59,3.78,16500.0,3,3,3,3.0,Under Construction,B66424320,2550.0,0,0,0,0,0,0,31,"28.4051° N, 77.1097° E",28.4051,77.1097
1135,flat,tulip violet,sector 69,3.05,9664.0,4,5,3+,14.0,Relatively New,D69392964,2856.0,0,0,0,1,1,0,49,"28.3966° N, 77.0341° E",28.3966,77.0341
1136,flat,smriti apartment,sector 56,0.45,7500.0,1,1,2,3.0,Old Property,X63911142,543.0,0,0,0,0,0,0,57,"28.4245° N, 77.0991° E",28.4245,77.0991
1137,flat,conscient elevate,sector 59,3.9,16993.0,3,1,0,0.0,Under Construction,M69058718,2295.0,0,0,0,0,0,0,0,"28.4051° N, 77.1097° E",28.4051,77.1097
1138,house,independent,sector 43,2.15,13030.0,1,1,0,1.0,Moderately Old,P66222668,1650.0,0,0,0,0,0,0,0,"28.4629° N, 77.0772° E",28.4629,77.0772
1139,flat,sbtl caladium,sector 109,1.63,6404.0,3,3,2,8.0,Relatively New,D68723600,2303.0,0,0,0,1,0,0,159,"28.5073° N, 77.0089° E",28.5073,77.0089
1140,flat,nbcc heights,sector 89,1.5,7058.0,3,3,3,8.0,Relatively New,U69475882,1923.0,1,0,0,1,0,0,105,"28.4253° N, 76.9439° E",28.4253,76.9439
1141,flat,signature global city 92,sector 92,0.78,8047.0,2,2,2,2.0,New Property,G69505944,1083.0,0,0,0,0,0,2,47,"28.4079° N, 76.9153° E",28.4079,76.9153
1142,house,international city by sobha phase 2,sector 109,9.4,26111.0,5,6,3+,2.0,Relatively New,U70137636,3600.0,1,1,1,1,0,2,147,"28.5073° N, 77.0089° E",28.5073,77.0089
1143,house,emaar mgf marbella,sector 66,19.0,31667.0,5,6,3+,3.0,Relatively New,O69714346,6667.0,0,1,1,1,0,2,110,"28.3925° N, 77.0541° E",28.3925,77.0541
1144,flat,dlf new town heights,sector 90,1.15,5958.0,3,3,3+,9.0,Relatively New,Z42579727,1747.0,0,1,0,1,0,0,88,"28.4085° N, 76.9369° E",28.4085,76.9369
1145,flat,bestech park view sanskruti,sector 92,1.55,7568.0,3,4,3,16.0,Relatively New,X58323596,1805.0,0,0,0,1,0,2,60,"28.4079° N, 76.9153° E",28.4079,76.9153
1146,house,independent,sector 26,9.0,33333.0,5,5,2,3.0,Old Property,K69651180,2700.0,1,1,1,1,0,1,110,"28.4757° N, 77.1032° E",28.4757,77.1032
1147,flat,dlf the skycourt,sector 86,1.35,6998.0,3,3,1,9.0,Relatively New,V68540730,1746.0,0,0,0,0,0,0,119,"28.3986° N, 76.9384° E",28.3986,76.9384
1148,flat,bestech park view city,sector 48,1.76,9909.0,3,3,3+,9.0,Moderately Old,K69661456,1576.0,0,1,0,1,0,2,158,"28.4177° N, 77.0359° E",28.4177,77.0359
1149,flat,bestech park view grand spa,sector 81,4.0,9523.0,4,5,3+,15.0,Relatively New,B68376802,3801.0,0,0,0,1,0,2,127,"28.3867° N, 76.9485° E",28.3867,76.9485
1150,house,greenopolis,sector 89,0.7,5397.0,2,2,2,14.0,New Property,A67904302,1297.0,0,0,0,0,0,0,0,"28.4253° N, 76.9439° E",28.4253,76.9439
1151,house,uppal southend,sector 49,6.75,32328.0,4,4,3,3.0,Relatively New,C70413586,2088.0,0,0,0,1,0,2,26,"28.4121° N, 77.0480° E",28.4121,77.048
1152,flat,raheja vedaanta,sector 108,0.7,4522.0,2,2,3,1.0,Relatively New,P69699418,1548.0,0,0,0,0,0,0,0,"28.5134° N, 76.9830° E",28.5134,76.983
1153,flat,hector trimurti heights,sector 39,1.5,6382.0,4,3,3,10.0,Old Property,K64561472,2611.0,0,0,0,1,0,1,49,"28.4434° N, 77.0515° E",28.4434,77.0515
1154,flat,sidhivinayak apartments,sector 55,1.9,10555.0,4,3,3+,9.0,Moderately Old,E68914456,2000.0,0,1,0,0,0,1,35,"28.4281° N, 77.1100° E",28.4281,77.11
1155,house,unitech escape,sector 50,12.0,37037.0,5,6,3+,3.0,Moderately Old,X68022614,3240.0,0,0,0,0,0,0,66,"28.4178° N, 77.0628° E",28.4178,77.0628
1156,flat,adani m2k oyster grande,sector 102,2.61,10046.0,3,3,3,14.0,Relatively New,I70030056,2200.0,1,0,0,1,0,0,21,"28.4750° N, 76.9715° E",28.475,76.9715
1157,flat,divya apartments,sector 6,0.6,7594.0,2,2,0,2.0,Relatively New,T60102856,790.0,0,0,0,0,0,2,15,"28.4745° N, 77.0262° E",28.4745,77.0262
1158,flat,supertech araville,sector 79,0.71,6061.0,2,2,3+,17.0,New Property,Y61729236,1280.0,0,0,0,0,1,0,53,"28.3624° N, 76.9787° E",28.3624,76.9787
1159,flat,signature global orchard avenue,sector 93,0.4,7359.0,2,2,2,11.0,New Property,X64712920,604.0,0,0,0,0,0,0,37,"28.4153° N, 76.9326° E",28.4153,76.9326
1160,flat,ats kocoon,sector 109,2.15,10262.0,3,4,3,9.0,Relatively New,Q69510912,1896.0,0,0,0,1,0,0,97,"28.5073° N, 77.0089° E",28.5073,77.0089
1161,flat,sare crescent parc,sector 92,1.44,7068.0,4,4,3,8.0,Relatively New,F70040864,2267.0,0,0,0,0,0,0,37,"28.4079° N, 76.9153° E",28.4079,76.9153
1162,flat,sukhshanti apartment,sector 56,1.7,7727.0,3,3,3,4.0,Moderately Old,K69780144,2200.0,1,0,0,0,0,0,49,"28.4245° N, 77.0991° E",28.4245,77.0991
1163,house,ardee city,sector 52,2.25,16071.0,3,3,3,4.0,New Property,F69712868,1800.0,0,0,0,1,0,2,22,"28.4379° N, 77.0785° E",28.4379,77.0785
1164,flat,emaar mgf palm hills,sector 77,1.64,8410.0,4,3,3,9.0,Relatively New,D70080452,1765.0,0,0,0,1,0,0,102,"28.3801° N, 76.9845° E",28.3801,76.9845
1165,flat,bhagwati sadan,sector 12,1.15,5750.0,3,4,2,2.0,Old Property,W68513490,2000.0,1,0,0,1,1,2,28,"28.4723° N, 77.0320° E",28.4723,77.032
1166,house,independent,sector 43,6.5,35403.0,5,4,3+,3.0,Moderately Old,R67354342,1836.0,0,1,0,1,0,2,54,"28.4629° N, 77.0772° E",28.4629,77.0772
1167,flat,dlf the belaire,sector 54,7.0,23333.0,4,6,3+,12.0,Moderately Old,W68384702,2715.0,0,1,1,1,0,2,108,"28.4348° N, 77.1089° E",28.4348,77.1089
1168,flat,tulip violet,sector 69,1.66,8408.0,4,4,1,12.0,Relatively New,U68361042,1783.0,0,1,0,0,0,0,102,"28.3966° N, 77.0341° E",28.3966,77.0341
1169,flat,m3m heights,sector 65,2.15,15003.0,2,2,3+,28.0,Relatively New,C68368436,1433.0,0,0,0,0,0,0,48,"28.4030° N, 77.0690° E",28.403,77.069
1170,house,dlf city plots,sector 26,18.0,39841.0,6,6,2,3.0,Old Property,D69943676,4518.0,0,1,0,1,1,2,49,"28.4757° N, 77.1032° E",28.4757,77.1032
1171,flat,bhawna cghs,sector 43,3.25,10156.0,4,4,3+,12.0,Moderately Old,Q68795508,3115.0,0,1,0,0,0,2,119,"28.4629° N, 77.0772° E",28.4629,77.0772
1172,flat,experion windchants,sector 112,5.49,11584.0,4,5,3+,5.0,Relatively New,P60456632,3655.35,0,0,0,1,0,2,168,"28.5189° N, 77.0183° E",28.5189,77.0183
1173,flat,smart world orchard,sector 61,2.24,14460.0,3,3,2,3.0,New Property,C66720652,1402.0,0,0,0,0,1,0,61,"28.4050° N, 77.0963° E",28.405,77.0963
1174,flat,millenium bajrang society,sector 43,2.5,9433.0,4,4,3+,2.0,Relatively New,B68678214,2398.0,0,0,0,0,0,2,94,"28.4629° N, 77.0772° E",28.4629,77.0772
1175,flat,emaar mgf emerald floors premier,sector 65,2.3,13939.0,3,4,3,3.0,Relatively New,E69099512,1833.0,1,1,1,1,0,1,174,"28.4030° N, 77.0690° E",28.403,77.069
1176,flat,raheja vanya,sector 99a,0.85,6789.0,2,2,2,3.0,New Property,Q68429406,1133.0,0,0,0,0,0,0,43,"28.4561° N, 76.9542° E",28.4561,76.9542
1177,flat,corona optus,sector 37c,1.5,6361.0,3,4,3+,14.0,New Property,Z42491213,2134.0,0,0,0,1,1,0,83,"28.4515° N, 76.9882° E",28.4515,76.9882
1178,house,independent,sector 56,7.5,23148.0,8,8,3+,3.0,Relatively New,A69581888,3240.0,1,1,0,1,0,1,42,"28.4245° N, 77.0991° E",28.4245,77.0991
1179,flat,adani aangan arcade,sector 88a,0.45,7194.0,2,2,1,8.0,New Property,S68791370,695.0,0,0,0,0,0,0,14,"28.4347° N, 76.9557° E",28.4347,76.9557
1180,flat,tulip violet,sector 69,1.7,8445.0,4,4,2,7.0,Relatively New,F68278536,1819.0,0,0,0,0,0,0,128,"28.3966° N, 77.0341° E",28.3966,77.0341
1181,flat,tulip purple,sector 69,2.6,10833.0,4,4,3+,4.0,Moderately Old,S69725162,2172.0,0,0,0,1,0,0,37,"28.3966° N, 77.0341° E",28.3966,77.0341
1182,house,dlf city plots phase 2,sector 25,15.5,34307.0,5,6,3+,3.0,Moderately Old,S69813254,4518.0,1,1,1,1,0,0,144,"28.4844° N, 77.0860° E",28.4844,77.086
1183,flat,m3m heights,sector 65,2.79,14168.0,3,3,3,26.0,New Property,J68308392,1969.0,0,0,0,0,0,0,15,"28.4030° N, 77.0690° E",28.403,77.069
1184,house,housing board colony,sector 28,2.1,23333.0,2,8,3+,4.0,Moderately Old,D68648118,900.0,0,0,0,0,1,2,38,"28.4728° N, 77.0865° E",28.4728,77.0865
1185,flat,bestech park view ananda,sector 81,1.15,6927.0,3,2,3+,6.0,Relatively New,X69632472,1463.0,1,0,0,0,0,2,104,"28.3867° N, 76.9485° E",28.3867,76.9485
1186,flat,vipul lavanya,sector 81,0.64,5261.0,2,2,3,12.0,Relatively New,O67063838,1361.0,0,0,0,0,0,2,93,"28.3867° N, 76.9485° E",28.3867,76.9485
1187,flat,dlf new town heights,sector 86,1.28,8205.0,3,4,3+,12.0,Moderately Old,K67557652,1740.0,0,1,0,1,0,0,96,"28.3986° N, 76.9384° E",28.3986,76.9384
1188,house,vipul tatvam villa,sector 48,18.5,26429.0,4,4,1,1.0,Moderately Old,O69199536,7000.0,0,0,0,0,0,0,30,"28.4177° N, 77.0359° E",28.4177,77.0359
1189,house,independent,sector 17a,1.52,19869.0,2,2,1,1.0,Old Property,W62127086,105.0,0,0,0,0,0,0,22,"28.4785° N, 77.0600° E",28.4785,77.06
1190,flat,shree vardhman victoria,sector 70,1.78,9128.0,3,3,3+,7.0,Relatively New,N69292306,1765.0,0,0,0,1,1,0,49,"28.3968° N, 77.0233° E",28.3968,77.0233
1191,flat,bestech park view residency,sector 2,0.98,6961.0,2,2,3,0.0,Moderately Old,Q68401588,1281.0,0,0,0,0,0,0,85,"28.5095° N, 77.0320° E",28.5095,77.032
1192,flat,rof ananda,sector 95,0.37,5744.0,3,2,1,6.0,Relatively New,X69978608,716.0,0,1,0,0,0,2,72,"28.4172° N, 76.9081° E",28.4172,76.9081
1193,flat,m3m sierra 68,sector 68,1.08,8674.0,2,2,3,1.0,Relatively New,Z69526410,1130.0,0,0,0,0,0,2,149,"28.3853° N, 77.0484° E",28.3853,77.0484
1194,house,vipul tatvam villa,sector 48,8.25,38194.0,4,4,3+,3.0,Relatively New,L66708342,2160.0,0,0,1,1,0,2,160,"28.4177° N, 77.0359° E",28.4177,77.0359
1195,flat,signature global city 37d ph 2,sector 37d,1.35,9375.0,3,3,3+,3.0,Under Construction,E69908782,1600.0,0,1,0,0,0,0,51,"28.4478° N, 76.9703° E",28.4478,76.9703
1196,flat,vatika india next,sector 82,0.8,6426.0,2,2,3,9.0,Relatively New,P69238064,1383.0,0,0,0,0,0,0,0,"28.3935° N, 76.9600° E",28.3935,76.96
1197,flat,whiteland  the aspen,sector 76,3.5,11917.0,3,4,3,8.0,Under Construction,G69383624,2937.0,0,0,0,0,0,0,0,"28.3935° N, 76.9888° E",28.3935,76.9888
1198,flat,bptp terra,sector 37d,1.45,8006.0,3,3,3,8.0,Relatively New,E70094582,1711.0,0,0,0,0,0,0,149,"28.4478° N, 76.9703° E",28.4478,76.9703
1199,flat,vatika lifestyle homes,sector 83,1.15,6552.0,3,2,3,15.0,Relatively New,F70184408,1588.0,0,0,0,0,0,0,37,"28.3986° N, 76.9647° E",28.3986,76.9647
1200,house,independent,sector 7,3.1,13778.0,3,3,2,2.0,Old Property,X64829024,2250.0,0,0,0,0,0,0,22,"28.4644° N, 77.0143° E",28.4644,77.0143
1201,flat,bestech park view grand spa,sector 81,4.5,10714.0,4,6,3+,17.0,Relatively New,J69142214,3801.0,0,0,0,1,0,2,44,"28.3867° N, 76.9485° E",28.3867,76.9485
1202,flat,emaar palm gardens,sector 83,1.8,12000.0,3,4,3+,6.0,Relatively New,H68350140,1667.0,0,0,0,1,0,2,96,"28.3986° N, 76.9647° E",28.3986,76.9647
1203,house,independent,sector 1,4.75,10556.0,6,7,0,4.0,Moderately Old,M67903926,4500.0,0,0,0,0,0,0,0,"28.3663° N, 76.9456° E",28.3663,76.9456
1204,house,dlf floors phase 3,sector 24,3.51,12342.0,4,4,3,4.0,Under Construction,H65205940,2844.0,1,1,1,1,0,2,160,"28.4939° N, 77.1038° E",28.4939,77.1038
1205,flat,dlf new town heights,sector 90,1.42,4864.0,4,4,3+,8.0,Moderately Old,O64172318,2139.0,0,0,1,1,0,0,31,"28.4085° N, 76.9369° E",28.4085,76.9369
1206,flat,dlf the belaire,sector 54,10.0,24558.0,4,5,3+,17.0,Moderately Old,A69548058,3000.0,0,0,0,1,0,1,167,"28.4348° N, 77.1089° E",28.4348,77.1089
1207,flat,m3m the marina,sector 68,1.0,12500.0,2,2,3,21.0,Relatively New,I63440984,889.0,0,0,0,0,0,0,31,"28.3853° N, 77.0484° E",28.3853,77.0484
1208,flat,the arzoo cghs,sector 51,2.1,9130.0,4,4,3,1.0,Relatively New,W70041250,2300.0,0,0,0,0,0,0,58,"28.4320° N, 77.0686° E",28.432,77.0686
1209,flat,tulip violet,sector 69,1.32,8411.0,3,3,1,12.0,Relatively New,W69354420,1419.0,0,1,0,0,0,2,86,"28.3966° N, 77.0341° E",28.3966,77.0341
1210,flat,parsvnath green ville,sector 48,3.3,9984.0,5,5,3+,4.0,Old Property,J17123294,3305.0,0,0,0,1,0,0,71,"28.4177° N, 77.0359° E",28.4177,77.0359
1211,flat,apna enclave,sector 3,0.8,6153.0,3,3,1,0.0,Old Property,P37251939,1000.0,0,0,0,0,0,0,0,"28.4909° N, 77.0176° E",28.4909,77.0176
1212,house,independent,sector 43,2.55,13178.0,3,3,2,3.0,Relatively New,A69769046,1935.0,0,0,0,0,0,2,60,"28.4629° N, 77.0772° E",28.4629,77.0772
1213,flat,indiabulls centrum park,sector 103,1.32,7787.0,3,3,3+,6.0,Relatively New,P69850302,1300.0,1,0,0,0,0,0,49,"28.4949° N, 76.9845° E",28.4949,76.9845
1214,flat,afnhb jalvayu vihar,sector 30,0.69,7272.0,2,2,1,3.0,Old Property,I68235500,896.0,0,0,0,0,0,0,65,"28.4604° N, 77.0579° E",28.4604,77.0579
1215,flat,ats triumph,sector 104,2.6,8813.0,4,4,3+,16.0,Relatively New,Y69218718,3064.0,0,0,0,1,0,2,150,"28.4788° N, 76.9960° E",28.4788,76.996
1216,flat,orris aster court,sector 85,0.93,5671.0,3,3,3,8.0,Relatively New,R69813796,1587.0,0,0,0,0,0,0,0,"28.4042° N, 76.9513° E",28.4042,76.9513
1217,flat,today callidora,sector 73,0.9,5548.0,3,3,3,3.0,Under Construction,V39994101,1622.0,0,0,0,1,0,0,63,"28.4072° N, 77.0118° E",28.4072,77.0118
1218,flat,chd avenue,sector 71,1.12,6215.0,3,4,3,0.0,Moderately Old,W69434422,1631.0,0,0,0,1,0,0,65,"28.4104° N, 77.0281° E",28.4104,77.0281
1219,flat,rof ananda,sector 95,0.32,5827.0,2,2,1,9.0,Relatively New,V69978686,610.0,0,1,0,0,0,2,71,"28.4172° N, 76.9081° E",28.4172,76.9081
1220,flat,sbr minda sec 1 imt manesar,manesar,0.65,4259.0,3,2,3+,6.0,Moderately Old,X68197106,1696.0,0,0,0,0,0,0,5,"28.3515° N, 76.9428° E",28.3515,76.9428
1221,flat,hsiidc sidco shivalik apartments,manesar,0.48,3840.0,2,2,3,7.0,Moderately Old,G70129192,993.0,0,0,0,0,0,0,88,"28.3515° N, 76.9428° E",28.3515,76.9428
1222,house,eldeco mansionz,sector 48,4.95,20599.0,7,7,3+,2.0,Old Property,K70213896,2403.0,1,1,1,1,0,2,145,"28.4177° N, 77.0359° E",28.4177,77.0359
1223,house,unitech nirvana birch court,sector 50,7.1,31430.0,3,3,3,1.0,Moderately Old,D61488894,2259.0,0,0,0,1,0,0,49,"28.4178° N, 77.0628° E",28.4178,77.0628
1224,flat,shree vardhman flora,sector 90,1.25,4854.0,4,5,2,8.0,Relatively New,L69230920,2330.0,1,0,0,1,0,0,165,"28.4085° N, 76.9369° E",28.4085,76.9369
1225,flat,suncity vatsal valley,gwal pahari,1.38,12212.0,2,2,2,4.0,Under Construction,Z69094060,1130.0,0,0,0,0,0,0,133,"28.4484° N, 77.0210° E",28.4484,77.021
1226,flat,dlf the primus,sector 82a,3.5,13430.0,5,5,3+,14.0,Relatively New,W69002892,2896.0,1,0,0,0,0,1,49,"28.3858° N, 76.9686° E",28.3858,76.9686
1227,flat,bestech park view grand spa,sector 81,2.22,8345.0,3,4,3+,15.0,Relatively New,Z68363354,2407.0,0,0,0,1,0,2,174,"28.3867° N, 76.9485° E",28.3867,76.9485
1228,flat,conscient heritage max,sector 102,2.1,9772.0,3,4,3+,10.0,Relatively New,C69124616,1945.0,1,0,0,1,0,0,53,"28.4750° N, 76.9715° E",28.475,76.9715
1229,flat,conscient elevate,sector 59,6.75,19882.0,4,4,2,10.0,New Property,P69838342,2567.0,0,0,0,1,0,0,31,"28.4051° N, 77.1097° E",28.4051,77.1097
1230,flat,central park flower valley,sector 33,3.3,13750.0,3,3,3,2.0,Under Construction,D68247262,2667.0,1,1,1,1,0,0,61,"28.4420° N, 77.0207° E",28.442,77.0207
1231,flat,gls avenue 51,sector 92,0.45,6000.0,3,3,1,10.0,Relatively New,G69076906,833.0,0,0,0,0,0,0,0,"28.4079° N, 76.9153° E",28.4079,76.9153
1232,flat,tata gurgaon gateway,sector 113,2.45,10786.0,3,3,3,8.0,Relatively New,B69588358,2014.0,0,0,0,0,0,0,110,"28.5287° N, 77.0233° E",28.5287,77.0233
1233,flat,chanderlok society,sector 28,0.9,7234.0,4,2,3+,1.0,Old Property,M56674250,1382.0,0,0,0,0,0,0,0,"28.4728° N, 77.0865° E",28.4728,77.0865
1234,flat,suncity avenue,sector 102,0.48,9022.0,2,2,1,5.0,Relatively New,G69438086,582.0,0,0,1,0,0,0,159,"28.4750° N, 76.9715° E",28.475,76.9715
1235,house,independent,sector 25,9.0,28490.0,10,10,3,3.0,Old Property,A70164370,3159.0,0,1,0,0,0,2,64,"28.4844° N, 77.0860° E",28.4844,77.086
1236,flat,emaar palm gardens,sector 83,1.75,9210.0,3,3,3,6.0,Relatively New,H69621590,1549.0,0,0,0,1,0,2,105,"28.3986° N, 76.9647° E",28.3986,76.9647
1237,flat,dlf regal gardens,sector 90,1.26,7636.0,3,3,2,12.0,Relatively New,B69161912,1650.0,0,0,0,0,1,0,8,"28.4085° N, 76.9369° E",28.4085,76.9369
1238,flat,smart world gems,sector 89,0.95,8903.0,2,2,2,1.0,Under Construction,S68955390,804.0,1,0,0,0,0,0,122,"28.4253° N, 76.9439° E",28.4253,76.9439
1239,flat,sare homes,sector 92,0.58,4098.0,3,3,3,3.0,New Property,H51369072,1281.0,0,0,0,0,0,0,54,"28.4079° N, 76.9153° E",28.4079,76.9153
1240,flat,krrish florence estate,sector 70,1.65,7764.0,3,4,3+,27.0,New Property,X68914082,1923.0,1,0,0,1,0,0,81,"28.3968° N, 77.0233° E",28.3968,77.0233
1241,flat,m3m latitude,sector 65,4.7,19747.0,3,3,3+,9.0,Relatively New,Y69570676,2380.0,0,1,0,1,0,2,44,"28.4030° N, 77.0690° E",28.403,77.069
1242,flat,ambience caitriona,sector 24,14.0,22222.0,4,5,3,3.0,Old Property,A68959646,6300.0,0,0,0,0,0,0,0,"28.4939° N, 77.1038° E",28.4939,77.1038
1243,flat,hsiidc sidco aravali,manesar,0.91,3516.0,3,3,3+,8.0,Moderately Old,W68198838,1900.0,0,0,0,1,0,0,23,"28.3515° N, 76.9428° E",28.3515,76.9428
1244,flat,mapsko mount ville,sector 79,1.4,9395.0,3,3,3,2.0,New Property,N69503004,1656.0,0,0,0,0,0,2,112,"28.3624° N, 76.9787° E",28.3624,76.9787
1245,flat,ansal heights 86,sector 86,0.74,5441.0,2,2,1,11.0,Under Construction,K24849431,1231.0,0,0,0,0,1,0,45,"28.3986° N, 76.9384° E",28.3986,76.9384
1246,flat,bptp terra,sector 37d,1.71,7804.0,3,3,3+,7.0,Relatively New,N69178086,2191.0,1,0,0,0,0,0,38,"28.4478° N, 76.9703° E",28.4478,76.9703
1247,flat,sare crescent parc,sector 92,0.9,4260.0,4,5,3+,3.0,Relatively New,T56571794,1805.0,0,0,0,1,0,0,0,"28.4079° N, 76.9153° E",28.4079,76.9153
1248,flat,signature global solera,sector 107,0.28,5674.0,2,2,2,11.0,Relatively New,U69413356,543.0,0,0,0,0,0,0,29,"28.5052° N, 76.9729° E",28.5052,76.9729
1249,flat,emaar gurgaon greens,sector 102,1.35,8181.0,3,3,3,9.0,Relatively New,H68246000,1315.0,0,0,0,1,0,0,100,"28.4750° N, 76.9715° E",28.475,76.9715
1250,flat,signature global synera,sector 81,0.48,8026.0,2,2,1,14.0,Relatively New,U63643846,547.0,0,0,0,0,0,2,14,"28.3867° N, 76.9485° E",28.3867,76.9485
1251,flat,sobha city,sector 108,3.95,16858.0,3,4,2,15.0,Relatively New,G70104780,2343.0,0,0,0,1,0,0,49,"28.5134° N, 76.9830° E",28.5134,76.983
1252,flat,smart world orchard,sector 61,1.7,15000.0,2,2,2,4.0,Under Construction,S66575160,1278.0,0,0,0,0,0,0,24,"28.4050° N, 77.0963° E",28.405,77.0963
1253,house,independent,sector 26,16.0,35556.0,5,6,3,2.0,Old Property,R69166008,4500.0,0,0,0,0,0,0,0,"28.4757° N, 77.1032° E",28.4757,77.1032
1254,house,independent,sector 46,2.4,2963.0,4,4,3,3.0,Moderately Old,Y70267404,900.0,0,0,1,0,0,2,44,"28.4374° N, 77.0586° E",28.4374,77.0586
1255,flat,tulip violet,sector 69,1.42,8998.0,3,3,2,8.0,Relatively New,O66588600,1428.0,0,1,0,0,0,2,94,"28.3966° N, 77.0341° E",28.3966,77.0341
1256,house,independent,sector 43,15.5,28233.0,5,6,3,3.0,Moderately Old,N69295258,5490.0,1,1,1,1,0,0,76,"28.4629° N, 77.0772° E",28.4629,77.0772
1257,flat,ansal api sushant estate,sector 52,0.29,11600.0,1,1,0,0.0,Moderately Old,B70175060,278.0,0,0,0,0,0,2,49,"28.4379° N, 77.0785° E",28.4379,77.0785
1258,house,sushant lok 1 builder floors,sector 43,10.85,28841.0,8,8,3,3.0,Moderately Old,C68217454,3762.0,1,1,1,1,0,1,160,"28.4629° N, 77.0772° E",28.4629,77.0772
1259,flat,sare homes,sector 110,0.8,4694.0,4,4,3,1.0,Moderately Old,K67714330,1893.0,0,0,0,0,0,0,77,"28.5145° N, 77.0197° E",28.5145,77.0197
1260,flat,m3m woodshire,sector 107,0.94,6881.0,2,2,3+,1.0,Moderately Old,A70026726,1236.0,0,0,0,0,0,0,113,"28.5052° N, 76.9729° E",28.5052,76.9729
1261,house,independent,sector 12,1.7,9444.0,3,3,0,1.0,Old Property,F67903934,200.0,0,0,0,0,0,0,0,"28.4723° N, 77.0320° E",28.4723,77.032
1262,flat,dlf the grove,sector 54,5.7,41245.0,3,3,3,1.0,Moderately Old,N68022370,1382.0,0,0,0,0,0,0,46,"28.4348° N, 77.1089° E",28.4348,77.1089
1263,house,dlf city plots,sector 26,19.0,42054.0,6,6,3,2.0,Relatively New,P68648594,4518.0,1,0,0,1,0,2,121,"28.4757° N, 77.1032° E",28.4757,77.1032
1264,flat,m3m woodshire,sector 107,1.15,7496.0,2,2,3,0.0,Relatively New,E56342478,1281.0,1,0,0,0,0,0,29,"28.5052° N, 76.9729° E",28.5052,76.9729
1265,flat,tulip violet,sector 69,1.29,8227.0,3,3,1,12.0,Relatively New,K69354538,1419.0,0,1,0,0,0,2,86,"28.3966° N, 77.0341° E",28.3966,77.0341
1266,house,independent,sector 13,0.45,4808.0,1,1,0,1.0,Old Property,P69474434,936.0,0,0,0,0,0,0,0,"28.4757° N, 77.0392° E",28.4757,77.0392
1267,flat,bptp terra,sector 37d,1.8,8215.0,4,3,3,18.0,Relatively New,P70022016,2025.0,1,1,0,1,0,0,49,"28.4478° N, 76.9703° E",28.4478,76.9703
1268,flat,tulip violet,sector 69,1.55,9822.0,3,3,2,9.0,Relatively New,S69975604,1428.0,0,1,0,0,0,2,165,"28.3966° N, 77.0341° E",28.3966,77.0341
1269,flat,global hill view,sector 11,0.33,4271.0,2,2,0,11.0,Relatively New,X69911106,761.0,0,0,0,0,0,0,0,"28.4531° N, 77.0202° E",28.4531,77.0202
1270,house,independent,sector 105,0.55,10913.0,2,4,0,2.0,Moderately Old,R68152664,56.0,0,0,0,0,0,0,0,"28.4952° N, 77.0114° E",28.4952,77.0114
1271,house,rattan garden,sector 7,1.3,13499.0,2,3,2,3.0,Old Property,B68151910,963.0,0,0,0,0,0,0,0,"28.4644° N, 77.0143° E",28.4644,77.0143
1272,flat,ramsons kshitij,sector 95,0.32,4500.0,2,2,1,8.0,Relatively New,F54906058,563.0,0,0,0,0,1,1,28,"28.4172° N, 76.9081° E",28.4172,76.9081
1273,flat,chd avenue,sector 71,0.82,7083.0,2,2,2,6.0,Moderately Old,L68909828,1086.0,0,0,0,0,0,0,0,"28.4104° N, 77.0281° E",28.4104,77.0281
1274,flat,mapsko mount ville,sector 79,1.25,8389.0,3,3,3,22.0,Relatively New,B69665358,1154.0,1,1,0,0,0,0,160,"28.3624° N, 76.9787° E",28.3624,76.9787
1275,house,tata primanti,sector 72,8.5,13492.0,5,6,3+,10.0,Relatively New,L68310156,6300.0,1,1,1,1,0,2,145,"28.4225° N, 77.0211° E",28.4225,77.0211
1276,flat,ramprastha skyz,sector 37d,1.0,4942.0,3,5,3,11.0,Under Construction,Y54621054,1833.0,0,0,0,1,1,0,8,"28.4478° N, 76.9703° E",28.4478,76.9703
1277,house,independent,sector 67,3.0,11904.0,4,4,0,3.0,Moderately Old,V68389678,2800.0,0,0,0,0,0,0,0,"28.3859° N, 77.0608° E",28.3859,77.0608
1278,flat,emaar mgf palm hills,sector 77,1.25,8620.0,3,4,3,3.0,Relatively New,R69655476,1310.0,1,0,0,1,0,0,49,"28.3801° N, 76.9845° E",28.3801,76.9845
1279,flat,shapoorji pallonji joyville gurugram,sector 102,1.75,9449.0,3,3,3,10.0,Relatively New,V69157428,1465.0,1,1,0,1,1,0,49,"28.4750° N, 76.9715° E",28.475,76.9715
1280,flat,adani m2k oyster grande,sector 102,4.55,10000.0,4,4,3+,11.0,Relatively New,V70001746,4630.0,0,0,0,0,0,2,60,"28.4750° N, 76.9715° E",28.475,76.9715
1281,flat,paras dews,sector 106,1.28,7272.0,3,4,3+,24.0,Relatively New,Z69727942,1186.0,0,0,0,1,0,0,49,"28.5007° N, 77.0003° E",28.5007,77.0003
1282,house,independent,sector 23,5.65,17706.0,7,7,3+,2.0,Moderately Old,S49137769,5000.0,0,1,0,1,0,0,68,"28.5121° N, 77.0478° E",28.5121,77.0478
1283,flat,signature global park 4,sector 36,0.82,7585.0,3,2,2,2.0,New Property,B68238424,850.0,0,0,0,0,0,0,8,"28.4160° N, 76.9914° E",28.416,76.9914
1284,flat,godrej aria,sector 79,1.0,6653.0,2,2,2,4.0,Relatively New,P63014096,1300.0,1,0,0,0,0,0,49,"28.3624° N, 76.9787° E",28.3624,76.9787
1285,flat,godrej nature plus,sector 33,1.2,14379.0,2,2,3,1.0,New Property,T69959810,86.0,0,0,0,0,0,0,65,"28.4420° N, 77.0207° E",28.442,77.0207
1286,flat,alpha corp gurgaonone,sector 84,1.15,7496.0,2,2,3,14.0,Relatively New,P69430750,1394.0,1,0,0,0,0,0,28,"28.3979° N, 76.9736° E",28.3979,76.9736
1287,flat,orris aster court premier,sector 85,1.25,5896.0,3,4,2,6.0,Relatively New,F69545814,1616.0,0,0,0,1,0,2,49,"28.4042° N, 76.9513° E",28.4042,76.9513
1288,flat,signature global city,sector 37d,0.68,11724.0,2,2,3,9.0,New Property,S70165360,644.0,0,0,0,0,1,0,58,"28.4478° N, 76.9703° E",28.4478,76.9703
1289,flat,puri the aravallis,sector 61,3.9,33220.0,3,4,3+,33.0,Under Construction,D69436810,1174.0,0,0,0,1,0,0,158,"28.4050° N, 77.0963° E",28.405,77.0963
1290,flat,rof ananda,sector 95,0.25,6578.0,1,1,1,4.0,New Property,C68438890,344.0,0,0,0,0,0,0,0,"28.4172° N, 76.9081° E",28.4172,76.9081
1291,flat,dlf regal gardens,sector 90,1.17,6708.0,3,3,3,15.0,Relatively New,H68285778,1630.0,0,0,0,0,0,2,136,"28.4085° N, 76.9369° E",28.4085,76.9369
1292,house,eldeco mansionz,sector 48,5.15,18885.0,5,7,3,2.0,Moderately Old,W62349350,2727.0,0,1,0,1,0,2,145,"28.4177° N, 77.0359° E",28.4177,77.0359
1293,flat,ss the leaf,sector 85,2.2,11178.0,4,5,3+,4.0,Relatively New,F69991874,2390.0,0,1,0,1,0,0,174,"28.4042° N, 76.9513° E",28.4042,76.9513
1294,flat,ss almeria,sector 84,1.5,7500.0,3,3,3,2.0,New Property,G24821069,1849.0,0,0,0,1,0,0,108,"28.3979° N, 76.9736° E",28.3979,76.9736
1295,flat,karmyogi apartment,sector 10a,2.3,6467.0,6,4,2,6.0,Moderately Old,J69875070,3951.0,0,0,0,0,0,0,0,"28.4469° N, 77.0106° E",28.4469,77.0106
1296,house,housing board colony,sector 28,3.5,25926.0,2,6,3,3.0,Relatively New,K69970618,1350.0,0,0,0,0,0,0,0,"28.4728° N, 77.0865° E",28.4728,77.0865
1297,flat,signature andour heights,sector 71,0.55,8607.0,2,2,1,7.0,Relatively New,Y68524014,600.0,0,0,0,0,0,2,24,"28.4104° N, 77.0281° E",28.4104,77.0281
1298,flat,tulip lemon,sector 69,0.6,10000.0,2,1,1,12.0,Relatively New,E69958366,667.0,0,0,0,0,0,0,23,"28.3966° N, 77.0341° E",28.3966,77.0341
1299,flat,godrej,sector 33,0.95,6859.0,2,2,3+,3.0,Under Construction,F54915126,1253.0,0,0,0,0,0,0,0,"28.4420° N, 77.0207° E",28.442,77.0207
1300,house,international city by sobha phase 2,sector 109,6.25,11574.0,4,4,3+,2.0,Relatively New,V70137706,5400.0,0,0,0,1,0,0,138,"28.5073° N, 77.0089° E",28.5073,77.0089
1301,house,ansals palam vihar,sector 2,5.0,12500.0,6,4,0,3.0,Moderately Old,A67904548,4000.0,0,0,0,0,0,0,0,"28.5095° N, 77.0320° E",28.5095,77.032
1302,house,international city by sobha phase 1,sector 109,6.0,9634.0,5,5,3+,2.0,Relatively New,F69665426,6228.0,1,1,1,1,0,0,160,"28.5073° N, 77.0089° E",28.5073,77.0089
1303,flat,vatika independent floors,sector 82,1.45,8056.0,4,3,0,1.0,Relatively New,M69926636,1800.0,0,0,0,0,0,0,50,"28.3935° N, 76.9600° E",28.3935,76.96
1304,house,independent,sector 21,1.6,11852.0,5,5,2,3.0,Relatively New,F69873462,120.0,0,0,0,0,0,0,0,"28.5134° N, 77.0723° E",28.5134,77.0723
1305,flat,emaar mgf emerald floors premier,sector 65,2.35,14242.0,3,3,3,3.0,Relatively New,B69883722,1833.0,1,0,0,1,0,2,124,"28.4030° N, 77.0690° E",28.403,77.069
1306,flat,emaar mgf emerald floors premier,sector 65,2.65,16060.0,3,3,3,5.0,Relatively New,I69729604,1650.0,1,0,0,1,0,0,37,"28.4030° N, 77.0690° E",28.403,77.069
1307,flat,m3m golfestate,sector 65,4.95,15906.0,3,3,3,10.0,Relatively New,M69810242,2816.0,0,0,0,1,0,2,82,"28.4030° N, 77.0690° E",28.403,77.069
1308,flat,ireo skyon,sector 60,3.75,13392.0,4,4,3,12.0,Relatively New,U69182098,2650.0,0,0,0,1,0,2,49,"28.4003° N, 77.0975° E",28.4003,77.0975
1309,flat,vatika city,sector 49,1.69,8622.0,3,3,3,3.0,Moderately Old,R61913142,2178.0,0,1,0,0,0,0,136,"28.4121° N, 77.0480° E",28.4121,77.048
1310,flat,shreeram apartment ii,sector 4,0.21,4666.0,1,1,1,2.0,Relatively New,U69470024,500.0,0,0,0,0,0,0,7,"28.4738° N, 77.0107° E",28.4738,77.0107
1311,flat,ansal housing highland park,sector 103,0.88,6429.0,2,2,3,3.0,New Property,E56157708,1232.0,0,0,0,0,0,0,52,"28.4949° N, 76.9845° E",28.4949,76.9845
1312,flat,paras quartier,gwal pahari,7.5,14018.0,4,4,3+,20.0,New Property,U69243970,4842.0,0,1,0,1,1,2,49,"28.4484° N, 77.0210° E",28.4484,77.021
1313,flat,tata primanti,sector 72,5.25,15648.0,4,4,3+,30.0,New Property,A69925374,3000.0,0,0,0,1,0,2,174,"28.4225° N, 77.0211° E",28.4225,77.0211
1314,house,independent,sector 50,10.55,32562.0,5,5,3,2.0,Moderately Old,U69645422,3240.0,1,0,0,1,0,0,42,"28.4178° N, 77.0628° E",28.4178,77.0628
1315,flat,emaar gurgaon greens,sector 102,1.42,8606.0,3,3,3,4.0,Relatively New,Z69839594,1314.0,0,0,0,0,1,0,49,"28.4750° N, 76.9715° E",28.475,76.9715
1316,house,independent,sector 39,1.6,17937.0,1,1,2,2.0,Old Property,X67948578,892.0,0,0,0,0,0,0,40,"28.4434° N, 77.0515° E",28.4434,77.0515
1317,flat,vatika city,sector 49,2.64,11725.0,3,4,3+,2.0,Moderately Old,W68371794,2252.0,0,1,0,1,0,2,140,"28.4121° N, 77.0480° E",28.4121,77.048
1318,flat,ansal heights 86,sector 86,0.82,6029.0,2,2,1,12.0,New Property,E63659868,1300.0,0,0,0,0,0,0,49,"28.3986° N, 76.9384° E",28.3986,76.9384
1319,flat,shree arihant apartment,sector 54,1.5,8108.0,3,3,3+,4.0,Moderately Old,B69831918,1700.0,0,1,0,0,0,2,75,"28.4348° N, 77.1089° E",28.4348,77.1089
1320,house,independent,sector 43,2.1,4250.0,10,10,3+,5.0,New Property,F69536898,549.0,0,0,0,1,0,0,20,"28.4629° N, 77.0772° E",28.4629,77.0772
1321,flat,godrej summit premia towers,sector 104,0.9,7149.0,2,2,0,16.0,Relatively New,A68564086,1259.0,0,0,0,0,0,0,0,"28.4788° N, 76.9960° E",28.4788,76.996
1322,flat,ss the leaf,sector 85,1.15,11966.0,2,2,3,20.0,Relatively New,S69748048,1263.0,0,1,0,0,0,0,107,"28.4042° N, 76.9513° E",28.4042,76.9513
1323,flat,ats kocoon,sector 109,2.2,10023.0,3,4,3,8.0,Relatively New,T68605626,1860.0,0,0,0,1,0,0,156,"28.5073° N, 77.0089° E",28.5073,77.0089
1324,flat,signature global city,sector 37d,1.0,8160.0,3,3,3,4.0,Under Construction,V67903744,1250.0,0,0,0,0,0,0,49,"28.4478° N, 76.9703° E",28.4478,76.9703
1325,flat,orris carnation residency,sector 85,0.8,4857.0,3,4,3,4.0,Relatively New,Y69459254,1390.0,0,0,0,1,0,2,40,"28.4042° N, 76.9513° E",28.4042,76.9513
1326,flat,godrej nature plus,sector 33,1.35,8670.0,3,2,3+,17.0,New Property,W69981234,1409.0,0,0,0,0,0,0,38,"28.4420° N, 77.0207° E",28.442,77.0207
1327,house,independent,sector 13,1.5,11538.0,2,7,3,4.0,Moderately Old,Q64087700,1300.0,0,0,0,0,0,0,0,"28.4757° N, 77.0392° E",28.4757,77.0392
1328,house,dlf city plots phase 2,sector 25,10.55,39074.0,5,6,3+,3.0,Moderately Old,H69802660,2700.0,1,1,1,1,0,0,131,"28.4844° N, 77.0860° E",28.4844,77.086
1329,flat,shapoorji pallonji joyville gurugram,sector 102,2.4,10545.0,4,4,3+,15.0,Relatively New,U69558274,1957.0,0,0,0,0,0,0,108,"28.4750° N, 76.9715° E",28.475,76.9715
1330,flat,ss the leaf,sector 85,1.87,7780.0,3,4,3,7.0,Relatively New,U69585524,2225.0,0,0,0,0,0,0,49,"28.4042° N, 76.9513° E",28.4042,76.9513
1331,flat,assotech blith,sector 99,1.6,6667.0,3,4,0,15.0,New Property,J68368410,2400.0,0,0,0,0,0,0,51,"28.4640° N, 76.9614° E",28.464,76.9614
1332,flat,indiabulls enigma,sector 110,3.49,10264.0,4,5,3,7.0,Relatively New,J69708120,3077.0,0,0,0,1,0,0,165,"28.5145° N, 77.0197° E",28.5145,77.0197
1333,house,independent,sector 41,7.0,28283.0,7,7,3+,3.0,Moderately Old,V70083546,2475.0,1,1,1,1,0,1,151,"28.4557° N, 77.0632° E",28.4557,77.0632
1334,flat,ireo the corridors,sector 67a,1.8,9370.0,3,3,2,3.0,New Property,Y69734306,1551.0,1,0,1,0,0,2,150,"28.3960° N, 77.0372° E",28.396,77.0372
1335,house,independent,sector 14,3.4,15111.0,3,3,3,1.0,Old Property,N69165562,2250.0,0,0,0,0,0,0,32,"28.4711° N, 77.0454° E",28.4711,77.0454
1336,flat,godrej oasis,sector 88a,1.15,7116.0,2,2,3,14.0,Relatively New,T69537352,1380.0,1,1,0,0,0,0,174,"28.4347° N, 76.9557° E",28.4347,76.9557
1337,flat,sobha city,sector 108,3.95,16858.0,3,5,2,15.0,New Property,O69825236,2343.0,0,0,0,1,0,0,118,"28.5134° N, 76.9830° E",28.5134,76.983
1338,flat,signature global solera,sector 107,0.36,5980.0,2,2,1,7.0,Relatively New,C69403800,598.0,0,0,0,0,1,0,49,"28.5052° N, 76.9729° E",28.5052,76.9729
1339,flat,shapoorji pallonji joyville gurugram,sector 102,1.76,10224.0,3,3,3,1.0,Relatively New,X69558006,1531.0,0,0,0,0,0,0,100,"28.4750° N, 76.9715° E",28.475,76.9715
1340,house,independent,sector 26,4.6,12198.0,4,4,3+,2.0,Old Property,J70115540,3771.0,0,0,0,0,0,0,28,"28.4757° N, 77.1032° E",28.4757,77.1032
1341,flat,orchid petals,sector 49,1.95,9972.0,3,3,3,2.0,Old Property,S68198438,1633.0,0,0,0,0,0,2,90,"28.4121° N, 77.0480° E",28.4121,77.048
1342,flat,hsiidc sidco aravali,manesar,0.9,3477.0,3,3,3+,8.0,Moderately Old,T68198930,1900.0,0,0,0,1,0,0,23,"28.3515° N, 76.9428° E",28.3515,76.9428
1343,flat,the close south,sector 50,3.25,12810.0,3,4,3+,4.0,Old Property,V68856144,2819.0,0,0,0,1,0,2,135,"28.4178° N, 77.0628° E",28.4178,77.0628
1344,flat,shree vardhman victoria,sector 70,1.67,14384.0,3,5,3,5.0,Moderately Old,S69714046,1527.0,0,0,0,1,0,0,108,"28.3968° N, 77.0233° E",28.3968,77.0233
1345,flat,chd avenue,sector 71,1.1,6104.0,3,4,3,3.0,Moderately Old,N69335420,1631.0,0,0,0,1,0,0,26,"28.4104° N, 77.0281° E",28.4104,77.0281
1346,flat,eros wembley estate,sector 50,1.4,10174.0,3,3,2,9.0,Relatively New,K69325724,1245.0,0,0,1,0,0,2,117,"28.4178° N, 77.0628° E",28.4178,77.0628
1347,flat,signature global solera,sector 107,0.52,8062.0,3,2,2,5.0,Relatively New,K69308884,717.0,0,0,0,0,1,0,15,"28.5052° N, 76.9729° E",28.5052,76.9729
1348,flat,ss the leaf,sector 85,2.15,7645.0,4,5,3+,1.0,Relatively New,O69449938,2545.0,0,0,0,1,0,0,165,"28.4042° N, 76.9513° E",28.4042,76.9513
1349,flat,mapsko mount ville,sector 79,1.28,8557.0,3,3,3,16.0,Relatively New,R69849560,1265.0,1,0,0,0,0,2,128,"28.3624° N, 76.9787° E",28.3624,76.9787
1350,flat,tulip violet,sector 69,1.7,10773.0,3,3,2,0.0,Relatively New,B69392906,1428.0,0,1,0,0,0,0,49,"28.3966° N, 77.0341° E",28.3966,77.0341
1351,flat,shree vardhman flora,sector 90,0.8,5925.0,2,3,2,0.0,Relatively New,A69240906,1350.0,0,0,0,0,0,0,60,"28.4085° N, 76.9369° E",28.4085,76.9369
1352,flat,bestech altura,sector 79,1.9,9000.0,3,4,2,11.0,New Property,F69661380,2389.0,0,0,0,1,0,0,49,"28.3624° N, 76.9787° E",28.3624,76.9787
1353,flat,supertech araville,sector 79,0.78,6024.0,2,2,3+,0.0,New Property,V43914833,1172.0,0,0,0,0,1,0,74,"28.3624° N, 76.9787° E",28.3624,76.9787
1354,flat,satya the hermitage,sector 103,1.12,5625.0,3,4,3+,9.0,New Property,L70174470,1734.0,0,0,0,1,0,0,49,"28.4949° N, 76.9845° E",28.4949,76.9845
1355,flat,dlf the ultima,sector 81,2.3,10936.0,3,3,3+,19.0,Relatively New,E69864862,1617.0,1,1,0,1,1,1,49,"28.3867° N, 76.9485° E",28.3867,76.9485
1356,flat,pivotal devaan,sector 84,0.34,7039.0,2,2,1,1.0,Relatively New,R69547284,537.0,0,0,1,0,0,2,84,"28.3979° N, 76.9736° E",28.3979,76.9736
1357,flat,antriksh heights,sector 84,0.85,4927.0,3,3,3+,10.0,Relatively New,C69994078,1561.0,1,0,0,0,0,0,52,"28.3979° N, 76.9736° E",28.3979,76.9736
1358,house,emaar mgf marbella,sector 66,8.7,38667.0,4,5,2,3.0,New Property,Q69453972,2250.0,1,0,0,1,0,0,144,"28.3925° N, 77.0541° E",28.3925,77.0541
1359,flat,m3m woodshire,sector 107,1.21,6227.0,3,3,3,7.0,Moderately Old,W69550374,1713.0,0,0,0,0,0,2,126,"28.5052° N, 76.9729° E",28.5052,76.9729
1360,flat,godrej icon,sector 88a,1.62,10018.0,3,2,3+,10.0,Relatively New,U69075862,1463.0,1,0,0,0,0,1,49,"28.4347° N, 76.9557° E",28.4347,76.9557
1361,flat,godrej nature plus,sector 33,1.65,14335.0,2,2,3,1.0,Under Construction,C68213464,1279.0,0,0,0,0,0,0,38,"28.4420° N, 77.0207° E",28.442,77.0207
1362,flat,tata primanti,sector 72,3.19,12152.0,4,5,3+,20.0,Relatively New,D69326428,2376.0,0,0,0,1,0,2,159,"28.4225° N, 77.0211° E",28.4225,77.0211
1363,flat,parsvnath exotica,sector 53,4.8,16580.0,3,4,3+,8.0,Relatively New,I69204662,2500.0,0,1,0,1,1,2,174,"28.4433° N, 77.0948° E",28.4433,77.0948
1364,flat,mapsko mount ville,sector 79,1.3,8024.0,3,3,2,6.0,Relatively New,P69665214,1215.0,1,1,0,0,0,0,151,"28.3624° N, 76.9787° E",28.3624,76.9787
1365,flat,dlf the arbour,sector 63,7.52,19000.0,4,4,3,15.0,New Property,R69967702,3956.0,0,0,0,0,0,0,61,"28.3971° N, 77.0867° E",28.3971,77.0867
1366,flat,signature global solera,sector 107,0.28,5725.0,2,2,2,10.0,Relatively New,R69242440,543.0,0,0,0,0,0,0,38,"28.5052° N, 76.9729° E",28.5052,76.9729
1367,house,independent,sector 7,0.45,5000.0,3,2,0,1.0,Old Property,R69166614,1000.0,0,0,0,0,0,0,0,"28.4644° N, 77.0143° E",28.4644,77.0143
1368,flat,emaar gurgaon greens,sector 102,1.4,13690.0,3,3,3,7.0,Relatively New,F69028418,1315.0,0,0,0,1,0,0,67,"28.4750° N, 76.9715° E",28.475,76.9715
1369,flat,m3m golfestate,sector 65,6.15,15998.0,3,5,3+,1.0,Relatively New,W69736860,4271.0,0,0,0,1,0,1,49,"28.4030° N, 77.0690° E",28.403,77.069
1370,flat,paras dews,sector 106,0.87,9255.0,2,2,3+,1.0,New Property,X69767456,1120.0,0,0,0,0,0,0,174,"28.5007° N, 77.0003° E",28.5007,77.0003
1371,flat,sare homes,sector 92,0.95,4750.0,4,3,2,17.0,New Property,J57458556,1983.0,0,0,0,0,0,0,7,"28.4079° N, 76.9153° E",28.4079,76.9153
1372,house,huda floor,sector 38,4.0,22222.0,4,9,3+,2.0,Relatively New,Y69769594,4800.0,0,1,1,0,0,2,152,"28.4347° N, 77.0430° E",28.4347,77.043
1373,house,independent,sector 31,4.6,32258.0,2,2,2,2.0,Moderately Old,R68564090,1426.0,0,0,0,0,0,0,0,"28.4528° N, 77.0498° E",28.4528,77.0498
1374,flat,experion windchants,sector 112,2.5,13888.0,2,2,3,10.0,Relatively New,X69128918,1939.03,1,1,0,0,0,2,174,"28.5189° N, 77.0183° E",28.5189,77.0183
1375,flat,godrej oasis,sector 88a,1.5,8108.0,3,3,3+,11.0,New Property,R41823271,1674.0,0,0,0,0,0,0,39,"28.4347° N, 76.9557° E",28.4347,76.9557
1376,flat,orris aster court premier,sector 85,1.25,5896.0,3,4,2,5.0,Relatively New,F59189772,1900.0,0,0,0,1,0,2,174,"28.4042° N, 76.9513° E",28.4042,76.9513
1377,flat,imperia the esfera,sector 37c,0.99,5500.0,3,3,1,10.0,New Property,N70028090,1643.0,0,0,0,1,0,0,49,"28.4515° N, 76.9882° E",28.4515,76.9882
1378,house,eros rosewood city,sector 49,3.75,22046.0,3,3,1,2.0,Old Property,B68550854,1701.0,0,1,0,0,0,2,6,"28.4121° N, 77.0480° E",28.4121,77.048
1379,house,international city by sobha phase 1,sector 109,5.7,10556.0,4,5,3+,3.0,Relatively New,N69283292,5400.0,1,1,1,1,0,0,160,"28.5073° N, 77.0089° E",28.5073,77.0089
1380,flat,ambience creacions,sector 22,2.55,13709.0,3,3,3,8.0,Relatively New,H70126464,1860.0,0,0,0,0,1,2,125,"28.5072° N, 77.0640° E",28.5072,77.064
1381,flat,m3m woodshire,sector 107,1.3,8922.0,3,3,3+,4.0,Relatively New,B67389294,1554.0,0,1,0,0,0,2,174,"28.5052° N, 76.9729° E",28.5052,76.9729
1382,house,independent,sector 4,3.25,14444.0,3,3,2,2.0,Old Property,J65967930,2250.0,0,0,0,0,0,0,27,"28.4738° N, 77.0107° E",28.4738,77.0107
1383,flat,sare green parc phase 3,sector 92,1.08,5150.0,4,4,2,16.0,New Property,A46782853,1891.0,0,0,0,1,0,0,107,"28.4079° N, 76.9153° E",28.4079,76.9153
1384,flat,signature global city 81,sector 81,0.89,8279.0,2,2,2,3.0,Under Construction,M68963232,1194.0,0,0,0,0,1,0,20,"28.3867° N, 76.9485° E",28.3867,76.9485
1385,flat,tarc maceo,sector 91,1.8,7758.0,4,3,3+,0.0,Relatively New,Q70100554,2578.0,1,1,0,0,0,1,45,"28.4014° N, 76.9225° E",28.4014,76.9225
1386,house,independent,sector 7,1.15,8518.0,5,3,2,2.0,Old Property,R69883382,1350.0,0,1,0,0,0,0,15,"28.4644° N, 77.0143° E",28.4644,77.0143
1387,house,uppal southend,sector 49,4.4,15278.0,6,6,3,3.0,Moderately Old,V68250404,2880.0,1,1,1,1,0,1,110,"28.4121° N, 77.0480° E",28.4121,77.048
1388,house,independent,sector 91,3.6,14815.0,4,4,3,2.0,New Property,R69964752,2430.0,0,0,0,0,0,2,49,"28.4014° N, 76.9225° E",28.4014,76.9225
1389,flat,dlf new town heights,sector 90,1.9,5683.0,4,4,3+,7.0,Relatively New,N43831871,2468.0,0,1,0,1,0,0,88,"28.4085° N, 76.9369° E",28.4085,76.9369
1390,flat,emaar mgf palm hills,sector 77,1.9,9500.0,3,4,3+,6.0,New Property,F70162682,1582.0,0,0,0,1,0,2,42,"28.3801° N, 76.9845° E",28.3801,76.9845
1391,house,independent,sector 21,0.45,8411.0,3,2,1,1.0,Old Property,X69854254,594.0,0,0,0,0,0,0,0,"28.5134° N, 77.0723° E",28.5134,77.0723
1392,flat,m3m sky lofts,sector 71,0.9,13177.0,1,1,0,6.0,New Property,Q70179600,683.0,0,0,0,0,0,0,77,"28.4104° N, 77.0281° E",28.4104,77.0281
1393,flat,ramprastha primera,sector 37d,1.02,6000.0,3,2,3,22.0,Under Construction,Q67217474,1538.0,0,0,0,0,0,0,43,"28.4478° N, 76.9703° E",28.4478,76.9703
1394,flat,raheja vedaanta,sector 108,1.0,4854.0,2,2,2,0.0,Relatively New,L70031164,2060.0,0,0,0,0,0,0,0,"28.5134° N, 76.9830° E",28.5134,76.983
1395,flat,shapoorji pallonji joyville gurugram,sector 102,1.41,10307.0,2,2,3,0.0,Relatively New,N69316338,1238.0,0,0,0,0,1,0,49,"28.4750° N, 76.9715° E",28.475,76.9715
1396,flat,sobha city,sector 108,2.45,14040.0,3,3,3,15.0,Relatively New,U70067818,1460.0,0,0,0,0,0,0,49,"28.5134° N, 76.9830° E",28.5134,76.983
1397,flat,tulip violet,sector 69,1.76,9513.0,3,4,2,0.0,Relatively New,V69722022,1674.0,0,0,0,0,0,0,157,"28.3966° N, 77.0341° E",28.3966,77.0341
1398,flat,gls avenue 51,sector 92,0.45,7614.0,2,2,1,10.0,New Property,M62215626,646.0,1,0,0,0,0,2,20,"28.4079° N, 76.9153° E",28.4079,76.9153
1399,flat,ild greens,sector 37c,0.95,5066.0,3,3,3+,0.0,New Property,C67438794,1697.0,0,0,0,0,0,0,51,"28.4515° N, 76.9882° E",28.4515,76.9882
1400,flat,supertech araville,sector 79,0.9,6950.0,2,2,0,12.0,Relatively New,E68021654,1295.0,0,0,0,0,0,0,0,"28.3624° N, 76.9787° E",28.3624,76.9787
1401,house,vipul tatvam villa,sector 48,6.4,24691.0,3,4,3,2.0,Relatively New,I69883330,2592.0,1,0,1,1,0,2,148,"28.4177° N, 77.0359° E",28.4177,77.0359
1402,house,emaar mgf marbella,sector 66,9.01,16066.0,4,4,3+,3.0,Relatively New,X69959612,5607.9919,0,0,1,1,0,0,122,"28.3925° N, 77.0541° E",28.3925,77.0541
1403,flat,godrej,sector 79,2.01,8495.0,3,4,3+,6.0,Relatively New,Z69484588,2141.0,0,0,0,1,0,0,158,"28.3624° N, 76.9787° E",28.3624,76.9787
1404,flat,central park flower valley,sector 33,2.3,12777.0,4,4,3+,5.0,New Property,E69609918,2000.0,0,1,0,1,0,0,42,"28.4420° N, 77.0207° E",28.442,77.0207
1405,flat,ansal heights,sector 92,0.6,4546.0,2,2,3,11.0,Under Construction,U38642171,1195.0,0,0,0,0,1,0,23,"28.4079° N, 76.9153° E",28.4079,76.9153
1406,flat,signature global solera,sector 107,0.3,6134.0,2,2,1,5.0,Relatively New,R50229778,544.0,0,0,0,0,0,0,57,"28.5052° N, 76.9729° E",28.5052,76.9729
1407,flat,ss the leaf,sector 85,1.25,10888.0,2,2,3+,17.0,Relatively New,X69884956,1426.0,0,0,1,0,0,0,156,"28.4042° N, 76.9513° E",28.4042,76.9513
1408,flat,unitech heritage city,sector 14,4.26,13108.0,4,4,0,9.0,Old Property,J69091360,3250.0,0,0,0,0,0,0,0,"28.4711° N, 77.0454° E",28.4711,77.0454
1409,flat,siddhartha apartment,sector 95,0.72,3664.0,3,3,2,4.0,Relatively New,W43918929,1800.0,0,0,0,0,1,0,21,"28.4172° N, 76.9081° E",28.4172,76.9081
1410,flat,ss the leaf,sector 85,1.14,6433.0,2,2,3,16.0,Relatively New,D69824212,1604.0,0,0,0,0,0,0,44,"28.4042° N, 76.9513° E",28.4042,76.9513
1411,flat,nagata group housing society,sector 1,0.85,3695.0,3,3,3+,4.0,Relatively New,W68198492,2081.0,0,0,0,1,0,0,5,"28.3663° N, 76.9456° E",28.3663,76.9456
1412,house,independent,sector 67,1.5,8642.0,5,3,2,2.0,New Property,L68022348,200.0,0,0,0,0,0,0,0,"28.3859° N, 77.0608° E",28.3859,77.0608
1413,house,independent,sector 12,0.7,4117.0,4,4,1,2.0,Moderately Old,C69983014,1700.0,0,0,0,0,0,0,0,"28.4723° N, 77.0320° E",28.4723,77.032
1414,house,independent,sector 45,16.0,35003.0,6,7,3+,3.0,Relatively New,A64501138,4500.0,1,1,1,1,0,2,105,"28.4466° N, 77.0660° E",28.4466,77.066
1415,flat,indiabulls centrum park,sector 103,1.01,8080.0,2,2,3,5.0,Relatively New,K69069814,1338.0,0,0,1,0,0,2,165,"28.4949° N, 76.9845° E",28.4949,76.9845
1416,flat,sobha city,sector 108,3.35,13266.0,3,4,2,19.0,New Property,Z67172840,2525.0,0,0,0,0,0,0,102,"28.5134° N, 76.9830° E",28.5134,76.983
1417,flat,ats triumph,sector 104,1.73,7554.0,3,4,3+,15.0,Relatively New,P68670840,2072.0,0,0,0,1,0,0,159,"28.4788° N, 76.9960° E",28.4788,76.996
1418,flat,tulip violet,sector 69,1.4,8856.0,3,3,2,9.0,Relatively New,X68278208,1428.0,0,1,0,0,0,0,120,"28.3966° N, 77.0341° E",28.3966,77.0341
1419,flat,ats kocoon,sector 109,1.6,9169.0,3,3,3,10.0,Relatively New,U68138998,1550.0,0,0,0,0,0,0,86,"28.5073° N, 77.0089° E",28.5073,77.0089
1420,flat,godrej nature plus,sector 33,1.2,13369.0,2,2,0,11.0,Under Construction,I69588098,85.0,0,0,0,0,0,0,56,"28.4420° N, 77.0207° E",28.442,77.0207
1421,house,nul,sector 25,6.25,34722.0,5,5,3,2.0,Moderately Old,C68371626,1800.0,0,1,0,1,0,2,112,"28.4844° N, 77.0860° E",28.4844,77.086
1422,flat,sare crescent parc royal greens phase 1,sector 92,0.5,5000.0,2,2,3,2.0,Relatively New,J69634490,1000.0,0,0,0,0,0,0,0,"28.4079° N, 76.9153° E",28.4079,76.9153
1423,flat,paras dews,sector 106,0.95,6859.0,2,2,3+,2.0,Relatively New,B70066954,940.0,0,0,0,0,0,0,49,"28.5007° N, 77.0003° E",28.5007,77.0003
1424,flat,vipul lavanya,sector 81,0.6,6666.0,2,2,1,0.0,Relatively New,P69554534,1000.0,0,0,0,0,0,0,49,"28.3867° N, 76.9485° E",28.3867,76.9485
1425,house,independent,sector 14,4.15,18444.0,5,4,2,2.0,Old Property,E69326398,2250.0,0,0,0,0,0,2,51,"28.4711° N, 77.0454° E",28.4711,77.0454
1426,flat,tulip ivory,sector 70,2.35,9791.0,4,4,3+,8.0,Moderately Old,J69769036,2667.0,0,0,0,1,0,0,108,"28.3968° N, 77.0233° E",28.3968,77.0233
1427,flat,mrg world ultimus,sector 90,0.5,6983.0,2,2,2,1.0,Under Construction,K68195520,796.0,0,0,0,0,0,0,21,"28.4085° N, 76.9369° E",28.4085,76.9369
1428,flat,elan mercado,sector 80,0.85,12408.0,1,1,1,15.0,Relatively New,A67150216,761.0,0,0,0,0,0,0,60,"28.3659° N, 76.9557° E",28.3659,76.9557
1429,flat,orris aster court premier,sector 85,1.45,6839.0,3,4,2,3.0,New Property,V69344024,1616.0,0,0,0,1,0,0,16,"28.4042° N, 76.9513° E",28.4042,76.9513
1430,house,international city by sobha phase 1,sector 109,6.0,9634.0,4,5,3,2.0,Moderately Old,D69749214,6228.0,0,0,0,0,0,0,76,"28.5073° N, 77.0089° E",28.5073,77.0089
1431,flat,tulip purple,sector 69,1.92,8000.0,4,5,3+,5.0,Relatively New,O69569386,2172.0,0,0,0,1,0,2,158,"28.3966° N, 77.0341° E",28.3966,77.0341
1432,flat,shapoorji pallonji joyville gurugram,sector 102,2.5,14000.0,3,3,3,15.0,Under Construction,S70038400,1653.0,0,0,0,0,0,0,151,"28.4750° N, 76.9715° E",28.475,76.9715
1433,flat,godrej,sector 79,1.28,8504.0,3,3,3,7.0,Relatively New,W69485350,1362.0,0,0,0,0,0,0,158,"28.3624° N, 76.9787° E",28.3624,76.9787
1434,house,independent,sector 7,2.25,15625.0,3,3,2,2.0,Old Property,U67242684,1440.0,0,0,0,0,0,2,27,"28.4644° N, 77.0143° E",28.4644,77.0143
1435,flat,the lions cghs,sector 56,2.05,8541.0,4,4,3+,8.0,Moderately Old,G70154506,2667.0,0,0,0,0,0,2,49,"28.4245° N, 77.0991° E",28.4245,77.0991
1436,flat,ats triumph,sector 104,2.65,8412.0,4,4,3+,14.0,Relatively New,M69157638,2898.0,0,0,0,1,0,0,21,"28.4788° N, 76.9960° E",28.4788,76.996
1437,house,vatika signature villas,sector 82,4.7,21759.0,3,3,3+,3.0,New Property,T67390688,2160.0,0,0,0,1,0,0,33,"28.3935° N, 76.9600° E",28.3935,76.96
1438,house,independent,sector 4,1.9,8444.0,4,3,2,2.0,Moderately Old,G69479028,211.0,0,1,1,0,0,2,46,"28.4738° N, 77.0107° E",28.4738,77.0107
1439,house,vipul tatvam villa,sector 48,19.5,22222.0,5,6,3,2.0,Moderately Old,Q69047570,8775.0,1,1,1,1,0,2,110,"28.4177° N, 77.0359° E",28.4177,77.0359
1440,flat,shree vardhman flora,sector 90,0.92,4906.0,3,4,3,4.0,Relatively New,I68039286,1493.0,0,0,0,1,0,0,116,"28.4085° N, 76.9369° E",28.4085,76.9369
1441,flat,vatika city homes,sector 83,1.08,6206.0,3,3,3,6.0,Relatively New,U69729074,1537.0,0,0,1,0,0,0,111,"28.3986° N, 76.9647° E",28.3986,76.9647
1442,flat,ramsons kshitij,sector 95,0.33,3911.0,2,2,1,14.0,New Property,N62052196,694.0,0,0,0,0,1,2,79,"28.4172° N, 76.9081° E",28.4172,76.9081
1443,flat,paras dews,sector 106,1.15,7419.0,3,3,3,11.0,Relatively New,C69626052,1650.0,0,1,0,1,0,2,174,"28.5007° N, 77.0003° E",28.5007,77.0003
1444,flat,bestech park view residency,sector 2,1.36,7646.0,3,3,3+,5.0,Moderately Old,X68401148,1611.0,0,0,0,0,0,0,84,"28.5095° N, 77.0320° E",28.5095,77.032
1445,flat,m3m capital,sector 113,2.57,15575.0,4,5,3+,25.0,Under Construction,B68315926,2060.0,1,0,0,0,0,2,79,"28.5287° N, 77.0233° E",28.5287,77.0233
1446,flat,emaar mgf palm hills,sector 77,1.25,8620.0,3,4,3,1.0,Relatively New,T69205518,1611.0,0,0,0,1,0,2,104,"28.3801° N, 76.9845° E",28.3801,76.9845
1447,flat,birla navya,sector 63a,3.7,15416.0,3,3,3+,1.0,Under Construction,W66533824,2667.0,0,0,0,0,0,0,72,"28.3923° N, 77.0888° E",28.3923,77.0888
1448,flat,godrej,sector 79,2.0,8453.0,3,4,3+,2.0,Relatively New,O69003136,2629.0,0,0,0,1,0,2,156,"28.3624° N, 76.9787° E",28.3624,76.9787
1449,flat,indiabulls enigma,sector 110,3.4,10000.0,4,5,3,10.0,Relatively New,R69549220,3000.0,0,0,0,1,0,0,152,"28.5145° N, 77.0197° E",28.5145,77.0197
1450,house,eldeco mansionz,sector 48,5.0,21367.0,7,7,3,2.0,Moderately Old,R70114886,2340.0,0,0,0,0,0,2,40,"28.4177° N, 77.0359° E",28.4177,77.0359
1451,flat,signature global solera,sector 107,0.28,5623.0,2,2,2,14.0,Relatively New,Z69242412,543.0,0,0,0,0,0,0,38,"28.5052° N, 76.9729° E",28.5052,76.9729
1452,house,independent,sector 25,6.5,36111.0,4,3,3,3.0,Moderately Old,Q70088736,1800.0,1,1,0,0,0,0,19,"28.4844° N, 77.0860° E",28.4844,77.086
1453,house,spaze privy,sector 72,3.1,8486.0,5,5,3+,21.0,Relatively New,I69930432,3653.0,0,0,0,0,0,0,0,"28.4225° N, 77.0211° E",28.4225,77.0211
1454,flat,godrej meridien,sector 106,3.2,16000.0,3,3,3+,6.0,Under Construction,L68771822,2224.0,0,0,0,1,0,0,49,"28.5007° N, 77.0003° E",28.5007,77.0003
1455,flat,pareena coban residences,sector 99a,1.56,7811.0,3,5,3,4.0,New Property,Z70031022,1807.0,0,0,0,1,1,0,49,"28.4561° N, 76.9542° E",28.4561,76.9542
1456,flat,pyramid urban homes 2,sector 86,0.41,8283.0,2,2,1,7.0,New Property,J68669646,557.0,1,1,0,1,1,0,49,"28.3986° N, 76.9384° E",28.3986,76.9384
1457,house,independent,sector 2,2.5,16056.0,4,4,2,4.0,Old Property,Q65612308,1557.0,0,0,0,0,0,0,17,"28.5095° N, 77.0320° E",28.5095,77.032
1458,house,independent,sector 105,9.9,49500.0,2,2,2,3.0,Moderately Old,J66250436,2000.0,0,0,0,0,0,0,0,"28.4952° N, 77.0114° E",28.4952,77.0114
1459,flat,smart world orchard,sector 61,2.5,16139.0,3,3,1,1.0,Under Construction,K69876578,1549.0,0,0,0,0,0,0,61,"28.4050° N, 77.0963° E",28.405,77.0963
1460,flat,orchid petals,sector 49,4.52,10984.0,5,5,3+,14.0,Moderately Old,K69732128,3724.0,1,1,0,1,0,0,49,"28.4121° N, 77.0480° E",28.4121,77.048
1461,flat,m3m woodshire,sector 107,1.65,5960.0,4,5,3+,12.0,Relatively New,I68360600,2505.0,0,0,0,1,0,0,21,"28.5052° N, 76.9729° E",28.5052,76.9729
1462,flat,emaar palm gardens,sector 83,3.15,8400.0,5,7,3+,15.0,Relatively New,J69236342,3200.0,0,0,0,1,0,2,165,"28.3986° N, 76.9647° E",28.3986,76.9647
1463,flat,emaar gurgaon greens,sector 102,1.6,9696.0,3,3,3,8.0,Relatively New,I70126602,1315.0,0,0,0,0,0,0,46,"28.4750° N, 76.9715° E",28.475,76.9715
1464,flat,rail vihar cghs,sector 56,1.35,10384.0,3,2,2,1.0,Old Property,V69706736,1275.0,0,0,0,0,1,0,159,"28.4245° N, 77.0991° E",28.4245,77.0991
1465,flat,adani aangan galleria,sector 89,0.25,5000.0,1,1,1,6.0,New Property,P66797320,430.0,0,0,0,0,0,0,74,"28.4253° N, 76.9439° E",28.4253,76.9439
1466,house,ansals palam vihar,sector 2,2.75,17662.0,3,3,3,2.0,Moderately Old,E69690248,1557.0,1,1,0,0,0,2,15,"28.5095° N, 77.0320° E",28.5095,77.032
1467,flat,emaar palm heights,sector 77,2.1,10370.0,3,3,3,17.0,New Property,M66237678,1833.0,1,0,0,1,0,0,8,"28.3801° N, 76.9845° E",28.3801,76.9845
1468,house,independent,sector 11,0.9,10000.0,2,4,3+,4.0,Moderately Old,R65475420,900.0,0,0,0,0,0,0,7,"28.4531° N, 77.0202° E",28.4531,77.0202
1469,flat,ild greens,sector 37c,0.95,9223.0,2,2,3+,11.0,Relatively New,K69393628,1179.0,0,1,1,0,0,2,119,"28.4515° N, 76.9882° E",28.4515,76.9882
1470,flat,shree vardhman victoria,sector 70,1.15,8518.0,2,2,2,6.0,Relatively New,Q69083398,1500.0,1,0,0,0,0,0,85,"28.3968° N, 77.0233° E",28.3968,77.0233
1471,flat,signature global city,sector 37d,1.25,6082.0,3,3,3,4.0,Under Construction,H69851460,2283.0,0,0,0,0,0,0,16,"28.4478° N, 76.9703° E",28.4478,76.9703
1472,flat,indiabulls centrum park,sector 103,1.65,8250.0,3,3,3+,15.0,Relatively New,V69886138,1683.0,1,0,0,0,0,0,38,"28.4949° N, 76.9845° E",28.4949,76.9845
1473,flat,shri ram apartments,sector 4,0.46,5111.0,2,2,1,1.0,Relatively New,M67722756,1000.0,0,0,0,0,0,2,69,"28.4738° N, 77.0107° E",28.4738,77.0107
1474,flat,ss,sector 85,2.14,7610.0,4,4,3,6.0,Relatively New,M70087436,2300.0,1,1,0,1,0,0,49,"28.4042° N, 76.9513° E",28.4042,76.9513
1475,flat,corona optus,sector 37c,1.25,8928.0,3,3,3,2.0,Relatively New,Y70043972,1563.0,1,0,0,0,0,0,49,"28.4515° N, 76.9882° E",28.4515,76.9882
1476,flat,pareena coban residences,sector 99a,1.13,5658.0,3,5,3,5.0,Relatively New,O68920324,1790.0,0,0,0,1,1,0,49,"28.4561° N, 76.9542° E",28.4561,76.9542
1477,flat,corona optus,sector 37c,1.2,6916.0,3,4,3,8.0,Relatively New,A69464642,1635.0,0,0,0,0,0,0,149,"28.4515° N, 76.9882° E",28.4515,76.9882
1478,flat,zara aavaas,sector 104,0.4,7036.0,2,2,1,4.0,Relatively New,S56426314,514.0,0,0,0,0,0,0,52,"28.4788° N, 76.9960° E",28.4788,76.996
1479,flat,sukhshanti apartment,sector 56,1.65,7006.0,3,3,3+,5.0,Moderately Old,U69297024,2131.0,1,0,0,0,0,2,134,"28.4245° N, 77.0991° E",28.4245,77.0991
1480,flat,paras dews,sector 106,1.25,11061.0,3,4,3+,7.0,Relatively New,J69531810,1186.0,1,0,0,1,0,0,167,"28.5007° N, 77.0003° E",28.5007,77.0003
1481,house,independent,sector 3,0.9,8928.0,3,1,0,1.0,Moderately Old,E70113272,1008.0,0,0,0,0,0,0,0,"28.4909° N, 77.0176° E",28.4909,77.0176
1482,flat,tulip orange,sector 70,1.1,8148.0,3,2,2,5.0,Relatively New,S69737856,1350.0,0,0,0,0,0,0,0,"28.3968° N, 77.0233° E",28.3968,77.0233
1483,house,independent,sector 3,0.92,15257.0,4,1,0,1.0,Moderately Old,B69062474,603.0,0,0,0,0,0,0,0,"28.4909° N, 77.0176° E",28.4909,77.0176
1484,flat,vatika gurgaon,sector 83,1.1,6051.0,3,3,3,12.0,Relatively New,V67219316,1570.0,0,0,0,1,0,2,66,"28.3986° N, 76.9647° E",28.3986,76.9647
1485,flat,m3m woodshire,sector 107,1.01,7394.0,2,2,3+,11.0,New Property,P22187629,1200.0,0,0,0,0,1,0,74,"28.5052° N, 76.9729° E",28.5052,76.9729
1486,flat,ireo skyon,sector 60,3.6,12815.0,4,5,3,24.0,Relatively New,O69237000,2604.0,0,0,0,1,0,2,49,"28.4003° N, 77.0975° E",28.4003,77.0975
1487,house,malibu towne,sector 47,8.81,27191.0,8,6,3+,3.0,Moderately Old,M69463338,3240.0,1,0,0,1,1,2,27,"28.4276° N, 77.0492° E",28.4276,77.0492
1488,flat,ss the leaf,sector 85,2.2,6934.0,4,5,3+,4.0,Relatively New,H66299578,2545.0,0,0,0,0,0,0,106,"28.4042° N, 76.9513° E",28.4042,76.9513
1489,flat,ireo the corridors,sector 67a,2.08,12044.0,3,3,2,6.0,Under Construction,W32639849,1563.0,0,0,0,0,1,0,55,"28.3960° N, 77.0372° E",28.396,77.0372
1490,flat,pioneer urban presidia,sector 62,7.15,16486.0,4,5,3+,7.0,Relatively New,A68758618,3925.0,1,0,1,1,0,2,158,"28.4139° N, 77.0886° E",28.4139,77.0886
1491,flat,adani m2k oyster grande,sector 102,2.5,7817.0,4,5,3+,5.0,Relatively New,O66498046,2894.0,0,0,0,1,0,0,76,"28.4750° N, 76.9715° E",28.475,76.9715
1492,flat,corona optus,sector 37c,1.27,7203.0,3,3,3,2.0,Relatively New,U70043904,1581.0,1,0,0,0,1,0,49,"28.4515° N, 76.9882° E",28.4515,76.9882
1493,flat,supertech araville,sector 79,1.35,9000.0,2,2,3,6.0,New Property,L21848441,1350.0,1,0,0,0,1,2,88,"28.3624° N, 76.9787° E",28.3624,76.9787
1494,flat,ambience lagoon,sector 24,5.8,12500.0,3,4,3+,9.0,Old Property,J18888617,3700.0,1,1,0,1,1,1,68,"28.4939° N, 77.1038° E",28.4939,77.1038
1495,house,dlf city plots phase 3,sector 24,1.6,3292.0,8,5,3+,4.0,Old Property,N61562702,540.0,0,0,0,0,0,0,8,"28.4939° N, 77.1038° E",28.4939,77.1038
1496,flat,pareena mi casa,sector 68,0.92,7389.0,2,2,3,5.0,Under Construction,O20402717,1127.0,0,0,0,0,1,0,50,"28.3853° N, 77.0484° E",28.3853,77.0484
1497,flat,ss,sector 85,2.1,7467.0,4,4,3,2.0,Relatively New,R70087176,2600.0,0,0,0,0,0,0,49,"28.4042° N, 76.9513° E",28.4042,76.9513
1498,house,ansals florence villa,sector 57,3.65,10579.0,6,6,2,3.0,Moderately Old,X69488470,3450.0,1,1,1,1,0,1,152,"28.4232° N, 77.0752° E",28.4232,77.0752
1499,flat,emaar palm gardens,sector 83,1.4,9675.0,3,3,3,11.0,Relatively New,Q68168688,1582.0,0,0,0,1,0,1,58,"28.3986° N, 76.9647° E",28.3986,76.9647
1500,house,independent,sector 17,9.5,23457.0,8,8,3,3.0,Relatively New,P69309028,4050.0,1,0,0,0,0,2,27,"28.4791° N, 77.0608° E",28.4791,77.0608
1501,flat,kashish manor one,sector 111,1.65,7097.0,3,4,3+,14.0,Under Construction,L19055997,2104.0,0,0,0,1,1,0,8,"28.5238° N, 77.0320° E",28.5238,77.032
1502,flat,supertech hues,sector 68,1.0,8474.0,2,2,2,12.0,New Property,G60847090,1311.0,0,0,0,0,0,0,54,"28.3853° N, 77.0484° E",28.3853,77.0484
1503,flat,corona optus,sector 37c,1.26,7250.0,3,3,3,4.0,New Property,G69594300,1400.0,0,0,0,0,0,0,28,"28.4515° N, 76.9882° E",28.4515,76.9882
1504,flat,sapphire eighty three,sector 83,0.65,9286.0,1,1,0,6.0,Relatively New,C68022584,700.0,0,0,0,0,0,0,0,"28.3986° N, 76.9647° E",28.3986,76.9647
1505,house,independent,sector 55,4.6,21296.0,3,3,3+,2.0,Old Property,B69565628,2160.0,0,1,1,1,0,2,37,"28.4281° N, 77.1100° E",28.4281,77.11
1506,flat,ramsons kshitij,sector 95,0.22,6470.0,1,1,1,2.0,New Property,N52301370,308.0,0,0,0,0,0,0,0,"28.4172° N, 76.9081° E",28.4172,76.9081
1507,house,unitech nirvana birch court,sector 50,11.95,36883.0,3,3,2,1.0,Moderately Old,T69900704,3240.0,1,0,0,1,0,0,101,"28.4178° N, 77.0628° E",28.4178,77.0628
1508,house,independent,sector 103,2.25,6367.0,3,5,3+,10.0,Relatively New,R68478332,3534.0,0,0,0,0,0,0,0,"28.4949° N, 76.9845° E",28.4949,76.9845
1509,flat,conscient one,sector 109,1.7,17617.0,1,1,2,9.0,Relatively New,C68597238,965.0,0,0,0,0,0,0,0,"28.5073° N, 77.0089° E",28.5073,77.0089
1510,house,unitech aspen greens,sector 50,6.95,4490.0,3,3,1,2.0,Moderately Old,C69454118,2160.0,0,0,0,1,0,0,160,"28.4178° N, 77.0628° E",28.4178,77.0628
1511,flat,ambience lagoon,sector 24,4.25,13281.0,3,4,3+,3.0,Old Property,Z69119494,3201.0,0,0,1,1,0,2,131,"28.4939° N, 77.1038° E",28.4939,77.1038
1512,flat,shapoorji pallonji joyville,sector 102,1.1,12022.0,2,2,1,7.0,Relatively New,K69058384,915.0,0,0,0,0,0,0,0,"28.4750° N, 76.9715° E",28.475,76.9715
1513,flat,experion windchants,sector 112,3.65,12312.0,3,4,3+,14.0,Relatively New,R62216030,2225.56,0,0,0,1,0,2,150,"28.5189° N, 77.0183° E",28.5189,77.0183
1514,flat,m3m golfestate,sector 65,5.4,18126.0,3,4,3,19.0,Moderately Old,X69762008,2696.0,1,0,0,1,0,2,174,"28.4030° N, 77.0690° E",28.403,77.069
1515,flat,paras dews,sector 106,1.34,9550.0,4,5,3+,7.0,Relatively New,I69432752,1535.0,0,0,0,1,0,0,49,"28.5007° N, 77.0003° E",28.5007,77.0003
1516,flat,pareena laxmi apartments,sector 99a,0.31,5904.0,2,2,2,6.0,New Property,H70058650,583.0,0,0,0,0,0,0,74,"28.4561° N, 76.9542° E",28.4561,76.9542
1517,flat,ireo the grand arch,sector 58,2.2,16000.0,2,2,2,6.0,Relatively New,D69199860,1244.0,0,0,0,0,0,0,42,"28.4200° N, 77.1105° E",28.42,77.1105
1518,flat,emaar mgf emerald floors premier,sector 65,2.8,16969.0,4,4,3,2.0,Relatively New,V69389658,1650.0,1,0,0,0,0,2,89,"28.4030° N, 77.0690° E",28.403,77.069
1519,flat,la vida by tata housing,sector 113,1.5,11755.0,2,2,2,13.0,New Property,N68564716,1418.0,0,0,0,0,0,0,71,"28.5287° N, 77.0233° E",28.5287,77.0233
1520,flat,vatika emilia floors,sector 83,0.6,5714.0,2,2,2,1.0,Relatively New,U69339966,990.0,0,0,0,0,0,2,167,"28.3986° N, 76.9647° E",28.3986,76.9647
1521,house,vatika signature villas,sector 82,3.2,14351.0,3,4,3,1.0,New Property,I65064814,2160.0,1,1,1,1,0,0,66,"28.3935° N, 76.9600° E",28.3935,76.96
1522,house,independent,sector 23,2.7,18620.0,5,5,2,3.0,Old Property,K68370728,1450.0,0,0,0,0,0,2,17,"28.5121° N, 77.0478° E",28.5121,77.0478
1523,flat,experion the heartsong,sector 108,3.0,18392.0,4,5,3+,2.0,Relatively New,S69976164,2204.25,0,0,0,1,0,1,149,"28.5134° N, 76.9830° E",28.5134,76.983
1524,house,independent,sector 3,0.6,6000.0,1,1,0,1.0,Moderately Old,Q67785990,1000.0,0,0,0,0,0,0,0,"28.4909° N, 77.0176° E",28.4909,77.0176
1525,flat,ss the leaf,sector 85,1.1,9565.0,2,2,3,10.0,Relatively New,M69399790,1600.0,0,1,0,0,0,0,150,"28.4042° N, 76.9513° E",28.4042,76.9513
1526,house,independent,sector 3,0.68,3874.0,5,3,0,1.0,Moderately Old,D68593046,1755.0,0,0,0,0,0,0,0,"28.4909° N, 77.0176° E",28.4909,77.0176
1527,flat,kiran residency,sector 56,1.55,6888.0,3,3,3+,5.0,Moderately Old,U69829328,1900.0,0,1,0,1,0,2,92,"28.4245° N, 77.0991° E",28.4245,77.0991
1528,flat,chd avenue,sector 71,1.25,6597.0,3,4,2,14.0,Relatively New,M68092930,1577.0,1,1,0,1,1,1,128,"28.4104° N, 77.0281° E",28.4104,77.0281
1529,flat,bptp terra,sector 37d,2.08,10000.0,4,4,3,0.0,New Property,H69558740,2211.0,1,1,0,1,0,0,121,"28.4478° N, 76.9703° E",28.4478,76.9703
1530,house,independent,sector 8,0.82,9111.0,2,3,3,2.0,Moderately Old,K69990342,900.0,0,0,0,0,0,0,12,"28.3738° N, 76.8970° E",28.3738,76.897
1531,flat,kiran residency,sector 56,1.55,7750.0,3,3,3+,5.0,Old Property,V69199668,1800.0,0,1,0,1,1,0,166,"28.4245° N, 77.0991° E",28.4245,77.0991
1532,flat,shree vardhman flora,sector 90,0.65,4961.0,2,2,3,11.0,Relatively New,N69126336,1225.0,1,0,0,0,0,2,49,"28.4085° N, 76.9369° E",28.4085,76.9369
1533,flat,signature andour heights,sector 71,0.6,10000.0,2,2,1,5.0,Relatively New,Q56425980,557.0,0,1,0,0,0,0,59,"28.4104° N, 77.0281° E",28.4104,77.0281
1534,house,independent,sector 38,4.0,21786.0,6,6,3+,4.0,Old Property,F69521040,1836.0,1,1,0,1,1,2,137,"28.4347° N, 77.0430° E",28.4347,77.043
1535,flat,vatika xpressions,sector 88b,0.92,7360.0,2,2,2,3.0,Relatively New,Z69531440,1300.0,0,1,0,0,0,0,174,"28.4446° N, 76.9542° E",28.4446,76.9542
1536,flat,tata primanti,sector 72,3.5,11428.0,4,5,3+,16.0,Relatively New,G16283577,2625.0,0,0,0,1,1,0,31,"28.4225° N, 77.0211° E",28.4225,77.0211
1537,flat,ats triumph,sector 104,2.6,8253.0,4,4,3+,12.0,Relatively New,S68587250,2851.0,0,0,0,1,0,0,118,"28.4788° N, 76.9960° E",28.4788,76.996
1538,flat,dlf the grove,sector 43,6.0,25000.0,4,4,2,1.0,Under Construction,E69846304,2667.0,0,0,0,1,0,2,49,"28.4629° N, 77.0772° E",28.4629,77.0772
1539,flat,unitech vistas,sector 70,0.99,6325.0,3,4,2,11.0,Under Construction,A65916402,1416.0,0,0,0,0,0,0,0,"28.3968° N, 77.0233° E",28.3968,77.0233
1540,flat,green campus chs,manesar,0.92,4022.0,3,3,3+,8.0,Moderately Old,F68198434,1924.0,0,0,0,1,0,0,5,"28.3515° N, 76.9428° E",28.3515,76.9428
1541,flat,assotech blith,sector 99,0.82,6007.0,2,2,3,0.0,New Property,O65985156,1365.0,0,0,0,0,0,0,51,"28.4640° N, 76.9614° E",28.464,76.9614
1542,flat,signature global park 4,sector 36,1.0,9900.0,3,2,3,2.0,New Property,U68941552,1122.0,0,0,0,0,0,0,128,"28.4160° N, 76.9914° E",28.416,76.9914
1543,house,dlf city phase 1,sector 26,5.5,30556.0,4,4,3+,2.0,Moderately Old,U69483020,1800.0,0,1,1,0,0,0,49,"28.4757° N, 77.1032° E",28.4757,77.1032
1544,flat,godrej,sector 79,1.35,8970.0,3,3,2,7.0,Relatively New,Q69438420,1362.0,0,0,0,0,0,0,118,"28.3624° N, 76.9787° E",28.3624,76.9787
1545,flat,ss the leaf,sector 85,1.2,7317.0,2,2,3,6.0,Relatively New,G69992530,1300.0,0,0,0,0,0,2,174,"28.4042° N, 76.9513° E",28.4042,76.9513
1546,flat,dlf the arbour,sector 63,7.9,20000.0,4,4,3+,34.0,Under Construction,A69395700,3950.0,0,0,0,0,0,0,61,"28.3971° N, 77.0867° E",28.3971,77.0867
1547,house,ats tourmaline,sector 109,1.87,8697.0,3,4,0,12.0,Relatively New,H69815482,2150.0,0,0,0,0,0,0,0,"28.5073° N, 77.0089° E",28.5073,77.0089
1548,house,independent,sector 4,0.61,11111.0,2,2,2,2.0,Moderately Old,B69408974,61.0,0,0,0,0,1,0,14,"28.4738° N, 77.0107° E",28.4738,77.0107
1549,house,independent,sector 28,1.45,8000.0,3,2,1,1.0,Relatively New,O68021286,1800.0,0,0,0,0,0,0,0,"28.4728° N, 77.0865° E",28.4728,77.0865
1550,flat,sunischit apartments,sector 54,1.69,7954.0,3,3,3+,5.0,Old Property,X69607964,1991.0,0,0,0,1,0,2,65,"28.4348° N, 77.1089° E",28.4348,77.1089
1551,flat,unitech south park,sector 70,1.13,7000.0,3,3,2,1.0,Under Construction,D69281388,1457.0,0,0,0,0,0,0,46,"28.3968° N, 77.0233° E",28.3968,77.0233
1552,flat,raheja atlantis,sector 31,5.5,18688.0,4,5,3+,1.0,Relatively New,Q70084598,2663.0,1,1,0,1,0,0,81,"28.4528° N, 77.0498° E",28.4528,77.0498
1553,flat,shree vardhman flora,sector 90,1.25,4854.0,4,4,3,10.0,Relatively New,Y69236170,2861.0,1,1,0,0,0,0,174,"28.4085° N, 76.9369° E",28.4085,76.9369
1554,flat,smart world orchard,sector 61,2.57,15766.0,3,3,2,3.0,Under Construction,S66339050,1630.0,1,0,0,0,0,0,0,"28.4050° N, 77.0963° E",28.405,77.0963
1555,house,ansal api spanish court,sector 2,2.9,18626.0,4,4,3,2.0,Relatively New,J12592219,1557.0,0,0,1,0,0,2,49,"28.5095° N, 77.0320° E",28.5095,77.032
1556,house,independent,sector 46,3.6,24845.0,5,5,3+,3.0,Moderately Old,V69469434,1449.0,0,0,0,1,0,2,75,"28.4374° N, 77.0586° E",28.4374,77.0586
1557,house,independent,sector 24,6.5,22855.0,4,4,2,2.0,Old Property,J70255162,2844.0,0,1,0,0,0,0,35,"28.4939° N, 77.1038° E",28.4939,77.1038
1558,flat,ats marigold,sector 89,1.7,9714.0,3,3,3+,8.0,Under Construction,F69969730,1944.0,1,0,0,0,0,0,65,"28.4253° N, 76.9439° E",28.4253,76.9439
1559,house,vipul tatvam villa,sector 48,22.0,26667.0,5,6,3,3.0,Moderately Old,F66657698,8250.0,0,0,0,1,0,0,54,"28.4177° N, 77.0359° E",28.4177,77.0359
1560,house,nirvana cedar crest,sector 50,7.1,32870.0,5,4,3,2.0,Moderately Old,J69949690,2160.0,1,1,1,0,0,2,110,"28.4178° N, 77.0628° E",28.4178,77.0628
1561,flat,m3m sierra 68,sector 68,1.05,8536.0,2,2,2,11.0,New Property,U69117548,1200.0,0,0,0,0,0,2,127,"28.3853° N, 77.0484° E",28.3853,77.0484
1562,flat,ireo victory valley,sector 67,3.49,13000.0,3,3,3,19.0,Relatively New,Y66191024,2724.0,0,0,0,1,0,0,103,"28.3859° N, 77.0608° E",28.3859,77.0608
1563,house,independent,sector 55,5.6,20741.0,6,4,3,3.0,Old Property,A69673016,2700.0,0,0,0,1,0,2,41,"28.4281° N, 77.1100° E",28.4281,77.11
1564,house,independent,sector 10a,1.7,18888.0,2,1,2,2.0,Old Property,G69173270,900.0,0,0,0,0,1,0,8,"28.4469° N, 77.0106° E",28.4469,77.0106
1565,flat,conscient heritage max,sector 102,2.15,9306.0,3,4,3,13.0,Relatively New,U69573286,1945.0,1,0,0,1,0,0,101,"28.4750° N, 76.9715° E",28.475,76.9715
1566,flat,suncity platinum towers,sector 28,7.0,22222.0,4,3,2,10.0,Moderately Old,W68297470,2488.0,0,0,0,1,0,0,31,"28.4728° N, 77.0865° E",28.4728,77.0865
1567,flat,raheja vedaanta,sector 108,0.7,4651.0,2,2,2,12.0,Moderately Old,J70052074,1362.0,0,0,0,0,0,0,72,"28.5134° N, 76.9830° E",28.5134,76.983
1568,flat,shree vardhman victoria,sector 70,1.62,8307.0,3,5,3,9.0,Relatively New,C69936836,1527.0,0,0,0,1,0,0,43,"28.3968° N, 77.0233° E",28.3968,77.0233
1569,flat,dlf belvedere towers,sector 25,3.7,17619.0,4,4,3,18.0,Old Property,L69620694,2333.0,0,0,0,1,0,2,26,"28.4844° N, 77.0860° E",28.4844,77.086
1570,flat,central park flower valley,sector 33,1.35,10384.0,3,2,2,3.0,New Property,N69795228,1444.0,0,0,0,0,0,0,87,"28.4420° N, 77.0207° E",28.442,77.0207
1571,house,independent,sector 55,1.45,26852.0,1,4,3+,4.0,Relatively New,R68970126,60.0,0,0,1,0,0,0,70,"28.4281° N, 77.1100° E",28.4281,77.11
1572,flat,ss the leaf,sector 85,1.85,7682.0,3,4,3,2.0,Relatively New,Z69461738,2179.0,1,0,0,1,0,2,49,"28.4042° N, 76.9513° E",28.4042,76.9513
1573,flat,emaar mgf emerald floors premier,sector 65,2.35,14242.0,3,3,3,2.0,Relatively New,Q66912750,1493.0,1,0,0,1,0,2,168,"28.4030° N, 77.0690° E",28.403,77.069
1574,house,huda flats,sector 7,2.3,17037.0,5,3,3+,3.0,Old Property,I68303966,1350.0,1,1,0,1,0,0,27,"28.4644° N, 77.0143° E",28.4644,77.0143
1575,flat,ss the leaf,sector 85,1.1,6318.0,2,2,3+,3.0,Relatively New,E69884678,1464.0,0,0,1,0,0,0,143,"28.4042° N, 76.9513° E",28.4042,76.9513
1576,flat,m3m merlin,sector 67,2.78,13580.0,3,3,3+,4.0,Relatively New,J69098392,2047.0,0,1,0,0,0,2,157,"28.3859° N, 77.0608° E",28.3859,77.0608
1577,flat,alpha corp gurgaonone,sector 84,2.28,8769.0,4,4,3+,8.0,Relatively New,Y69570694,2998.0,0,0,0,1,0,0,61,"28.3979° N, 76.9736° E",28.3979,76.9736
1578,flat,tulip ivory,sector 70,5.0,10416.0,6,7,3+,0.0,Relatively New,N68921910,5333.0,1,0,0,1,0,0,119,"28.3968° N, 77.0233° E",28.3968,77.0233
1579,flat,m3m sierra 68,sector 68,1.25,10245.0,2,2,3,4.0,New Property,B67273936,938.0,0,0,0,0,0,0,44,"28.3853° N, 77.0484° E",28.3853,77.0484
1580,flat,aipl joy square,sector 63a,0.7,10101.0,1,1,0,7.0,Under Construction,P70014532,693.0,0,0,0,0,0,0,0,"28.3923° N, 77.0888° E",28.3923,77.0888
1581,flat,ireo skyon,sector 60,2.82,12818.0,3,3,3,2.0,Relatively New,E69439924,2400.0,0,0,0,1,0,2,174,"28.4003° N, 77.0975° E",28.4003,77.0975
1582,flat,pyramid urban,sector 67a,0.56,7928.0,2,2,2,0.0,Relatively New,V69823998,778.0,0,0,0,0,1,0,49,"28.3960° N, 77.0372° E",28.396,77.0372
1583,house,unitech espace,sector 50,11.0,40741.0,4,4,3+,2.0,Moderately Old,O68535212,2700.0,0,0,0,1,0,2,88,"28.4178° N, 77.0628° E",28.4178,77.0628
1584,flat,ansal heights,sector 92,0.72,4500.0,3,3,3,9.0,Relatively New,R69253696,1700.0,0,0,0,1,0,0,49,"28.4079° N, 76.9153° E",28.4079,76.9153
1585,flat,ats triumph,sector 104,2.63,9563.0,4,4,3+,21.0,Relatively New,A69089142,2953.0,0,0,0,1,0,2,161,"28.4788° N, 76.9960° E",28.4788,76.996
1586,flat,m3m heights,sector 65,3.67,17990.0,3,3,2,27.0,Under Construction,U68312404,2040.0,0,0,0,1,0,0,43,"28.4030° N, 77.0690° E",28.403,77.069
1587,flat,lord krishna,sector 12,2.7,8571.0,4,3,3,6.0,Old Property,Z68946778,3150.0,0,0,0,0,0,0,0,"28.4723° N, 77.0320° E",28.4723,77.032
1588,flat,bestech park view ananda,sector 81,1.4,7734.0,3,3,3+,6.0,Relatively New,A69156170,1475.0,0,0,0,0,0,0,95,"28.3867° N, 76.9485° E",28.3867,76.9485
1589,flat,ss the leaf,sector 83,1.19,7225.0,2,2,3,4.0,Relatively New,F70085560,1630.0,0,0,0,0,0,0,49,"28.3986° N, 76.9647° E",28.3986,76.9647
1590,flat,professional society,manesar,0.75,3067.0,3,4,3,3.0,Relatively New,A69377176,2717.0,0,0,0,1,0,0,21,"28.3515° N, 76.9428° E",28.3515,76.9428
1591,house,independent,sector 4,0.47,3519.0,3,4,0,3.0,Moderately Old,A67904104,1350.0,0,0,0,0,0,0,0,"28.4738° N, 77.0107° E",28.4738,77.0107
1592,flat,raheja revanta,sector 78,4.75,16885.0,3,3,2,31.0,Under Construction,E68833932,2813.0,0,0,0,1,0,0,100,"28.3733° N, 76.9729° E",28.3733,76.9729
1593,flat,m3m golfestate,sector 65,4.94,16233.0,3,4,3,15.0,Moderately Old,N67917630,2754.0,0,0,0,1,0,0,165,"28.4030° N, 77.0690° E",28.403,77.069
1594,flat,puri emerald bay,sector 104,2.6,15160.0,3,4,3+,5.0,Relatively New,Y69157790,2061.0,1,0,0,1,0,0,81,"28.4788° N, 76.9960° E",28.4788,76.996
1595,house,sheetla enclave,sector 5,0.96,10000.0,2,4,2,3.0,Moderately Old,C65281436,945.0,0,1,1,0,0,2,0,"28.4794° N, 77.0176° E",28.4794,77.0176
1596,flat,dlf the skycourt,sector 86,1.5,7776.0,3,3,1,15.0,Relatively New,U69308792,1550.0,0,0,0,0,0,0,159,"28.3986° N, 76.9384° E",28.3986,76.9384
1597,flat,spaze privvy the address,sector 93,1.25,6900.0,3,4,2,12.0,Relatively New,G66828720,1350.0,0,0,0,0,0,2,96,"28.4153° N, 76.9326° E",28.4153,76.9326
1598,flat,shree vardhman victoria,sector 70,1.8,9230.0,3,3,3+,10.0,New Property,I69326592,1765.0,0,0,0,0,1,2,49,"28.3968° N, 77.0233° E",28.3968,77.0233
1599,flat,irwo westend towers,sector 47,0.65,12059.0,1,1,2,3.0,Old Property,I69344720,599.0,0,0,0,0,0,0,56,"28.4276° N, 77.0492° E",28.4276,77.0492
1600,flat,suncity avenue 76,sector 76,0.75,10204.0,2,2,2,11.0,Under Construction,U69653114,665.0,0,0,0,0,0,0,57,"28.3935° N, 76.9888° E",28.3935,76.9888
1601,flat,signature andour heights,sector 71,0.65,10172.0,2,2,1,10.0,Relatively New,U70026016,590.0,0,0,0,0,0,2,23,"28.4104° N, 77.0281° E",28.4104,77.0281
1602,flat,pioneer araya,sector 62,10.75,19500.0,5,7,3,10.0,Relatively New,J69118026,4990.0,0,0,0,1,0,2,153,"28.4139° N, 77.0886° E",28.4139,77.0886
1603,house,independent,sector 9,3.5,13410.0,9,9,3+,3.0,Relatively New,W66824186,2610.0,1,0,0,0,0,0,23,"28.4603° N, 77.0000° E",28.4603,77.0
1604,flat,emaar palm premier,sector 77,2.1,10500.0,3,4,3+,11.0,New Property,T68605618,1600.0,0,0,0,1,0,2,129,"28.3801° N, 76.9845° E",28.3801,76.9845
1605,flat,shapoorji pallonji joyville gurugram,sector 102,2.03,12000.0,3,3,2,1.0,New Property,G70098068,1337.0,0,0,0,0,0,0,67,"28.4750° N, 76.9715° E",28.475,76.9715
1606,flat,shapoorji pallonji joyville gurugram,sector 102,1.95,10529.0,3,3,3,10.0,Relatively New,F69125772,1676.0,0,0,0,0,0,0,59,"28.4750° N, 76.9715° E",28.475,76.9715
1607,house,independent,sector 9,0.6,10753.0,3,3,1,2.0,Relatively New,B68717324,558.0,0,0,0,0,0,0,0,"28.4603° N, 77.0000° E",28.4603,77.0
1608,flat,apex our homes,sector 37c,0.35,3783.0,2,2,1,7.0,Relatively New,P70095968,850.0,0,0,0,0,0,2,158,"28.4515° N, 76.9882° E",28.4515,76.9882
1609,flat,dlf the ultima,sector 81,2.2,10461.0,3,3,3+,5.0,Relatively New,L69301106,1570.0,1,1,0,1,1,1,49,"28.3867° N, 76.9485° E",28.3867,76.9485
1610,flat,puri diplomatic greens,sector 111,5.25,11666.0,4,6,3+,7.0,Relatively New,I61071446,4072.0,0,0,0,1,0,2,134,"28.5238° N, 77.0320° E",28.5238,77.032
1611,flat,dlf regal gardens,sector 90,1.26,7403.0,3,3,3,6.0,Relatively New,K69428214,1603.0,0,0,0,0,1,2,28,"28.4085° N, 76.9369° E",28.4085,76.9369
1612,house,dlf new town heights,sector 91,2.5,7058.0,4,4,3+,3.0,Moderately Old,A68671054,3400.0,1,1,1,1,0,2,80,"28.4014° N, 76.9225° E",28.4014,76.9225
1613,flat,puri diplomatic greens,sector 111,3.7,12542.0,4,5,3+,12.0,Relatively New,J66379228,2650.0,0,0,0,1,0,2,158,"28.5238° N, 77.0320° E",28.5238,77.032
1614,flat,bestech park view ananda,sector 81,0.95,6985.0,2,2,2,14.0,Relatively New,G69311146,1260.0,0,0,0,0,0,2,165,"28.3867° N, 76.9485° E",28.3867,76.9485
1615,house,dlf city plots,sector 26,13.5,29880.0,5,5,3,2.0,Old Property,M68242740,4518.0,1,1,1,1,0,2,110,"28.4757° N, 77.1032° E",28.4757,77.1032
1616,house,independent,sector 43,8.25,30556.0,5,6,3+,3.0,Moderately Old,F69489716,2700.0,1,1,1,1,0,2,64,"28.4629° N, 77.0772° E",28.4629,77.0772
1617,house,unitech espace,sector 50,11.5,35494.0,5,6,0,1.0,Moderately Old,M68631410,3240.0,0,0,0,0,0,0,0,"28.4178° N, 77.0628° E",28.4178,77.0628
1618,flat,orris carnation residency,sector 85,0.72,4881.0,3,3,2,9.0,Moderately Old,X64885444,1350.0,0,0,0,0,1,0,49,"28.4042° N, 76.9513° E",28.4042,76.9513
1619,flat,conscient heritage max,sector 102,1.9,9783.0,3,4,3+,20.0,Relatively New,G69435466,1757.0,0,0,0,1,0,0,165,"28.4750° N, 76.9715° E",28.475,76.9715
1620,flat,ramshanti cooperative society,sector 52,1.76,7242.0,4,4,3+,12.0,New Property,W63152076,2199.0,0,0,0,0,0,0,0,"28.4379° N, 77.0785° E",28.4379,77.0785
1621,house,independent,sector 14,6.4,20317.0,6,6,3+,3.0,Old Property,G70092112,3150.0,0,0,0,0,1,0,35,"28.4711° N, 77.0454° E",28.4711,77.0454
1622,flat,ireo victory valley,sector 67,4.5,14097.0,4,4,3+,0.0,Relatively New,X70073600,3160.0,0,1,0,1,0,2,42,"28.3859° N, 77.0608° E",28.3859,77.0608
1623,flat,ireo the corridors,sector 67a,1.7,9843.0,3,3,2,10.0,New Property,U68168784,1346.0,0,0,0,1,1,2,44,"28.3960° N, 77.0372° E",28.396,77.0372
1624,flat,ambience creacions,sector 22,1.65,11956.0,2,2,2,9.0,Relatively New,X70126650,1200.0,0,1,0,0,1,1,133,"28.5072° N, 77.0640° E",28.5072,77.064
1625,flat,sare crescent parc,sector 92,0.5,5000.0,2,2,3,2.0,Moderately Old,I69893694,905.0,0,0,0,0,0,0,38,"28.4079° N, 76.9153° E",28.4079,76.9153
1626,house,independent,sector 57,7.25,26852.0,9,9,3+,2.0,New Property,K69590498,2700.0,0,1,0,1,1,2,49,"28.4232° N, 77.0752° E",28.4232,77.0752
1627,flat,chd avenue,sector 71,1.0,6734.0,3,3,3+,3.0,Relatively New,W54082456,1344.0,0,0,0,0,0,2,7,"28.4104° N, 77.0281° E",28.4104,77.0281
1628,house,hero homes,sector 104,1.95,21195.0,3,5,3+,2.0,Moderately Old,M68710216,920.0,0,0,0,0,0,0,64,"28.4788° N, 76.9960° E",28.4788,76.996
1629,flat,shree vardhman flora,sector 90,0.7,5177.0,2,2,3,9.0,New Property,Y61324016,1224.0,1,0,0,0,0,0,97,"28.4085° N, 76.9369° E",28.4085,76.9369
1630,flat,orris aster court,sector 85,0.69,5221.0,2,2,2,5.0,Relatively New,L69846120,1075.0,0,0,0,0,0,0,37,"28.4042° N, 76.9513° E",28.4042,76.9513
1631,flat,unitech uniworld gardens,sector 47,2.4,11505.0,3,4,3+,10.0,Moderately Old,L68514138,1916.0,0,0,0,1,0,0,103,"28.4276° N, 77.0492° E",28.4276,77.0492
1632,flat,godrej oasis,sector 88a,1.5,8108.0,3,3,2,3.0,Relatively New,O53137952,2056.0,0,0,0,0,0,0,47,"28.4347° N, 76.9557° E",28.4347,76.9557
1633,flat,shri ram apartments,sector 4,0.32,3368.0,2,2,1,4.0,Relatively New,I69742414,1056.0,0,0,0,0,0,2,7,"28.4738° N, 77.0107° E",28.4738,77.0107
1634,flat,ats triumph,sector 104,2.3,10000.0,3,4,3+,15.0,New Property,T70127554,2544.0,0,0,0,1,0,0,117,"28.4788° N, 76.9960° E",28.4788,76.996
1635,flat,m3m skywalk,sector 74,2.7,13379.0,3,3,3,13.0,New Property,P69918002,2018.0,0,0,1,0,0,0,92,"28.4158° N, 77.0118° E",28.4158,77.0118
1636,flat,ambience creacions,sector 22,1.75,12700.0,2,2,2,11.0,Under Construction,L61678758,1249.0,0,0,0,0,0,0,57,"28.5072° N, 77.0640° E",28.5072,77.064
1637,flat,m3m sierra 68,sector 68,1.2,9000.0,2,2,3,1.0,Relatively New,U69787898,982.0,0,0,0,0,0,1,76,"28.3853° N, 77.0484° E",28.3853,77.0484
1638,flat,ats tourmaline,sector 109,2.3,8897.0,3,4,3+,10.0,New Property,C62418100,2339.0,0,0,0,1,1,0,74,"28.5073° N, 77.0089° E",28.5073,77.0089
1639,flat,signature global synera,sector 81,0.45,7525.0,2,2,2,6.0,Relatively New,V69392696,664.0,0,0,1,0,0,2,39,"28.3867° N, 76.9485° E",28.3867,76.9485
1640,house,independent,sector 13,0.9,11464.0,2,4,3,3.0,Moderately Old,O68628698,785.0,1,1,0,1,1,0,0,"28.4757° N, 77.0392° E",28.4757,77.0392
1641,flat,signature andour heights,sector 71,0.39,9846.0,1,1,2,1.0,New Property,R62787862,294.0,0,0,0,0,0,0,0,"28.4104° N, 77.0281° E",28.4104,77.0281
1642,flat,proxima tower,sector 37c,0.6,4602.0,2,2,3,5.0,Under Construction,Q32382779,1180.0,1,1,0,0,0,0,55,"28.4515° N, 76.9882° E",28.4515,76.9882
1643,flat,tata primanti,sector 72,4.1,14100.0,4,5,3+,39.0,New Property,W68196252,2629.0,0,0,0,1,1,0,103,"28.4225° N, 77.0211° E",28.4225,77.0211
1644,flat,emaar gurgaon greens,sector 102,1.4,8484.0,3,3,3,4.0,Relatively New,F69124312,1493.0,0,0,0,1,0,2,83,"28.4750° N, 76.9715° E",28.475,76.9715
1645,flat,signature andour heights,sector 71,0.37,8222.0,1,1,2,2.0,Relatively New,Q59172916,450.0,0,0,0,0,0,0,65,"28.4104° N, 77.0281° E",28.4104,77.0281
1646,flat,dlf regal gardens,sector 90,2.05,9000.0,4,4,3+,5.0,Relatively New,K70171052,2005.0,0,0,0,0,0,2,49,"28.4085° N, 76.9369° E",28.4085,76.9369
1647,flat,tulip violet,sector 69,1.37,8675.0,3,3,1,12.0,Relatively New,F69354676,1568.0,0,1,0,0,0,0,95,"28.3966° N, 77.0341° E",28.3966,77.0341
1648,flat,m3m sierra 68,sector 68,1.13,9076.0,2,2,3,9.0,Relatively New,X69526324,1130.0,0,0,0,0,0,2,149,"28.3853° N, 77.0484° E",28.3853,77.0484
1649,flat,vatika city homes,sector 83,1.05,8571.0,3,3,3,8.0,Moderately Old,D60670642,1468.0,0,1,0,0,0,2,103,"28.3986° N, 76.9647° E",28.3986,76.9647
1650,house,unitech nirvana birch court,sector 50,6.8,31481.0,4,4,3+,2.0,Old Property,U68504362,2160.0,1,1,0,1,0,0,105,"28.4178° N, 77.0628° E",28.4178,77.0628
1651,flat,parsvnath green ville,sector 48,1.42,8606.0,3,3,3,1.0,Moderately Old,K69418718,1493.0,0,0,1,0,0,1,174,"28.4177° N, 77.0359° E",28.4177,77.0359
1652,house,central park flower valley cerise floors,sector 33,1.35,11157.0,2,2,2,4.0,New Property,I70191298,1210.0,1,0,0,0,0,1,107,"28.4420° N, 77.0207° E",28.442,77.0207
1653,flat,shree vardhman victoria,sector 70,1.8,9230.0,3,5,3,0.0,New Property,V69957538,2167.0,0,0,0,0,0,0,72,"28.3968° N, 77.0233° E",28.3968,77.0233
1654,flat,supertech hues,sector 68,0.8,6779.0,2,2,3+,14.0,New Property,V69809542,1180.0,0,0,0,0,0,2,26,"28.3853° N, 77.0484° E",28.3853,77.0484
1655,flat,dhoot time residency,sector 63,2.2,12813.0,3,4,3+,8.0,Moderately Old,K68428438,1554.0,1,0,0,0,0,2,61,"28.3971° N, 77.0867° E",28.3971,77.0867
1656,house,independent,sector 12,1.7,8000.0,5,5,3,3.0,Moderately Old,Z62601748,2000.0,0,1,0,0,1,0,9,"28.4723° N, 77.0320° E",28.4723,77.032
1657,flat,ild grand centra,sector 37c,0.95,5220.0,3,1,0,0.0,Relatively New,O67903798,1820.0,0,0,0,0,0,0,0,"28.4515° N, 76.9882° E",28.4515,76.9882
1658,house,rwa sector 46,sector 46,3.5,21605.0,4,4,2,2.0,Relatively New,A70159984,1620.0,0,1,0,0,0,2,30,"28.4374° N, 77.0586° E",28.4374,77.0586
1659,house,unitech espace,sector 50,9.8,30247.0,4,4,3,2.0,Moderately Old,O70388968,3240.0,0,0,0,1,0,0,22,"28.4178° N, 77.0628° E",28.4178,77.0628
1660,flat,godrej icon,sector 88a,1.65,9041.0,3,3,3,12.0,New Property,O69918112,1652.0,0,0,0,0,0,0,60,"28.4347° N, 76.9557° E",28.4347,76.9557
1661,flat,vipul world,sector 48,1.38,9482.0,3,3,1,2.0,Relatively New,V70187274,1611.0,0,0,0,0,0,0,60,"28.4177° N, 77.0359° E",28.4177,77.0359
1662,flat,emaar mgf emerald floors premier,sector 65,2.75,13924.0,4,4,3,3.0,Relatively New,Z69389830,1975.0,1,0,0,1,0,2,113,"28.4030° N, 77.0690° E",28.403,77.069
1663,flat,ansal heights 86,sector 86,1.25,7396.0,3,2,1,2.0,New Property,C70111660,1529.0,0,0,0,0,0,0,100,"28.3986° N, 76.9384° E",28.3986,76.9384
1664,flat,paras dews,sector 106,1.13,6406.0,3,4,3+,18.0,Relatively New,B69431824,1186.0,1,0,0,1,0,0,49,"28.5007° N, 77.0003° E",28.5007,77.0003
1665,flat,smart world gems,sector 89,1.0,9033.0,2,2,2,1.0,Under Construction,P69385200,1230.0,1,0,0,0,0,0,38,"28.4253° N, 76.9439° E",28.4253,76.9439
1666,flat,m3m capital,sector 113,1.83,13969.0,2,2,0,7.0,New Property,H68063758,1310.0,0,0,0,0,0,0,68,"28.5287° N, 77.0233° E",28.5287,77.0233
1667,flat,orris aster court,sector 85,0.9,5671.0,3,3,3,8.0,Relatively New,L60446362,1436.0,0,0,0,0,0,0,49,"28.4042° N, 76.9513° E",28.4042,76.9513
1668,flat,essel towers,sector 14,2.2,12500.0,3,4,3+,3.0,Old Property,S68924950,1956.0,0,0,0,0,0,0,0,"28.4711° N, 77.0454° E",28.4711,77.0454
1669,house,independent,sector 7,0.66,12000.0,3,1,1,3.0,Relatively New,E70138136,550.0,0,0,0,0,1,0,22,"28.4644° N, 77.0143° E",28.4644,77.0143
1670,flat,ild grand,sector 37c,1.2,6593.0,3,3,3,7.0,Under Construction,C69503758,1647.0,0,0,0,0,0,0,24,"28.4515° N, 76.9882° E",28.4515,76.9882
1671,flat,dlf new town heights,sector 90,1.9,6967.0,4,4,3+,19.0,Relatively New,R70023498,2512.0,0,0,1,1,0,2,174,"28.4085° N, 76.9369° E",28.4085,76.9369
1672,flat,signature global solera,sector 107,0.37,6751.0,2,2,1,10.0,Relatively New,U57619116,496.0,0,0,0,0,0,0,73,"28.5052° N, 76.9729° E",28.5052,76.9729
1673,house,ss aaron ville,sector 49,6.75,15000.0,5,4,2,2.0,New Property,J68210970,4500.0,0,0,0,0,1,0,49,"28.4121° N, 77.0480° E",28.4121,77.048
1674,flat,pareena coban residences,sector 99a,1.16,5808.0,3,3,3,3.0,Relatively New,U68919558,1790.0,0,0,0,1,1,0,49,"28.4561° N, 76.9542° E",28.4561,76.9542
1675,flat,chd avenue,sector 71,1.1,6790.0,3,3,3,11.0,Relatively New,L44903927,1466.0,0,0,0,0,1,0,72,"28.4104° N, 77.0281° E",28.4104,77.0281
1676,flat,smart world gems,sector 89,0.9,8159.0,2,2,2,2.0,New Property,P67923336,998.0,1,0,0,0,1,0,44,"28.4253° N, 76.9439° E",28.4253,76.9439
1677,flat,ats triumph,sector 104,1.75,7641.0,3,4,3+,11.0,Relatively New,T69574214,2072.0,0,0,0,1,0,0,110,"28.4788° N, 76.9960° E",28.4788,76.996
1678,flat,m3m soulitude,sector 89,1.14,8000.0,3,3,2,2.0,Under Construction,X66948958,1581.0,1,0,0,0,0,0,77,"28.4253° N, 76.9439° E",28.4253,76.9439
1679,house,independent,sector 43,5.3,27390.0,3,9,3+,3.0,Moderately Old,A69556196,1935.0,0,0,0,1,0,2,71,"28.4629° N, 77.0772° E",28.4629,77.0772
1680,flat,dlf regency park,sector 28,2.25,14516.0,3,3,2,16.0,Old Property,W66458368,1700.0,0,0,0,1,0,0,89,"28.4728° N, 77.0865° E",28.4728,77.0865
1681,house,independent,sector 56,3.25,21495.0,5,6,3+,4.0,Relatively New,G69897394,1512.0,0,1,0,0,1,2,27,"28.4245° N, 77.0991° E",28.4245,77.0991
1682,flat,godrej nature plus,sector 33,1.55,9955.0,3,2,3+,8.0,New Property,V68581360,1730.0,0,0,0,0,0,0,43,"28.4420° N, 77.0207° E",28.442,77.0207
1683,flat,vatika xpressions,sector 88b,0.92,6815.0,2,2,3,3.0,New Property,V67904060,1350.0,0,0,0,0,0,0,26,"28.4446° N, 76.9542° E",28.4446,76.9542
1684,house,independent,sector 25,13.5,19286.0,9,9,0,1.0,Relatively New,L69111278,7000.0,0,0,0,0,0,0,0,"28.4844° N, 77.0860° E",28.4844,77.086
1685,flat,"new colony, gurgaon",sector 7,0.8,8100.0,3,2,1,4.0,Relatively New,F69807298,1100.0,0,0,0,0,0,2,69,"28.4644° N, 77.0143° E",28.4644,77.0143
1686,flat,godrej,sector 79,1.12,7146.0,2,2,3,6.0,Relatively New,M69922706,1325.0,1,0,0,0,0,0,49,"28.3624° N, 76.9787° E",28.3624,76.9787
1687,flat,tulip violet,sector 69,1.75,8882.0,4,4,1,12.0,Relatively New,O69376716,1783.0,0,0,0,0,0,0,86,"28.3966° N, 77.0341° E",28.3966,77.0341
1688,flat,puri emerald bay,sector 104,2.23,9911.0,3,4,3+,10.0,Relatively New,O69187884,2359.0,0,0,0,1,0,2,159,"28.4788° N, 76.9960° E",28.4788,76.996
1689,flat,dlf garden city floors,sector 92,1.7,8588.0,3,4,2,1.0,Under Construction,U69167798,1475.0,0,0,0,0,0,0,63,"28.4079° N, 76.9153° E",28.4079,76.9153
1690,flat,mapsko mount ville,sector 79,1.3,8024.0,3,3,3+,1.0,Relatively New,C69305780,1213.0,0,0,0,0,0,2,140,"28.3624° N, 76.9787° E",28.3624,76.9787
1691,house,independent,sector 105,0.74,7400.0,3,3,0,2.0,Moderately Old,C67903878,1000.0,0,0,0,0,0,0,0,"28.4952° N, 77.0114° E",28.4952,77.0114
1692,flat,emaar mgf emerald floors premier,sector 65,3.0,15189.0,4,4,3+,2.0,Relatively New,X69449836,1975.0,0,0,0,1,0,0,87,"28.4030° N, 77.0690° E",28.403,77.069
1693,flat,indiabulls enigma,sector 110,3.45,10147.0,4,4,3,9.0,Moderately Old,R68299870,3077.0,0,0,0,1,0,2,125,"28.5145° N, 77.0197° E",28.5145,77.0197
1694,flat,dlf the ultima,sector 81,2.3,10994.0,3,4,3+,6.0,New Property,J69272686,1893.0,0,0,0,1,0,1,167,"28.3867° N, 76.9485° E",28.3867,76.9485
1695,flat,dlf the skycourt,sector 86,1.5,9740.0,3,3,3+,18.0,Relatively New,Z69657480,1780.0,1,0,0,0,0,0,174,"28.3986° N, 76.9384° E",28.3986,76.9384
1696,flat,emaar mgf the palm drive,sector 66,3.5,15909.0,3,3,3,7.0,Moderately Old,D69567612,2125.0,0,0,1,1,0,2,149,"28.3925° N, 77.0541° E",28.3925,77.0541
1697,house,ansal api esencia,sector 67,5.46,24170.0,4,5,3+,2.0,Relatively New,J69714706,2259.0,1,1,1,0,0,2,103,"28.3859° N, 77.0608° E",28.3859,77.0608
1698,flat,dlf trinity towers,sector 43,3.8,15510.0,3,3,3+,1.0,Moderately Old,T69408490,2450.0,0,1,0,1,0,2,68,"28.4629° N, 77.0772° E",28.4629,77.0772
1699,flat,maruti kunj,sector 11,0.8,5161.0,3,2,0,0.0,Old Property,A43202179,1403.0,0,0,0,0,0,0,8,"28.4531° N, 77.0202° E",28.4531,77.0202
1700,flat,earth copia,sector 112,0.7,4673.0,2,2,2,4.0,Relatively New,F27383885,1498.0,0,0,0,0,0,0,65,"28.5189° N, 77.0183° E",28.5189,77.0183
1701,flat,ss the leaf,sector 85,2.15,10924.0,4,5,3+,6.0,Relatively New,X69998392,2366.0,0,0,0,1,0,0,156,"28.4042° N, 76.9513° E",28.4042,76.9513
1702,flat,greenopolis,sector 89,0.8,6168.0,2,2,2,6.0,Under Construction,L65741604,1441.0,0,0,0,0,0,0,44,"28.4253° N, 76.9439° E",28.4253,76.9439
1703,flat,sare homes,sector 92,0.95,4871.0,4,3,3,13.0,New Property,Q55329782,1765.0,0,0,0,0,0,0,0,"28.4079° N, 76.9153° E",28.4079,76.9153
1704,house,independent,sector 4,1.1,11111.0,3,4,1,2.0,Moderately Old,Z69515126,990.0,0,0,0,0,0,0,0,"28.4738° N, 77.0107° E",28.4738,77.0107
1705,flat,bestech park view residency,sector 2,0.95,6709.0,2,2,3,10.0,Old Property,F69767120,1573.0,0,0,0,0,0,2,88,"28.5095° N, 77.0320° E",28.5095,77.032
1706,house,independent,sector 50,13.2,27155.0,6,6,0,2.0,Moderately Old,H69535654,4861.0,0,0,0,0,0,0,0,"28.4178° N, 77.0628° E",28.4178,77.0628
1707,flat,bptp terra,sector 37d,1.55,7074.0,4,3,3+,19.0,Relatively New,Y69144770,2100.0,0,0,0,0,1,2,131,"28.4478° N, 76.9703° E",28.4478,76.9703
1708,house,independent,sector 14,3.5,18088.0,6,4,2,2.0,Old Property,Z70090890,1935.0,0,0,0,0,1,2,27,"28.4711° N, 77.0454° E",28.4711,77.0454
1709,flat,la vida by tata housing,sector 113,3.05,11338.0,3,4,3,15.0,New Property,Q68408792,2600.0,0,0,0,1,0,0,174,"28.5287° N, 77.0233° E",28.5287,77.0233
1710,house,international city by sobha phase 1,sector 109,6.15,27333.0,5,5,3+,3.0,Relatively New,C65639966,2250.0,0,1,1,1,0,2,130,"28.5073° N, 77.0089° E",28.5073,77.0089
1711,house,ansals palam vihar,sector 2,4.0,16666.0,4,4,3+,2.0,Moderately Old,B66375136,2400.0,0,0,0,1,0,0,0,"28.5095° N, 77.0320° E",28.5095,77.032
1712,flat,puri emerald bay,sector 104,1.8,8823.0,2,3,3,23.0,New Property,C62379110,1538.0,0,0,0,1,0,0,36,"28.4788° N, 76.9960° E",28.4788,76.996
1713,flat,emaar palm gardens,sector 83,1.8,9473.0,3,4,3,4.0,Relatively New,Y69577746,1551.0,1,1,1,1,0,2,174,"28.3986° N, 76.9647° E",28.3986,76.9647
1714,flat,dlf regency park,sector 28,2.26,13696.0,3,3,2,19.0,Old Property,V66669594,1700.0,0,0,0,1,0,0,158,"28.4728° N, 77.0865° E",28.4728,77.0865
1715,flat,ss the leaf,sector 85,2.1,7467.0,4,4,3,7.0,Relatively New,F70087658,2600.0,1,1,0,1,0,0,49,"28.4042° N, 76.9513° E",28.4042,76.9513
1716,flat,vatika the seven lamps,sector 82,1.28,6819.0,3,3,3,3.0,Relatively New,D69545164,1800.0,1,0,0,0,0,2,165,"28.3935° N, 76.9600° E",28.3935,76.96
1717,house,independent,sector 7,2.0,13889.0,2,2,2,2.0,Old Property,P66687786,1440.0,0,0,0,0,0,0,22,"28.4644° N, 77.0143° E",28.4644,77.0143
1718,flat,smart world gems,sector 89,1.1,9972.0,2,2,2,3.0,New Property,H69613078,1226.0,0,0,1,0,0,0,77,"28.4253° N, 76.9439° E",28.4253,76.9439
1719,flat,ss the leaf,sector 85,1.3,7779.0,2,2,3+,16.0,Relatively New,X69963728,1406.0,0,0,1,0,0,0,148,"28.4042° N, 76.9513° E",28.4042,76.9513
1720,flat,paras dews,sector 106,1.42,6029.0,4,6,3+,11.0,Relatively New,X69553558,2131.0,0,0,0,1,0,0,143,"28.5007° N, 77.0003° E",28.5007,77.0003
1721,flat,sanskriti apartment,sector 10a,1.1,6666.0,3,3,3,2.0,Moderately Old,K67148990,1833.0,0,0,0,0,0,0,22,"28.4469° N, 77.0106° E",28.4469,77.0106
1722,house,house number b-34,sector 5,0.8,8888.0,2,2,1,1.0,Old Property,F67247670,900.0,0,0,0,0,0,0,0,"28.4794° N, 77.0176° E",28.4794,77.0176
1723,house,puri diplomatic greens,sector 111,9.0,11250.0,5,5,3+,3.0,Relatively New,F63418044,8000.0,0,0,0,1,0,0,112,"28.5238° N, 77.0320° E",28.5238,77.032
1724,flat,pyramid urban,sector 67a,0.7,11844.0,2,2,1,14.0,New Property,K57042012,657.0,0,0,0,0,0,0,44,"28.3960° N, 77.0372° E",28.396,77.0372
1725,flat,godrej nature plus,sector 33,1.3,8349.0,3,2,3+,18.0,New Property,A69989180,1409.0,0,0,0,0,0,0,38,"28.4420° N, 77.0207° E",28.442,77.0207
1726,flat,ats triumph,sector 104,1.83,7991.0,3,4,3+,10.0,Relatively New,A66305504,2000.0,0,0,0,1,0,0,165,"28.4788° N, 76.9960° E",28.4788,76.996
1727,flat,ramprastha the edge towers,sector 37d,0.98,5536.0,3,3,3+,5.0,Relatively New,E61449810,1675.0,0,1,0,0,0,0,174,"28.4478° N, 76.9703° E",28.4478,76.9703
1728,house,independent,sector 43,9.5,42222.0,5,5,3+,2.0,Relatively New,B70289660,2250.0,0,1,0,1,0,2,88,"28.4629° N, 77.0772° E",28.4629,77.0772
1729,flat,the lions cghs,sector 56,1.99,11055.0,4,4,3+,4.0,Old Property,T68585622,2000.0,0,1,0,0,1,2,105,"28.4245° N, 77.0991° E",28.4245,77.0991
1730,flat,bptp terra,sector 37d,1.65,8790.0,3,3,2,15.0,Relatively New,G69274416,1699.0,0,0,0,0,0,0,116,"28.4478° N, 76.9703° E",28.4478,76.9703
1731,flat,dlf new town heights,sector 90,1.75,5720.0,4,4,3+,17.0,Relatively New,H42579745,2468.0,0,1,0,1,0,0,88,"28.4085° N, 76.9369° E",28.4085,76.9369
1732,house,raj villas,sector 52,8.0,25543.0,6,5,3+,4.0,Moderately Old,A68021376,3132.0,0,0,0,0,0,0,0,"28.4379° N, 77.0785° E",28.4379,77.0785
1733,flat,adani m2k oyster grande,sector 102,2.35,8468.0,3,3,3,14.0,Relatively New,K68646072,2351.0,1,0,0,1,0,2,165,"28.4750° N, 76.9715° E",28.475,76.9715
1734,flat,experion the heartsong,sector 108,1.02,7950.0,2,3,3,4.0,Relatively New,L69065854,1283.0,1,0,0,0,0,0,112,"28.5134° N, 76.9830° E",28.5134,76.983
1735,flat,dlf the ultima,sector 81,2.5,11726.0,3,3,2,4.0,Relatively New,S69236546,2130.0,0,0,0,1,0,1,82,"28.3867° N, 76.9485° E",28.3867,76.9485
1736,house,independent,sector 13,1.5,10518.0,2,2,2,3.0,Old Property,O69220384,1426.0,1,1,0,0,0,0,7,"28.4757° N, 77.0392° E",28.4757,77.0392
1737,flat,chd avenue,sector 71,1.4,7945.0,3,3,2,1.0,Moderately Old,V69704890,1958.0,0,1,0,0,0,2,125,"28.4104° N, 77.0281° E",28.4104,77.0281
1738,house,eros rosewood city,sector 49,4.05,20769.0,3,3,3,2.0,Moderately Old,V68912558,2000.0,0,0,1,1,0,0,46,"28.4121° N, 77.0480° E",28.4121,77.048
1739,flat,satya the hermitage,sector 103,0.93,6404.0,2,3,3,3.0,Relatively New,G61210394,1613.0,0,0,0,1,0,2,90,"28.4949° N, 76.9845° E",28.4949,76.9845
1740,house,dlf city plots phase 2,sector 25,10.5,29022.0,4,4,2,2.0,Old Property,O69990870,3618.0,0,1,0,1,0,2,91,"28.4844° N, 77.0860° E",28.4844,77.086
1741,flat,central park flower valley aqua front towers,sector 33,2.96,13870.0,4,4,3,1.0,New Property,V69898786,2371.0,0,0,0,1,0,2,24,"28.4420° N, 77.0207° E",28.442,77.0207
1742,flat,m3m skywalk,sector 74,1.48,12333.0,2,2,3,13.0,Relatively New,J69816764,1300.0,0,0,1,0,0,0,158,"28.4158° N, 77.0118° E",28.4158,77.0118
1743,flat,hsiidc sidco aravali,manesar,0.9,3648.0,4,4,3,7.0,Moderately Old,W68190696,2233.0,0,0,0,0,0,0,0,"28.3515° N, 76.9428° E",28.3515,76.9428
1744,flat,sidhartha ncr one phase,sector 95,0.56,4105.0,2,2,2,10.0,Relatively New,L58014294,1234.0,0,0,0,0,0,2,60,"28.4172° N, 76.9081° E",28.4172,76.9081
1745,flat,tata primanti,sector 72,3.9,13425.0,4,4,3+,39.0,Relatively New,E69736070,2509.0,0,0,0,1,1,0,49,"28.4225° N, 77.0211° E",28.4225,77.0211
1746,house,eldeco mansionz,sector 48,6.4,23704.0,4,4,3,3.0,Moderately Old,M69124884,2700.0,0,0,1,1,0,2,151,"28.4177° N, 77.0359° E",28.4177,77.0359
1747,house,emaar mgf marbella,sector 66,15.1,18605.0,5,5,3+,3.0,New Property,S69959820,8115.9806,1,1,1,1,0,0,120,"28.3925° N, 77.0541° E",28.3925,77.0541
1748,house,independent,sector 12,3.71,19818.0,3,3,1,4.0,Moderately Old,I61114114,1872.0,0,1,0,0,0,0,0,"28.4723° N, 77.0320° E",28.4723,77.032
1749,flat,m3m soulitude,sector 89,1.42,9978.0,3,3,2,3.0,New Property,F69673370,1581.0,0,0,0,0,0,0,15,"28.4253° N, 76.9439° E",28.4253,76.9439
1750,flat,maa bhagwati residency,sector 7,0.45,5000.0,2,2,1,4.0,Relatively New,C68850746,1000.0,0,0,0,0,0,0,28,"28.4644° N, 77.0143° E",28.4644,77.0143
1751,flat,sare homes,sector 92,0.56,4729.0,3,1,3,1.0,Moderately Old,L70036110,1316.0,0,0,0,0,0,2,75,"28.4079° N, 76.9153° E",28.4079,76.9153
1752,flat,piedmont taksila heights,sector 37c,0.9,5855.0,3,3,3,9.0,Moderately Old,M69655182,1537.0,0,0,0,0,0,2,94,"28.4515° N, 76.9882° E",28.4515,76.9882
1753,flat,greenopolis,sector 89,0.65,5195.0,2,2,2,15.0,Under Construction,F69279446,1390.0,0,0,0,0,0,0,37,"28.4253° N, 76.9439° E",28.4253,76.9439
1754,flat,shree vardhman victoria,sector 70,1.25,9259.0,2,2,3,3.0,Relatively New,T69936934,1222.0,1,0,0,0,0,0,43,"28.3968° N, 77.0233° E",28.3968,77.0233
1755,flat,ansal heights 86,sector 86,0.64,4706.0,2,2,1,3.0,New Property,P69816218,1360.0,0,0,0,0,0,0,73,"28.3986° N, 76.9384° E",28.3986,76.9384
1756,flat,godrej oasis,sector 88a,1.29,7800.0,3,3,3,5.0,New Property,L65391812,1642.0,1,0,0,0,1,0,65,"28.4347° N, 76.9557° E",28.4347,76.9557
1757,house,eldeco mansionz,sector 48,6.0,22222.0,4,4,3+,2.0,Moderately Old,D64135238,2700.0,0,0,0,1,0,0,69,"28.4177° N, 77.0359° E",28.4177,77.0359
1758,house,independent,sector 12,1.35,12222.0,2,5,1,3.0,Old Property,J27842225,2052.0,0,0,0,0,0,0,31,"28.4723° N, 77.0320° E",28.4723,77.032
1759,flat,huda ashok vihar phase,sector 4,0.43,6615.0,2,2,1,2.0,Relatively New,H63910126,722.0,0,0,0,0,0,0,7,"28.4738° N, 77.0107° E",28.4738,77.0107
1760,flat,unitech fresco,sector 50,1.14,8532.0,2,2,2,19.0,Moderately Old,S70104758,1330.0,0,0,0,0,1,2,174,"28.4178° N, 77.0628° E",28.4178,77.0628
1761,house,the laburnum,sector 43,11.0,27160.0,5,6,3+,3.0,New Property,E66222008,4050.0,0,1,0,1,0,2,160,"28.4629° N, 77.0772° E",28.4629,77.0772
1762,flat,bptp terra,sector 37d,1.78,8124.0,4,3,3,10.0,Relatively New,X67372260,1983.0,0,0,0,1,0,0,127,"28.4478° N, 76.9703° E",28.4478,76.9703
1763,flat,vatika gurgaon,sector 83,0.87,6987.0,2,2,2,3.0,Moderately Old,I66285752,1127.0,0,0,0,0,0,0,35,"28.3986° N, 76.9647° E",28.3986,76.9647
1764,flat,tulip lemon,sector 69,0.6,11407.0,2,1,1,11.0,Relatively New,U70031524,584.0,0,0,0,0,0,0,0,"28.3966° N, 77.0341° E",28.3966,77.0341
1765,flat,m3m merlin,sector 67,2.65,12945.0,3,3,3,0.0,Relatively New,H67972704,2047.0,0,0,0,0,1,2,174,"28.3859° N, 77.0608° E",28.3859,77.0608
1766,house,independent,sector 26,8.1,35294.0,5,5,2,4.0,Old Property,R28894103,2295.0,0,0,0,0,0,0,42,"28.4757° N, 77.1032° E",28.4757,77.1032
1767,flat,tulip lemon,sector 69,0.62,12863.0,2,2,1,4.0,Relatively New,L69568872,536.0,0,0,0,0,0,2,108,"28.3966° N, 77.0341° E",28.3966,77.0341
1768,flat,shapoorji pallonji joyville gurugram,sector 102,1.95,17285.0,3,3,3,12.0,New Property,T69361884,1465.0,0,0,1,0,0,0,72,"28.4750° N, 76.9715° E",28.475,76.9715
1769,house,independent,sector 7,2.43,14890.0,4,4,2,3.0,Old Property,A67774052,345.0,1,1,1,0,0,0,38,"28.4644° N, 77.0143° E",28.4644,77.0143
1770,flat,dlf the skycourt,sector 86,1.55,8031.0,3,3,3,5.0,Relatively New,P69710804,1900.0,0,0,0,0,0,0,49,"28.3986° N, 76.9384° E",28.3986,76.9384
1771,flat,experion the heartsong,sector 108,1.68,8387.0,3,3,3+,4.0,Relatively New,Q69667402,1338.29,1,0,0,1,0,2,86,"28.5134° N, 76.9830° E",28.5134,76.983
1772,flat,ats tourmaline,sector 109,1.72,8000.0,3,4,3+,7.0,Relatively New,P68391708,1797.0,0,0,0,1,0,0,167,"28.5073° N, 77.0089° E",28.5073,77.0089
1773,flat,experion the heartsong,sector 108,0.98,13343.0,2,3,3,12.0,Relatively New,X70002402,978.223232,1,1,1,1,0,0,31,"28.5134° N, 76.9830° E",28.5134,76.983
1774,flat,shapoorji pallonji joyville gurugram,sector 102,0.95,10383.0,2,2,2,14.0,Relatively New,F69078840,915.0,0,0,0,0,0,0,0,"28.4750° N, 76.9715° E",28.475,76.9715
1775,flat,ramsons kshitij,sector 95,0.35,5495.0,2,2,0,5.0,New Property,Z65720898,637.0,0,0,0,0,0,0,0,"28.4172° N, 76.9081° E",28.4172,76.9081
1776,flat,ss the leaf,sector 85,1.3,7926.0,2,2,2,17.0,New Property,I49614764,1484.0,0,0,0,0,0,0,90,"28.4042° N, 76.9513° E",28.4042,76.9513
1777,flat,shapoorji pallonji joyville gurugram,sector 102,1.24,10205.0,2,2,2,10.0,Relatively New,M69976672,1100.0,0,0,0,0,0,0,141,"28.4750° N, 76.9715° E",28.475,76.9715
1778,house,independent,sector 11,0.95,7308.0,5,3,0,1.0,Moderately Old,P69982938,1300.0,0,0,0,0,0,0,0,"28.4531° N, 77.0202° E",28.4531,77.0202
1779,flat,radhakrishna society,sector 23,0.55,5000.0,2,2,1,1.0,Moderately Old,B70015514,995.0,0,0,0,0,0,2,29,"28.5121° N, 77.0478° E",28.5121,77.0478
1780,flat,dlf royalton tower,sector 43,6.5,20687.0,4,4,3+,9.0,Moderately Old,I69118750,2712.0,0,0,0,1,0,0,7,"28.4629° N, 77.0772° E",28.4629,77.0772
1781,house,independent,sector 4,3.2,14222.0,3,3,2,2.0,Old Property,N69450068,2250.0,0,0,0,0,0,0,13,"28.4738° N, 77.0107° E",28.4738,77.0107
1782,house,independent,sector 46,3.55,24500.0,5,4,3+,3.0,Moderately Old,B69469612,1449.0,0,0,0,1,0,2,73,"28.4374° N, 77.0586° E",28.4374,77.0586
1783,flat,pareena mi casa,sector 68,1.9,9227.0,3,3,3+,1.0,Under Construction,Z64110184,2288.0,0,0,0,1,0,0,49,"28.3853° N, 77.0484° E",28.3853,77.0484
1784,house,ss hibiscus,sector 50,12.5,40850.0,4,4,3+,2.0,Relatively New,N69343182,3060.0,1,0,0,1,0,1,160,"28.4178° N, 77.0628° E",28.4178,77.0628
1785,flat,emaar gurgaon greens,sector 102,1.39,8424.0,3,3,3,7.0,Relatively New,U69412300,1493.0,0,0,0,1,0,2,21,"28.4750° N, 76.9715° E",28.475,76.9715
1786,flat,dlf express greens,manesar,1.2,6505.0,3,4,2,5.0,Relatively New,T50764478,1670.0,0,0,0,1,1,0,43,"28.3515° N, 76.9428° E",28.3515,76.9428
1787,flat,shree arihant apartment,sector 54,1.55,7380.0,3,3,3+,3.0,Moderately Old,E68958236,2000.0,0,1,0,0,1,2,125,"28.4348° N, 77.1089° E",28.4348,77.1089
1788,flat,city heights,sector 39,1.75,8750.0,3,4,3,3.0,Old Property,V70008766,2222.0,0,0,0,1,0,1,42,"28.4434° N, 77.0515° E",28.4434,77.0515
1789,flat,la vida by tata housing,sector 113,2.45,11050.0,3,3,3+,3.0,Relatively New,Y69732156,1890.0,1,0,0,0,0,0,174,"28.5287° N, 77.0233° E",28.5287,77.0233
1790,flat,la vida by tata housing,sector 113,3.0,14285.0,3,3,3+,3.0,Relatively New,Y69731932,2460.0,0,0,0,1,0,0,167,"28.5287° N, 77.0233° E",28.5287,77.0233
1791,flat,m3m skywalk,sector 74,1.6,11379.0,2,2,2,28.0,New Property,E69703134,1272.0,0,0,0,0,0,0,15,"28.4158° N, 77.0118° E",28.4158,77.0118
1792,flat,ss the leaf,sector 85,1.04,8320.0,2,2,3,17.0,New Property,P69230418,1550.0,0,0,0,0,1,0,145,"28.4042° N, 76.9513° E",28.4042,76.9513
1793,house,eldeco mansionz,sector 48,4.75,20299.0,7,7,3,2.0,Moderately Old,B70111024,2340.0,1,0,0,0,0,2,33,"28.4177° N, 77.0359° E",28.4177,77.0359
1794,house,independent,sector 2,3.0,19268.0,6,4,3+,3.0,Old Property,Z70117010,1557.0,0,0,0,0,0,2,28,"28.5095° N, 77.0320° E",28.5095,77.032
1795,flat,umang winter hills,sector 77,0.75,5588.0,2,2,2,7.0,Relatively New,S69303118,1180.0,0,0,0,0,0,2,174,"28.3801° N, 76.9845° E",28.3801,76.9845
1796,flat,uphaar homes,sector 105,0.45,4736.0,3,2,1,1.0,Relatively New,H66601404,1056.0,0,0,0,0,0,2,44,"28.4952° N, 77.0114° E",28.4952,77.0114
1797,flat,vatika the seven lamps,sector 82,0.94,6567.0,2,2,2,12.0,Relatively New,J69790804,1299.0,1,0,0,0,0,2,103,"28.3935° N, 76.9600° E",28.3935,76.96
1798,flat,lotus homz,sector 111,0.6,8450.0,2,2,3,9.0,New Property,U68353772,789.0,0,0,0,0,0,0,52,"28.5238° N, 77.0320° E",28.5238,77.032
1799,flat,bestech park view spa next,sector 67,3.32,12599.0,4,5,3+,12.0,Moderately Old,K70049680,2385.0,0,0,0,1,0,2,174,"28.3859° N, 77.0608° E",28.3859,77.0608
1800,flat,dlf regal gardens,sector 90,1.15,6325.0,3,3,3+,18.0,Relatively New,K65532766,1645.0,0,1,0,0,0,2,130,"28.4085° N, 76.9369° E",28.4085,76.9369
1801,flat,vatika the seven lamps,sector 82,0.85,6538.0,2,2,2,0.0,Relatively New,H69845336,1176.0,0,0,0,0,0,2,49,"28.3935° N, 76.9600° E",28.3935,76.96
1802,house,eros rosewood villas,sector 49,2.5,13513.0,3,3,2,2.0,Moderately Old,Z68912250,1900.0,0,1,1,0,0,0,59,"28.4121° N, 77.0480° E",28.4121,77.048
1803,flat,breeze global heights,sector 33,0.4,6421.0,2,2,2,4.0,Under Construction,R69074616,623.0,0,0,0,0,0,0,0,"28.4420° N, 77.0207° E",28.442,77.0207
1804,flat,microtek greenburg,sector 86,1.93,8446.0,3,4,3,12.0,Relatively New,T68746200,2068.0,0,0,0,1,0,0,72,"28.3986° N, 76.9384° E",28.3986,76.9384
1805,house,independent,sector 12,1.2,14184.0,2,4,2,2.0,Relatively New,J67709074,846.0,0,1,0,0,0,2,7,"28.4723° N, 77.0320° E",28.4723,77.032
1806,flat,ireo uptown,sector 66,2.4,13064.0,3,2,3,5.0,Relatively New,B69847394,1700.0,0,0,0,1,0,2,156,"28.3925° N, 77.0541° E",28.3925,77.0541
1807,flat,cghs airport apartment,sector 47,1.8,6000.0,4,4,3+,4.0,Moderately Old,V69086280,2857.0,0,0,1,0,0,2,120,"28.4276° N, 77.0492° E",28.4276,77.0492
1808,flat,paras dews,sector 106,0.97,8818.0,2,2,3,6.0,New Property,W69625822,1200.0,0,1,0,0,0,2,174,"28.5007° N, 77.0003° E",28.5007,77.0003
1809,flat,ats tourmaline,sector 109,1.75,8139.0,3,4,3+,2.0,Relatively New,L50076370,1946.0,0,0,0,1,1,0,65,"28.5073° N, 77.0089° E",28.5073,77.0089
1810,flat,ild greens,sector 37c,1.0,4320.0,3,3,3+,5.0,Under Construction,V37903509,1697.0,0,0,0,0,0,0,51,"28.4515° N, 76.9882° E",28.4515,76.9882
1811,flat,central park flower valley,sector 33,1.79,11251.0,3,3,3,3.0,Old Property,T69658490,1619.0,0,0,0,0,0,0,71,"28.4420° N, 77.0207° E",28.442,77.0207
1812,flat,ramsons kshitij,sector 95,0.19,591.0,1,1,1,14.0,Relatively New,T70043008,3569.0,0,0,0,0,0,0,49,"28.4172° N, 76.9081° E",28.4172,76.9081
1813,flat,unitech vistas,sector 70,0.53,4800.0,2,2,2,9.0,Under Construction,F31622943,991.0,0,0,0,0,1,0,24,"28.3968° N, 77.0233° E",28.3968,77.0233
1814,flat,satya element one,sector 49,0.94,14009.0,1,2,2,2.0,Moderately Old,E67903898,746.0,0,0,0,0,0,0,0,"28.4121° N, 77.0480° E",28.4121,77.048
1815,flat,tulip violet,sector 69,1.36,8618.0,3,3,1,12.0,Relatively New,K69568256,1291.0,0,1,0,0,0,0,95,"28.3966° N, 77.0341° E",28.3966,77.0341
1816,flat,housing apna enclave,sector 4,0.39,4105.0,2,2,1,1.0,Relatively New,E68368414,950.0,0,0,0,0,0,0,0,"28.4738° N, 77.0107° E",28.4738,77.0107
1817,flat,emaar gurgaon greens,sector 102,1.3,7878.0,3,3,3,4.0,Relatively New,Q67478474,1315.0,0,0,0,1,0,2,125,"28.4750° N, 76.9715° E",28.475,76.9715
1818,flat,vatika independent floors,sector 82,1.16,6987.0,3,3,3+,1.0,Relatively New,Z66364664,1844.0,0,1,1,1,0,2,151,"28.3935° N, 76.9600° E",28.3935,76.96
1819,flat,experion the heartsong,sector 108,0.9,7014.0,2,3,3,7.0,Relatively New,V50058800,1161.0,0,0,0,1,1,0,72,"28.5134° N, 76.9830° E",28.5134,76.983
1820,flat,la vida by tata housing,sector 113,3.35,12444.0,4,4,3+,11.0,Relatively New,K69821840,2991.0,1,0,0,1,0,0,174,"28.5287° N, 77.0233° E",28.5287,77.0233
1821,flat,m3m crown,sector 111,4.67,17000.0,4,4,3+,8.0,Under Construction,I68979650,3056.0,0,0,0,0,0,0,73,"28.5238° N, 77.0320° E",28.5238,77.032
1822,flat,sare green parc 2,sector 92,0.61,4837.0,3,2,2,6.0,Under Construction,D59682774,1141.0,0,0,0,0,1,0,0,"28.4079° N, 76.9153° E",28.4079,76.9153
1823,flat,parsvnath exotica,sector 53,6.5,19174.0,4,5,3+,10.0,Relatively New,I69204972,3000.0,1,1,0,1,0,2,174,"28.4433° N, 77.0948° E",28.4433,77.0948
1824,flat,experion windchants,sector 112,4.75,12622.0,3,5,3+,4.0,Relatively New,B70095602,3405.0,0,0,0,1,0,2,42,"28.5189° N, 77.0183° E",28.5189,77.0183
1825,flat,the close north,sector 50,2.35,11358.0,3,3,3,8.0,Moderately Old,Y69725362,1900.0,0,0,0,0,0,2,49,"28.4178° N, 77.0628° E",28.4178,77.0628
1826,flat,pyramid urban homes 2,sector 86,0.43,8582.0,2,2,1,6.0,New Property,H69452704,557.0,0,0,0,0,1,0,72,"28.3986° N, 76.9384° E",28.3986,76.9384
1827,flat,bestech altura,sector 79,1.9,8837.0,3,4,3,11.0,Under Construction,T69644514,1946.0,0,0,0,0,0,0,96,"28.3624° N, 76.9787° E",28.3624,76.9787
1828,flat,mapsko casa bella,sector 82,1.75,6903.0,4,5,3+,1.0,Relatively New,J69772634,2535.0,0,0,0,0,0,0,54,"28.3935° N, 76.9600° E",28.3935,76.96
1829,flat,bestech altura,sector 79,2.69,12500.0,3,4,3+,3.0,New Property,M69582218,2152.0,0,0,0,1,0,0,49,"28.3624° N, 76.9787° E",28.3624,76.9787
1830,flat,dlf regal gardens,sector 90,1.79,8081.0,4,3,3+,10.0,Moderately Old,M62323566,2461.0,0,0,0,0,0,0,63,"28.4085° N, 76.9369° E",28.4085,76.9369
1831,flat,shapoorji pallonji joyville gurugram,sector 102,1.9,10259.0,3,3,3+,15.0,New Property,W69505050,1700.0,0,1,0,0,0,0,174,"28.4750° N, 76.9715° E",28.475,76.9715
1832,flat,shapoorji pallonji joyville gurugram,sector 102,1.2,14563.0,2,2,3,0.0,Relatively New,T69179276,1073.0,0,0,0,0,0,0,49,"28.4750° N, 76.9715° E",28.475,76.9715
1833,flat,emaar palm gardens,sector 83,1.4,8139.0,3,3,3,2.0,Relatively New,M69589232,1387.0,1,1,1,1,0,2,174,"28.3986° N, 76.9647° E",28.3986,76.9647
1834,flat,signature global synera,sector 81,0.4,6319.0,2,2,1,12.0,Relatively New,Q65738118,586.0,0,0,0,0,0,0,23,"28.3867° N, 76.9485° E",28.3867,76.9485
1835,house,independent,sector 4,0.67,9795.0,3,3,2,2.0,Relatively New,Y69410258,76.0,0,0,0,0,1,0,7,"28.4738° N, 77.0107° E",28.4738,77.0107
1836,flat,tulip violet,sector 69,1.68,8348.0,4,4,2,1.0,Relatively New,Q68361160,1819.0,0,1,0,0,0,0,102,"28.3966° N, 77.0341° E",28.3966,77.0341
1837,flat,dlf regency park,sector 28,1.6,14545.0,2,2,2,3.0,Relatively New,L68741592,1222.0,0,0,0,0,0,0,52,"28.4728° N, 77.0865° E",28.4728,77.0865
1838,flat,dlf regal gardens,sector 90,1.29,9020.0,3,3,3,7.0,Relatively New,F66607568,1540.0,1,0,0,0,0,0,174,"28.4085° N, 76.9369° E",28.4085,76.9369
1839,flat,ireo uptown,sector 66,1.85,12567.0,2,3,3,16.0,Relatively New,Y43156359,1470.0,0,0,0,1,1,2,79,"28.3925° N, 77.0541° E",28.3925,77.0541
1840,flat,sbr apartment,manesar,0.68,4456.0,3,3,3,2.0,Moderately Old,J69036924,1526.0,0,0,0,0,0,0,0,"28.3515° N, 76.9428° E",28.3515,76.9428
1841,flat,m3m heights,sector 65,2.5,13600.0,3,3,3,19.0,Under Construction,N68485940,1654.0,0,0,0,0,0,0,48,"28.4030° N, 77.0690° E",28.403,77.069
1842,flat,ireo the corridors,sector 67a,1.3,10031.0,2,2,2,1.0,New Property,K69999718,1296.0,0,0,0,0,0,0,55,"28.3960° N, 77.0372° E",28.396,77.0372
1843,flat,m3m woodshire,sector 107,0.75,5490.0,2,2,3+,14.0,Relatively New,Q69544690,1201.0,0,1,0,0,0,0,174,"28.5052° N, 76.9729° E",28.5052,76.9729
1844,flat,tulip violet,sector 69,1.55,9639.0,3,3,2,2.0,Relatively New,H69668344,1455.0,0,1,0,0,0,2,86,"28.3966° N, 77.0341° E",28.3966,77.0341
1845,flat,central park flower valley,sector 33,2.15,13522.0,3,3,3+,1.0,New Property,C67385044,1439.0,0,0,0,0,0,0,31,"28.4420° N, 77.0207° E",28.442,77.0207
1846,flat,dlf royalton tower,sector 43,6.5,22108.0,4,5,2,8.0,Relatively New,B68873746,2661.0,0,0,0,1,0,0,15,"28.4629° N, 77.0772° E",28.4629,77.0772
1847,flat,orchid petals,sector 49,2.55,12318.0,3,4,3,8.0,Relatively New,T69215426,2060.0,1,0,0,0,0,2,49,"28.4121° N, 77.0480° E",28.4121,77.048
1848,flat,ashiana anmol,sector 33,1.1,8627.0,2,2,2,4.0,Under Construction,G68904948,1275.0,0,0,0,0,0,0,0,"28.4420° N, 77.0207° E",28.442,77.0207
1849,flat,the lions cghs,sector 56,2.05,9534.0,4,4,3,7.0,Relatively New,J70153716,2000.0,0,0,0,1,1,2,49,"28.4245° N, 77.0991° E",28.4245,77.0991
1850,flat,krishna appartment,sector 12,0.35,3500.0,3,3,1,2.0,Old Property,S49820216,905.0,0,0,0,0,0,0,0,"28.4723° N, 77.0320° E",28.4723,77.032
1851,house,independent,sector 109,1.55,6567.0,3,2,0,1.0,Relatively New,Q69442064,2360.0,0,0,0,0,0,0,0,"28.5073° N, 77.0089° E",28.5073,77.0089
1852,flat,sare homes,sector 92,1.12,5358.0,4,4,2,12.0,Relatively New,S69810470,2322.0,0,0,0,1,0,0,85,"28.4079° N, 76.9153° E",28.4079,76.9153
1853,flat,dlf new town heights,sector 90,1.3,6735.0,3,3,3+,10.0,Relatively New,I69266172,1929.0,0,1,0,1,0,2,129,"28.4085° N, 76.9369° E",28.4085,76.9369
1854,flat,mapsko mount ville,sector 79,1.1,12732.0,3,3,3,22.0,Relatively New,I69664328,1154.0,1,1,0,0,0,0,135,"28.3624° N, 76.9787° E",28.3624,76.9787
1855,flat,godrej aria,sector 79,1.7,7426.0,3,4,3+,6.0,New Property,O69330672,1659.0,0,0,0,1,0,0,81,"28.3624° N, 76.9787° E",28.3624,76.9787
1856,house,dlf city plots,sector 26,13.5,29880.0,5,5,2,2.0,Moderately Old,Q68631104,4518.0,1,0,0,1,1,2,104,"28.4757° N, 77.1032° E",28.4757,77.1032
1857,flat,umang monsoon breeze,sector 78,0.95,5491.0,3,3,2,9.0,Relatively New,U61729278,1730.0,0,0,0,0,0,2,65,"28.3733° N, 76.9729° E",28.3733,76.9729
1858,flat,ambience creacions,sector 22,4.1,28101.0,3,3,3+,2.0,New Property,Q69082478,2069.0,0,0,0,0,0,1,119,"28.5072° N, 77.0640° E",28.5072,77.064
1859,flat,dlf exclusive floors,sector 43,2.35,14242.0,3,3,2,1.0,Old Property,B69402744,1527.0,0,0,1,0,0,2,102,"28.4629° N, 77.0772° E",28.4629,77.0772
1860,flat,shree vardhman victoria,sector 70,1.9,9743.0,3,3,3,10.0,New Property,S31689979,1765.0,0,1,1,1,1,0,36,"28.3968° N, 77.0233° E",28.3968,77.0233
1861,flat,emaar gurgaon greens,sector 102,1.35,10800.0,3,4,3+,9.0,Relatively New,R69505282,1400.0,0,1,0,1,0,2,174,"28.4750° N, 76.9715° E",28.475,76.9715
1862,flat,essel tower,sector 28,2.2,12500.0,3,4,3+,3.0,Moderately Old,R69082924,1956.0,0,0,0,1,0,1,0,"28.4728° N, 77.0865° E",28.4728,77.0865
1863,house,sector 14 rwa,sector 14,6.5,26000.0,5,5,0,4.0,Moderately Old,C69120542,2500.0,0,0,0,0,0,0,0,"28.4711° N, 77.0454° E",28.4711,77.0454
1864,flat,dlf new town heights,sector 86,1.55,6578.0,4,4,3+,12.0,Moderately Old,N61446680,2038.0,0,1,0,1,0,2,120,"28.3986° N, 76.9384° E",28.3986,76.9384
1865,flat,smart world orchard,sector 61,2.54,15500.0,3,3,3,2.0,Under Construction,I69547932,1639.0,0,0,1,0,0,0,16,"28.4050° N, 77.0963° E",28.405,77.0963
1866,flat,godrej nature plus,sector 33,1.4,9333.0,2,2,3,14.0,Under Construction,S68036134,1448.0,0,0,0,0,0,0,67,"28.4420° N, 77.0207° E",28.442,77.0207
1867,house,vipul tatvam villa,sector 48,7.25,22377.0,4,4,3,2.0,Relatively New,D70180330,3240.0,1,1,1,1,0,2,103,"28.4177° N, 77.0359° E",28.4177,77.0359
1868,flat,pareena mi casa,sector 68,1.7,8500.0,4,4,3+,23.0,New Property,Z45897659,1809.0,0,0,0,0,0,0,88,"28.3853° N, 77.0484° E",28.3853,77.0484
1869,flat,m3m golfestate,sector 65,5.2,17455.0,3,3,3,18.0,Relatively New,R69687378,2696.0,1,0,0,1,0,2,76,"28.4030° N, 77.0690° E",28.403,77.069
1870,flat,signature global solera,sector 107,0.27,5521.0,2,2,2,0.0,Relatively New,X69217210,543.0,0,0,0,0,0,0,45,"28.5052° N, 76.9729° E",28.5052,76.9729
1871,flat,sobha city,sector 108,3.75,14938.0,3,3,2,16.0,New Property,Y68158826,2120.0,0,0,0,1,0,0,77,"28.5134° N, 76.9830° E",28.5134,76.983
1872,flat,viridian the plaza 106,sector 106,0.39,5571.0,1,1,1,7.0,Relatively New,S69971192,567.0,0,0,0,0,0,0,130,"28.5007° N, 77.0003° E",28.5007,77.0003
1873,flat,pyramid urban homes 2,sector 86,0.41,6905.0,2,2,1,3.0,Relatively New,E69867822,668.0,0,0,0,0,0,0,63,"28.3986° N, 76.9384° E",28.3986,76.9384
1874,flat,dlf the ultima,sector 81,2.3,14603.0,3,4,3+,27.0,Relatively New,T62174546,1825.0,0,0,0,1,0,2,119,"28.3867° N, 76.9485° E",28.3867,76.9485
1875,flat,m3m capital,sector 113,2.37,11500.0,4,4,3+,20.0,Under Construction,G68788156,2060.0,1,0,0,0,0,0,143,"28.5287° N, 77.0233° E",28.5287,77.0233
1876,flat,pivotal riddhi siddhi,sector 99,0.4,4444.0,2,2,2,9.0,New Property,G53211690,733.0,0,0,0,0,0,0,60,"28.4640° N, 76.9614° E",28.464,76.9614
1877,flat,sobha city,sector 108,2.9,14478.0,3,4,2,11.0,Relatively New,L69513420,2003.0,0,0,0,0,0,0,108,"28.5134° N, 76.9830° E",28.5134,76.983
1878,flat,chd avenue,sector 71,1.32,6019.0,4,4,3,14.0,Moderately Old,D69662880,1985.0,0,0,0,1,0,0,65,"28.4104° N, 77.0281° E",28.4104,77.0281
1879,flat,elan the presidential,sector 106,3.9,15918.0,3,3,0,20.0,Relatively New,V69770998,2450.0,0,0,0,0,0,0,66,"28.5007° N, 77.0003° E",28.5007,77.0003
1880,flat,dlf the ultima,sector 81,3.5,11686.0,4,5,3+,7.0,Relatively New,L70015174,2577.0,0,0,0,1,0,1,174,"28.3867° N, 76.9485° E",28.3867,76.9485
1881,house,unitech uniworld resorts,sector 33,10.0,20202.0,5,6,3,4.0,New Property,J64562212,4950.0,1,0,0,1,0,0,26,"28.4420° N, 77.0207° E",28.442,77.0207
1882,flat,emaar palm gardens,sector 83,1.3,11868.0,3,3,3,16.0,Relatively New,H69770092,1387.0,0,0,0,1,0,2,174,"28.3986° N, 76.9647° E",28.3986,76.9647
1883,flat,apex builders,sector 37c,0.42,5600.0,2,2,2,4.0,Relatively New,I68801870,833.0,0,0,0,0,0,0,42,"28.4515° N, 76.9882° E",28.4515,76.9882
1884,flat,sare petioles,sector 92,1.3,6373.0,4,4,0,7.0,Relatively New,C69192320,2040.0,0,0,0,0,0,0,0,"28.4079° N, 76.9153° E",28.4079,76.9153
1885,flat,emaar palm gardens,sector 83,1.72,9052.0,3,3,3,4.0,Relatively New,P69268966,1600.0,0,0,0,1,0,2,165,"28.3986° N, 76.9647° E",28.3986,76.9647
1886,flat,signature global the millennia 3,sector 37d,0.45,7627.0,2,3,2,8.0,Under Construction,L70187142,656.0,0,0,0,0,0,0,8,"28.4478° N, 76.9703° E",28.4478,76.9703
1887,house,ansals palam vihar,sector 2,5.7,14729.0,5,5,2,2.0,Old Property,L69619340,4550.0,0,1,0,0,0,1,94,"28.5095° N, 77.0320° E",28.5095,77.032
1888,flat,rof ananda,sector 95,0.38,6919.0,2,2,1,4.0,New Property,E66226318,610.0,0,0,0,0,0,0,0,"28.4172° N, 76.9081° E",28.4172,76.9081
1889,flat,511 sarahah tower,sector 12,0.6,8333.0,2,2,1,0.0,New Property,G69788446,800.0,0,1,0,0,0,1,0,"28.4723° N, 77.0320° E",28.4723,77.032
1890,flat,ramsons kshitij,sector 95,0.29,5178.0,2,2,2,14.0,Relatively New,W63126780,507.0,0,0,0,0,0,0,50,"28.4172° N, 76.9081° E",28.4172,76.9081
1891,flat,m3m woodshire,sector 107,1.02,6649.0,2,2,3,6.0,Relatively New,I69550388,1388.0,1,0,0,0,0,0,112,"28.5052° N, 76.9729° E",28.5052,76.9729
1892,flat,m3m heights,sector 65,1.9,15000.0,2,2,3,4.0,Under Construction,C69919812,1141.0,0,0,0,0,0,0,54,"28.4030° N, 77.0690° E",28.403,77.069
1893,flat,experion the heartsong,sector 108,0.97,9238.0,2,2,3,10.0,Relatively New,T69548882,1167.0,0,0,0,1,0,0,165,"28.5134° N, 76.9830° E",28.5134,76.983
1894,flat,spaze privvy the address,sector 93,1.45,8033.0,3,4,2,12.0,Relatively New,G66828720,1350.0,0,0,0,0,0,2,96,"28.4153° N, 76.9326° E",28.4153,76.9326
1895,house,independent,sector 56,8.0,9654.0,10,10,3+,4.0,Relatively New,V69476552,8286.0,1,1,0,1,0,1,107,"28.4245° N, 77.0991° E",28.4245,77.0991
1896,flat,signature global park 4,sector 36,0.72,6428.0,3,2,3,2.0,Under Construction,A67199810,1244.0,0,0,0,0,0,0,0,"28.4160° N, 76.9914° E",28.416,76.9914
1897,flat,raheja vedaanta,sector 108,1.5,5263.0,3,4,0,12.0,Relatively New,U68022230,2850.0,0,0,0,0,0,0,0,"28.5134° N, 76.9830° E",28.5134,76.983
1898,flat,godrej icon,sector 88a,1.31,8100.0,2,2,3+,3.0,Relatively New,S69145532,1463.0,1,0,0,0,0,0,102,"28.4347° N, 76.9557° E",28.4347,76.9557
1899,house,independent,sector 2,0.7,7777.0,1,1,0,1.0,Moderately Old,D66469458,900.0,0,0,0,0,0,0,0,"28.5095° N, 77.0320° E",28.5095,77.032
1900,house,independent,sector 55,2.8,18667.0,4,4,0,2.0,Old Property,N69650234,1500.0,0,0,0,0,0,0,0,"28.4281° N, 77.1100° E",28.4281,77.11
1901,house,sector 38 rwa,sector 38,4.3,28782.0,3,9,3+,3.0,Relatively New,E69566242,1494.0,0,1,0,0,1,2,41,"28.4347° N, 77.0430° E",28.4347,77.043
1902,house,independent,sector 47,4.3,29312.0,3,4,2,2.0,Moderately Old,K68213440,1467.0,0,0,0,0,1,0,0,"28.4276° N, 77.0492° E",28.4276,77.0492
1903,house,independent,sector 56,7.25,29340.0,8,8,3+,0.0,Moderately Old,D66962598,2471.0,0,0,0,0,0,2,24,"28.4245° N, 77.0991° E",28.4245,77.0991
1904,house,unitech palms south city 1,sector 41,9.35,28858.0,10,10,3+,4.0,Moderately Old,F70038696,7500.0,1,0,0,1,0,2,70,"28.4557° N, 77.0632° E",28.4557,77.0632
1905,flat,emaar imperial gardens,sector 102,1.92,9600.0,3,3,3,12.0,Relatively New,M70002238,2222.0,1,1,1,1,0,0,95,"28.4750° N, 76.9715° E",28.475,76.9715
1906,flat,m3m woodshire,sector 107,0.88,6442.0,2,2,3+,3.0,Relatively New,I69721846,1236.0,0,0,0,0,0,0,99,"28.5052° N, 76.9729° E",28.5052,76.9729
1907,flat,godrej,sector 79,1.29,8206.0,2,2,3,4.0,New Property,W66928082,1423.0,0,0,0,0,0,0,0,"28.3624° N, 76.9787° E",28.3624,76.9787
1908,house,independent,sector 26,20.0,44444.0,5,7,3+,3.0,Relatively New,T69775462,4500.0,0,1,0,1,0,1,97,"28.4757° N, 77.1032° E",28.4757,77.1032
1909,house,vipul tatvam villa,sector 48,8.5,26235.0,4,6,3,3.0,Old Property,W68875850,3240.0,0,1,0,1,1,0,49,"28.4177° N, 77.0359° E",28.4177,77.0359
1910,flat,orris carnation residency,sector 85,1.1,6686.0,3,4,3,6.0,Moderately Old,J69346106,1467.0,0,0,0,1,0,1,65,"28.4042° N, 76.9513° E",28.4042,76.9513
1911,house,vipul tatvam villa,sector 48,8.5,26235.0,4,4,1,2.0,Relatively New,E69756874,3240.0,0,0,0,0,0,0,21,"28.4177° N, 77.0359° E",28.4177,77.0359
1912,flat,senate court,sector 62,0.9,14084.0,1,1,0,0.0,Relatively New,S64125662,639.0,0,0,0,0,0,0,0,"28.4139° N, 77.0886° E",28.4139,77.0886
1913,flat,dlf regal gardens,sector 90,1.76,7945.0,4,4,3+,8.0,Relatively New,Z68285654,2020.0,0,0,0,0,0,2,135,"28.4085° N, 76.9369° E",28.4085,76.9369
1914,flat,m3m woodshire,sector 107,0.9,6588.0,2,2,3+,4.0,Relatively New,S70122896,1236.0,0,0,0,0,0,0,21,"28.5052° N, 76.9729° E",28.5052,76.9729
1915,house,unitech espace,sector 50,10.45,32253.0,5,7,3+,3.0,Moderately Old,I69169294,3240.0,1,1,0,1,1,2,153,"28.4178° N, 77.0628° E",28.4178,77.0628
1916,house,independent,sector 40,5.0,21124.0,9,9,3+,3.0,Moderately Old,C69535484,2367.0,0,0,1,1,0,2,83,"28.4498° N, 77.0567° E",28.4498,77.0567
1917,flat,ats marigold,sector 89,1.5,8500.0,3,3,3,5.0,Under Construction,L69765038,1480.0,0,0,0,0,0,0,96,"28.4253° N, 76.9439° E",28.4253,76.9439
1918,flat,godrej aria,sector 79,1.95,8519.0,3,4,3+,10.0,New Property,V62090670,1659.0,0,0,0,1,0,0,32,"28.3624° N, 76.9787° E",28.3624,76.9787
1919,flat,emaar mgf emerald floors premier,sector 65,2.77,14025.0,4,4,3+,3.0,Relatively New,N69869760,2194.0,1,0,0,1,0,1,174,"28.4030° N, 77.0690° E",28.403,77.069
1920,house,emaar mgf marbella,sector 66,12.0,38095.0,5,6,3+,4.0,New Property,P64342250,3150.0,0,1,0,1,0,0,38,"28.3925° N, 77.0541° E",28.3925,77.0541
1921,flat,smart world gems,sector 89,0.86,7796.0,2,3,2,4.0,New Property,G66179018,1226.0,1,1,0,1,0,2,72,"28.4253° N, 76.9439° E",28.4253,76.9439
1922,flat,bptp terra,sector 37d,1.5,8282.0,3,3,3,17.0,Relatively New,D70022246,1692.0,0,0,0,0,1,0,49,"28.4478° N, 76.9703° E",28.4478,76.9703
1923,flat,umang winter hills,sector 77,0.75,5588.0,2,2,2,8.0,Relatively New,F69444226,1140.0,0,0,1,0,0,2,102,"28.3801° N, 76.9845° E",28.3801,76.9845
1924,flat,unitech the residences,sector 33,1.1,9909.0,2,2,3,9.0,Moderately Old,E68269980,1100.0,0,0,0,0,0,2,44,"28.4420° N, 77.0207° E",28.442,77.0207
1925,flat,dlf the primus,sector 82a,1.85,10283.0,3,3,3+,2.0,Relatively New,U69551310,1668.0,0,0,0,0,0,2,44,"28.3858° N, 76.9686° E",28.3858,76.9686
1926,flat,ats tourmaline,sector 109,2.25,8704.0,3,4,3,14.0,Relatively New,T69512220,2339.0,0,0,0,1,0,0,101,"28.5073° N, 77.0089° E",28.5073,77.0089
1927,flat,imperia the esfera,sector 37c,0.7,4879.0,2,3,3+,12.0,Under Construction,O34919717,1299.0,1,0,0,0,1,0,58,"28.4515° N, 76.9882° E",28.4515,76.9882
1928,flat,maruti vihar,sector 28,1.0,9090.0,1,1,1,1.0,Old Property,G68997632,995.0,1,1,0,0,0,2,80,"28.4728° N, 77.0865° E",28.4728,77.0865
1929,flat,sare crescent parc,sector 92,0.9,4278.0,4,5,3+,14.0,Relatively New,P41495683,1692.0,0,0,0,1,1,0,62,"28.4079° N, 76.9153° E",28.4079,76.9153
1930,flat,vatika city,sector 49,3.6,11920.0,4,5,3,7.0,Moderately Old,D63665484,3356.0,0,1,0,1,0,1,15,"28.4121° N, 77.0480° E",28.4121,77.048
1931,flat,signature global solera 2,sector 107,0.5,8928.0,2,2,2,13.0,New Property,C69348248,622.0,0,0,0,0,0,0,8,"28.5052° N, 76.9729° E",28.5052,76.9729
1932,flat,tata primanti,sector 72,4.0,16032.0,4,5,3+,22.0,Relatively New,O69179880,2701.0,0,0,0,1,0,2,174,"28.4225° N, 77.0211° E",28.4225,77.0211
1933,flat,rof ananda,sector 95,0.46,6318.0,2,2,2,11.0,New Property,S66285718,809.0,1,0,0,0,0,0,82,"28.4172° N, 76.9081° E",28.4172,76.9081
1934,flat,tata primanti,sector 72,4.0,13769.0,4,5,3+,9.0,Relatively New,M69966198,2800.0,0,0,0,1,0,2,165,"28.4225° N, 77.0211° E",28.4225,77.0211
1935,flat,sidhartha ncr greens,sector 95,0.56,5656.0,2,2,3,13.0,New Property,J69503006,896.0,0,0,0,0,0,0,8,"28.4172° N, 76.9081° E",28.4172,76.9081
1936,house,independent,sector 4,2.35,16319.0,4,4,2,2.0,Old Property,S69966248,1440.0,0,1,0,0,0,0,43,"28.4738° N, 77.0107° E",28.4738,77.0107
1937,flat,tulip violet,sector 69,2.0,9950.0,4,4,2,0.0,Relatively New,I69376626,1819.0,0,0,0,0,0,0,95,"28.3966° N, 77.0341° E",28.3966,77.0341
1938,flat,signature the roselia,sector 95,0.48,7164.0,2,2,2,6.0,Relatively New,R70027012,744.0,0,0,0,0,0,0,16,"28.4172° N, 76.9081° E",28.4172,76.9081
1939,house,ninex city,sector 76,1.75,6250.0,4,4,0,14.0,New Property,V69930438,3111.0,0,0,0,0,0,0,0,"28.3935° N, 76.9888° E",28.3935,76.9888
1940,flat,shree vardhman victoria,sector 70,1.65,8461.0,3,5,3,6.0,Relatively New,G69691402,1527.0,0,1,0,1,0,0,167,"28.3968° N, 77.0233° E",28.3968,77.0233
1941,house,dlf city phase 1,sector 26,3.25,3681.0,3,3,3,2.0,Old Property,J70280212,8829.0,1,0,0,0,0,0,79,"28.4757° N, 77.1032° E",28.4757,77.1032
1942,flat,dlf belvedere towers,sector 25,3.4,13765.0,4,4,3,1.0,Old Property,E69620848,2744.0,0,0,0,1,0,0,26,"28.4844° N, 77.0860° E",28.4844,77.086
1943,house,rwa sector 46,sector 46,4.5,24390.0,6,6,3+,3.0,Moderately Old,L70376756,1845.0,0,0,1,0,0,2,80,"28.4374° N, 77.0586° E",28.4374,77.0586
1944,flat,signature global the millennia,sector 37d,0.55,9166.0,2,2,3,3.0,New Property,G68322916,543.0,0,0,0,0,0,0,53,"28.4478° N, 76.9703° E",28.4478,76.9703
1945,flat,dlf the ultima,sector 81,3.25,11805.0,4,4,3+,11.0,Moderately Old,O68626762,2491.0,0,0,0,1,0,0,28,"28.3867° N, 76.9485° E",28.3867,76.9485
1946,flat,m3m merlin,sector 67,2.98,14557.0,3,3,3,0.0,Relatively New,M69690192,2047.0,0,0,0,0,1,2,49,"28.3859° N, 77.0608° E",28.3859,77.0608
1947,flat,sobha city,sector 108,1.9,13758.0,2,2,2,8.0,Relatively New,K69513320,1250.0,0,0,0,0,0,0,85,"28.5134° N, 76.9830° E",28.5134,76.983
1948,flat,smart world gems,sector 89,1.1,9972.0,3,1,0,0.0,New Property,T69796666,1103.0,0,0,0,0,0,0,45,"28.4253° N, 76.9439° E",28.4253,76.9439
1949,flat,smart world gems,sector 89,1.2,8433.0,3,3,2,2.0,New Property,C69125920,1423.0,0,0,0,0,0,0,45,"28.4253° N, 76.9439° E",28.4253,76.9439
1950,house,international city by sobha phase 2,sector 109,7.0,12963.0,5,6,2,2.0,Relatively New,G69900346,5400.0,0,0,0,1,0,0,154,"28.5073° N, 77.0089° E",28.5073,77.0089
1951,flat,godrej,sector 79,2.0,8474.0,3,4,3+,9.0,Relatively New,M69660446,1963.0,0,0,0,1,0,0,108,"28.3624° N, 76.9787° E",28.3624,76.9787
1952,flat,godrej summit,sector 104,0.85,6896.0,2,2,3,12.0,Relatively New,U58907926,1611.0,1,0,0,0,1,0,61,"28.4788° N, 76.9960° E",28.4788,76.996
1953,flat,ats tourmaline,sector 109,1.5,6976.0,3,4,3+,4.0,Relatively New,D68008938,1797.0,0,0,0,1,0,0,39,"28.5073° N, 77.0089° E",28.5073,77.0089
1954,house,dlf south city 1,sector 41,2.65,18928.0,3,3,3,4.0,New Property,Q69713444,1400.0,0,0,0,1,0,2,22,"28.4557° N, 77.0632° E",28.4557,77.0632
1955,house,independent,sector 25,9.0,33333.0,5,5,3,3.0,Old Property,F69978152,2700.0,1,1,1,1,0,0,56,"28.4844° N, 77.0860° E",28.4844,77.086
1956,flat,shapoorji pallonji joyville gurugram,sector 102,2.12,16960.0,3,3,3,9.0,Relatively New,U67661174,1852.0,0,0,0,0,0,0,72,"28.4750° N, 76.9715° E",28.475,76.9715
1957,house,bestech park view aindependentda,sector 81,4.35,7937.0,4,4,3,2.0,Relatively New,U69605056,5480.0,0,0,1,1,0,0,51,"28.3867° N, 76.9485° E",28.3867,76.9485
1958,flat,central park flower valley,sector 33,2.5,13270.0,3,3,2,1.0,Under Construction,X69058016,2093.0,0,0,0,0,0,0,66,"28.4420° N, 77.0207° E",28.442,77.0207
1959,house,independent,sector 7,1.35,4545.0,4,5,0,3.0,Old Property,M69535664,330.0,0,0,0,0,0,0,0,"28.4644° N, 77.0143° E",28.4644,77.0143
1960,flat,ashiana apartment,sector 23,0.16,2051.0,2,2,2,1.0,Moderately Old,Q70189730,706.0,0,0,0,0,0,0,0,"28.5121° N, 77.0478° E",28.5121,77.0478
1961,flat,supertech new soft launch,sector 68,0.84,7119.0,2,2,2,7.0,New Property,P69774466,1180.0,0,0,0,0,0,0,0,"28.3853° N, 77.0484° E",28.3853,77.0484
1962,flat,ats triumph,sector 104,1.85,8078.0,3,4,3+,14.0,Relatively New,K70066734,2072.0,1,1,1,1,0,0,117,"28.4788° N, 76.9960° E",28.4788,76.996
1963,flat,la vida by tata housing,sector 113,2.35,10599.0,3,3,3,11.0,New Property,X68408548,2210.0,0,0,0,1,0,0,174,"28.5287° N, 77.0233° E",28.5287,77.0233
1964,flat,shree vardhman flora,sector 90,0.92,4717.0,3,3,2,6.0,Relatively New,B69731600,2167.0,1,0,0,0,0,2,49,"28.4085° N, 76.9369° E",28.4085,76.9369
1965,house,independent,sector 105,0.6,13333.0,3,3,0,3.0,Moderately Old,F70035582,450.0,0,0,0,0,0,0,0,"28.4952° N, 77.0114° E",28.4952,77.0114
1966,flat,satya the hermitage,sector 103,0.89,6137.0,2,3,3,1.0,Relatively New,O66032396,1257.0,0,0,0,1,0,0,75,"28.4949° N, 76.9845° E",28.4949,76.9845
1967,flat,m3m heights,sector 65,1.99,15793.0,2,2,2,26.0,Under Construction,B68209038,1140.0,0,0,0,0,0,0,48,"28.4030° N, 77.0690° E",28.403,77.069
1968,flat,hero homes,sector 104,1.9,11249.0,3,3,3,16.0,Under Construction,X69886996,1365.0,0,1,0,0,0,2,103,"28.4788° N, 76.9960° E",28.4788,76.996
1969,flat,bestech park view residency,sector 2,1.18,7539.0,2,2,3,5.0,Old Property,S69100190,1416.0,1,0,0,0,0,0,76,"28.5095° N, 77.0320° E",28.5095,77.032
1970,flat,the pearl apartmen,sector 15,0.43,5584.0,2,2,1,2.0,Relatively New,L69151724,856.0,0,0,0,0,0,2,28,"28.4621° N, 77.0464° E",28.4621,77.0464
1971,flat,umang winter hills,sector 77,0.8,5961.0,2,2,2,10.0,Relatively New,W69654942,1163.0,0,0,0,0,0,2,49,"28.3801° N, 76.9845° E",28.3801,76.9845
1972,flat,godrej,sector 79,1.34,8524.0,2,2,3,2.0,Relatively New,J69483440,1423.0,1,0,0,0,0,0,158,"28.3624° N, 76.9787° E",28.3624,76.9787
1973,flat,signature signum 95a,sector 95,0.4,7782.0,2,2,2,3.0,New Property,A68440828,571.0,0,0,0,0,0,0,44,"28.4172° N, 76.9081° E",28.4172,76.9081
1974,flat,whiteland the aspen,sector 76,3.35,17615.0,3,4,3+,5.0,Under Construction,A69585100,2111.0,0,0,0,1,0,1,151,"28.3935° N, 76.9888° E",28.3935,76.9888
1975,house,project housing board colony,sector 28,2.58,17695.0,4,2,2,2.0,Relatively New,L69614906,1458.0,0,0,0,0,0,0,0,"28.4728° N, 77.0865° E",28.4728,77.0865
1976,flat,ansal housing highland park,sector 103,0.8,5878.0,2,2,2,9.0,Relatively New,E68022102,1361.0,0,0,0,0,0,0,0,"28.4949° N, 76.9845° E",28.4949,76.9845
1977,flat,mahindra aura,sector 110,1.4,9655.0,3,3,3,10.0,Relatively New,B69710156,1550.0,0,0,0,0,0,2,142,"28.5145° N, 77.0197° E",28.5145,77.0197
1978,flat,apex our homes,sector 37c,0.33,3567.0,2,2,1,3.0,Relatively New,D70095814,850.0,0,0,0,0,0,2,158,"28.4515° N, 76.9882° E",28.4515,76.9882
1979,flat,corona optus,sector 37c,1.25,7090.0,3,3,3,4.0,Relatively New,B69870480,1350.0,0,0,0,0,1,0,49,"28.4515° N, 76.9882° E",28.4515,76.9882
1980,flat,spaze privy at,sector 84,1.24,6465.0,3,3,3,8.0,Relatively New,N69292980,1650.0,1,0,0,0,0,2,158,"28.3979° N, 76.9736° E",28.3979,76.9736
1981,flat,emaar palm gardens,sector 83,1.35,12325.0,3,3,3,7.0,Relatively New,O55737304,1387.0,0,0,0,1,0,0,24,"28.3986° N, 76.9647° E",28.3986,76.9647
1982,flat,experion windchants,sector 112,3.0,11538.0,3,3,2,2.0,Relatively New,J69916692,2600.0,0,0,0,0,1,2,49,"28.5189° N, 77.0183° E",28.5189,77.0183
1983,flat,signature global synera,sector 81,0.48,8450.0,2,2,1,7.0,Relatively New,W69403362,613.0,0,0,0,0,0,2,70,"28.3867° N, 76.9485° E",28.3867,76.9485
1984,flat,awho sispal vihar,sector 49,2.0,7262.0,4,3,3+,4.0,Old Property,X70167572,2492.0,0,0,0,0,0,0,65,"28.4121° N, 77.0480° E",28.4121,77.048
1985,flat,paras dews,sector 106,1.4,9978.0,4,6,3+,10.0,Relatively New,P69532574,1535.0,0,0,0,1,0,0,174,"28.5007° N, 77.0003° E",28.5007,77.0003
1986,flat,sare crescent parc,sector 92,1.0,4778.0,4,4,3,9.0,Relatively New,B70143732,2093.0,0,0,0,0,0,0,0,"28.4079° N, 76.9153° E",28.4079,76.9153
1987,flat,adani oyster greens,sector 102,1.9,10058.0,3,3,3+,9.0,Relatively New,W70011122,2099.0,1,1,1,0,0,0,0,"28.4750° N, 76.9715° E",28.475,76.9715
1988,flat,dlf new town heights,sector 90,1.25,6476.0,3,3,3+,6.0,Relatively New,N69266530,1929.0,0,1,0,1,0,0,136,"28.4085° N, 76.9369° E",28.4085,76.9369
1989,flat,ambience creacions,sector 22,4.8,19200.0,4,6,3+,10.0,New Property,U67798494,2778.0,0,1,0,1,0,1,49,"28.5072° N, 77.0640° E",28.5072,77.064
1990,flat,bestech park view spa next,sector 67,2.72,11574.0,4,4,3+,0.0,Relatively New,D69506128,2250.0,0,1,0,1,0,2,128,"28.3859° N, 77.0608° E",28.3859,77.0608
1991,flat,pioneer araya,sector 62,8.35,19513.0,4,6,3,16.0,Relatively New,Y69067966,3872.0,0,1,0,1,0,0,153,"28.4139° N, 77.0886° E",28.4139,77.0886
1992,flat,m3m woodshire,sector 107,0.8,5856.0,2,2,3+,14.0,New Property,M62958574,1236.0,0,0,0,0,0,0,67,"28.5052° N, 76.9729° E",28.5052,76.9729
1993,flat,ireo victory valley,sector 67,4.75,13929.0,4,4,3+,0.0,Relatively New,T69823410,3200.0,1,1,1,1,0,2,165,"28.3859° N, 77.0608° E",28.3859,77.0608
1994,flat,sushant lok 1 builder floors,sector 43,2.5,12920.0,3,3,2,2.0,New Property,A68537744,195.0,0,0,0,0,0,0,0,"28.4629° N, 77.0772° E",28.4629,77.0772
1995,house,sushant lok 1 builder floors,sector 43,2.45,7756.0,4,4,3+,3.0,Moderately Old,M69616474,540.0,1,1,0,1,1,1,123,"28.4629° N, 77.0772° E",28.4629,77.0772
1996,house,independent,sector 23,2.8,17983.0,5,5,3+,2.0,Old Property,C69920108,1557.0,0,1,0,0,0,2,74,"28.5121° N, 77.0478° E",28.5121,77.0478
1997,house,unitech uniworld resorts,sector 33,9.55,19293.0,6,7,3+,2.0,Relatively New,Z70215070,4950.0,1,1,1,1,0,2,126,"28.4420° N, 77.0207° E",28.442,77.0207
1998,flat,shree vardhman flora,sector 90,0.85,4404.0,3,4,3,3.0,Relatively New,F68357314,1679.0,0,0,1,1,0,0,110,"28.4085° N, 76.9369° E",28.4085,76.9369
1999,house,bhim garh kheri,sector 3,0.75,6410.0,4,2,2,2.0,Old Property,T69080734,1170.0,0,0,0,0,0,0,16,"28.4909° N, 77.0176° E",28.4909,77.0176
2000,flat,orchid petals,sector 49,2.51,12178.0,3,3,3+,7.0,Old Property,H69607876,2061.0,1,0,0,0,0,2,72,"28.4121° N, 77.0480° E",28.4121,77.048
2001,flat,m3m woodshire,sector 107,1.32,6330.0,3,3,3,10.0,Relatively New,A69551290,1758.0,0,0,0,0,0,0,117,"28.5052° N, 76.9729° E",28.5052,76.9729
2002,flat,conscient heritage max,sector 102,2.5,11633.0,3,4,3+,25.0,New Property,H58335368,1945.0,1,0,0,1,0,2,56,"28.4750° N, 76.9715° E",28.475,76.9715
2003,house,independent,sector 25,6.5,36111.0,4,4,3+,2.0,Moderately Old,Q69690592,1800.0,1,1,1,1,0,0,61,"28.4844° N, 77.0860° E",28.4844,77.086
2004,house,independent,sector 57,3.15,20349.0,5,4,3+,2.0,Moderately Old,H70267206,1548.0,0,0,1,0,0,2,60,"28.4232° N, 77.0752° E",28.4232,77.0752
2005,flat,awho shanti vihar,sector 95,0.8,8888.0,2,2,3,9.0,New Property,R70152082,713.0,1,0,0,0,0,0,67,"28.4172° N, 76.9081° E",28.4172,76.9081
2006,flat,tulip orange,sector 70,1.0,10309.0,3,2,2,3.0,Moderately Old,F70070030,1078.0,0,0,0,0,0,0,58,"28.3968° N, 77.0233° E",28.3968,77.0233
2007,flat,tulip violet,sector 69,1.4,8840.0,3,3,2,1.0,Relatively New,H68277890,1428.0,0,0,0,0,0,0,95,"28.3966° N, 77.0341° E",28.3966,77.0341
2008,flat,sare homes,sector 92,0.71,5354.0,3,3,3,2.0,Relatively New,G69808444,1473.0,0,1,0,0,0,0,108,"28.4079° N, 76.9153° E",28.4079,76.9153
2009,flat,ss the coralwood,sector 84,1.01,5771.0,3,3,2,18.0,Relatively New,B68616090,1475.0,0,0,0,0,0,0,40,"28.3979° N, 76.9736° E",28.3979,76.9736
2010,flat,tulip violet,sector 69,1.68,8358.0,4,4,2,2.0,Relatively New,W68278084,1819.0,0,1,0,0,0,0,112,"28.3966° N, 77.0341° E",28.3966,77.0341
2011,flat,smart world orchard,sector 61,2.2,13500.0,3,3,2,1.0,Under Construction,S68277154,1778.0,0,0,0,0,0,0,49,"28.4050° N, 77.0963° E",28.405,77.0963
2012,flat,the lions cghs,sector 56,2.0,8333.0,4,4,3,8.0,Relatively New,O69575176,2253.0,0,0,0,0,1,2,49,"28.4245° N, 77.0991° E",28.4245,77.0991
2013,house,satya the hermitage,sector 103,4.35,13501.0,4,4,3+,2.0,Relatively New,G69957692,3222.0,1,1,1,1,0,0,138,"28.4949° N, 76.9845° E",28.4949,76.9845
2014,flat,shree vardhman flora,sector 90,0.65,4814.0,2,2,3,6.0,Relatively New,T69236258,1222.0,1,0,0,0,0,0,174,"28.4085° N, 76.9369° E",28.4085,76.9369
2015,flat,antriksh heights,sector 84,0.92,5041.0,3,3,3,2.0,Relatively New,Z69973884,1652.0,1,1,0,0,0,0,67,"28.3979° N, 76.9736° E",28.3979,76.9736
2016,flat,vatika inxt floors,sector 82a,1.25,8333.0,3,2,3,2.0,Relatively New,Z67067884,1667.0,1,1,0,0,0,2,94,"28.3858° N, 76.9686° E",28.3858,76.9686
2017,flat,satya the hermitage,sector 103,0.8,5517.0,2,2,0,10.0,Relatively New,U69277026,1450.0,0,0,0,0,0,0,61,"28.4949° N, 76.9845° E",28.4949,76.9845
2018,flat,m3m skywalk,sector 74,1.52,13342.0,2,2,3,6.0,Relatively New,S69823246,1250.0,0,0,1,0,0,0,174,"28.4158° N, 77.0118° E",28.4158,77.0118
2019,house,independent,sector 12,0.38,4222.0,3,3,3,3.0,Relatively New,N68008590,900.0,0,0,0,0,0,0,0,"28.4723° N, 77.0320° E",28.4723,77.032
2020,flat,mapsko mount ville,sector 79,1.3,8724.0,3,3,3,19.0,Relatively New,O69444490,1176.0,0,0,1,0,0,2,102,"28.3624° N, 76.9787° E",28.3624,76.9787
2021,flat,ireo victory valley,sector 67,3.65,13528.0,3,4,3+,18.0,Relatively New,B69859308,2490.0,0,1,0,1,0,2,61,"28.3859° N, 77.0608° E",28.3859,77.0608
2022,flat,raheja atharva,sector 109,2.2,9490.0,3,3,2,7.0,Moderately Old,O69310644,2576.0,0,0,0,1,0,2,111,"28.5073° N, 77.0089° E",28.5073,77.0089
2023,flat,tulip violet,sector 69,1.31,8517.0,3,3,2,12.0,Relatively New,V69215690,1392.0,0,1,0,0,0,2,174,"28.3966° N, 77.0341° E",28.3966,77.0341
2024,house,independent,sector 28,0.7,8101.0,2,2,0,2.0,Old Property,A55466486,864.0,0,0,0,0,0,0,7,"28.4728° N, 77.0865° E",28.4728,77.0865
2025,flat,parsvnath green ville,sector 48,2.0,7765.0,3,3,0,15.0,Relatively New,I22744913,1923.0,0,0,0,1,0,0,74,"28.4177° N, 77.0359° E",28.4177,77.0359
2026,house,ansal api esencia,sector 67,1.85,8222.0,3,3,3,1.0,Moderately Old,G68803572,278.0,0,0,0,0,0,0,49,"28.3859° N, 77.0608° E",28.3859,77.0608
2027,flat,ansal housing highland park,sector 103,1.25,6443.0,3,3,3+,2.0,New Property,C68575328,1464.0,0,1,0,0,0,0,105,"28.4949° N, 76.9845° E",28.4949,76.9845
2028,flat,rk tower,sector 2,0.95,9595.0,2,2,1,1.0,Relatively New,V64495872,1100.0,0,0,0,0,0,0,99,"28.5095° N, 77.0320° E",28.5095,77.032
2029,flat,ansal api celebrity suites,sector 2,0.6,8163.0,1,1,1,5.0,Moderately Old,A69939188,665.0,0,0,0,0,0,2,67,"28.5095° N, 77.0320° E",28.5095,77.032
2030,flat,m3m ikonic,sector 68,1.78,9128.0,3,3,3+,27.0,Relatively New,H69523902,1845.0,0,0,0,0,0,2,126,"28.3853° N, 77.0484° E",28.3853,77.0484
2031,flat,supertech araville,sector 79,0.8,6178.0,2,2,3+,9.0,New Property,J35698061,1172.0,0,0,0,0,1,0,24,"28.3624° N, 76.9787° E",28.3624,76.9787
2032,flat,shri ram apartments,sector 4,0.36,3789.0,2,2,1,4.0,Relatively New,M66372352,1056.0,0,0,0,0,0,0,0,"28.4738° N, 77.0107° E",28.4738,77.0107
2033,flat,zara aavaas,sector 104,0.2,6645.0,1,1,1,3.0,Relatively New,Q69910288,301.0,0,0,0,0,0,0,67,"28.4788° N, 76.9960° E",28.4788,76.996
2034,flat,m3m skywalk,sector 74,1.55,13790.0,2,2,3+,18.0,Relatively New,D69704294,1300.0,0,0,0,0,1,0,137,"28.4158° N, 77.0118° E",28.4158,77.0118
2035,house,independent,sector 17b,8.5,18814.0,4,4,2,2.0,Old Property,T69520988,4518.0,1,1,0,1,0,2,21,"28.4806° N, 77.0663° E",28.4806,77.0663
2036,house,independent,sector 4,2.3,17014.0,4,4,3,2.0,Old Property,E67927738,160.0,0,0,0,0,0,2,15,"28.4738° N, 77.0107° E",28.4738,77.0107
2037,flat,dlf the skycourt,sector 86,1.58,8190.0,3,3,1,16.0,Relatively New,G69760528,1750.0,0,1,0,0,0,2,152,"28.3986° N, 76.9384° E",28.3986,76.9384
2038,flat,vatika the seven lamps,sector 82,1.37,8753.0,3,3,3,11.0,Relatively New,Q68174274,2000.0,1,1,0,1,0,2,145,"28.3935° N, 76.9600° E",28.3935,76.96
2039,flat,vatika the seven lamps,sector 82,1.6,6597.0,4,5,3+,8.0,Relatively New,G67513232,2195.0,0,0,0,1,0,0,133,"28.3935° N, 76.9600° E",28.3935,76.96
2040,flat,sare crescent parc,sector 92,0.8,6033.0,3,2,2,3.0,Relatively New,H70119648,1473.0,0,0,0,0,0,0,15,"28.4079° N, 76.9153° E",28.4079,76.9153
2041,flat,emaar mgf the palm drive,sector 66,2.85,14615.0,3,3,3,11.0,Relatively New,B67722588,1950.0,1,0,0,0,0,2,67,"28.3925° N, 77.0541° E",28.3925,77.0541
2042,flat,godrej nature plus,sector 33,1.5,9677.0,3,3,3,6.0,Under Construction,W65193196,1403.0,1,0,0,0,0,0,72,"28.4420° N, 77.0207° E",28.442,77.0207
2043,flat,sonata group housing gh 24,manesar,1.65,5892.0,4,3,3,8.0,New Property,P68194060,3111.0,0,0,0,1,0,0,20,"28.3515° N, 76.9428° E",28.3515,76.9428
2044,house,independent,sector 13,2.25,6944.0,10,10,2,1.0,Old Property,S69886526,400.0,0,0,0,0,0,0,0,"28.4757° N, 77.0392° E",28.4757,77.0392
2045,flat,m3m skycity,sector 65,3.0,16411.0,3,3,3,17.0,Under Construction,J69477404,1828.0,0,0,0,0,0,0,99,"28.4030° N, 77.0690° E",28.403,77.069
2046,flat,puri diplomatic greens,sector 111,2.58,11727.0,3,4,2,10.0,Moderately Old,C69922374,2200.0,0,0,0,1,0,0,86,"28.5238° N, 77.0320° E",28.5238,77.032
2047,house,independent,sector 3,0.9,10000.0,3,4,3,3.0,Moderately Old,F45310333,3500.0,0,0,0,0,1,2,42,"28.4909° N, 77.0176° E",28.4909,77.0176
2048,flat,tulip purple,sector 69,1.8,9000.0,4,5,3+,4.0,Relatively New,V69689190,2200.0,0,0,0,1,0,0,165,"28.3966° N, 77.0341° E",28.3966,77.0341
2049,flat,pivotal devaan,sector 84,0.41,7032.0,2,2,2,10.0,New Property,X58511882,565.0,0,0,0,0,0,2,23,"28.3979° N, 76.9736° E",28.3979,76.9736
2050,house,independent,sector 31,3.5,24155.0,4,3,3,2.0,Moderately Old,D69471284,1449.0,0,0,1,0,0,2,81,"28.4528° N, 77.0498° E",28.4528,77.0498
2051,flat,emaar palm gardens,sector 83,1.48,7789.0,3,3,3,7.0,Relatively New,J56394836,1549.0,0,0,0,1,0,0,66,"28.3986° N, 76.9647° E",28.3986,76.9647
2052,house,independent,sector 53,4.65,17574.0,5,5,3+,1.0,Moderately Old,D67766780,2646.0,0,0,0,0,0,2,0,"28.4433° N, 77.0948° E",28.4433,77.0948
2053,flat,signature global orchard avenue,sector 93,0.85,14237.0,2,2,0,10.0,Relatively New,K69125930,597.0,0,0,0,0,0,0,0,"28.4153° N, 76.9326° E",28.4153,76.9326
2054,house,ansal florence super,sector 57,3.75,23148.0,3,4,3,2.0,Moderately Old,N69415184,1620.0,1,0,1,1,0,2,38,"28.4232° N, 77.0752° E",28.4232,77.0752
2055,flat,emaar mgf emerald floors premier,sector 65,2.24,13575.0,3,3,3,2.0,Relatively New,A68420638,1833.0,1,0,0,1,0,0,46,"28.4030° N, 77.0690° E",28.403,77.069
2056,flat,m3m merlin,sector 67,2.8,13678.0,3,3,3,5.0,Moderately Old,U69569464,2047.0,0,0,0,1,0,1,26,"28.3859° N, 77.0608° E",28.3859,77.0608
2057,flat,smart world orchard,sector 61,1.57,13652.0,2,2,2,3.0,New Property,Z66719878,1150.0,1,0,0,0,1,0,71,"28.4050° N, 77.0963° E",28.405,77.0963
2058,flat,signature global city,sector 37d,0.8,8421.0,2,2,2,2.0,Under Construction,B69908914,860.0,0,0,0,0,0,0,42,"28.4478° N, 76.9703° E",28.4478,76.9703
2059,flat,bestech altura,sector 79,1.72,8000.0,3,4,3+,5.0,Relatively New,Y68282394,1695.0,0,0,0,1,0,0,174,"28.3624° N, 76.9787° E",28.3624,76.9787
2060,flat,adani m2k oyster grande,sector 102,1.9,9105.0,3,4,3,8.0,Relatively New,K68563454,1710.0,0,0,0,1,0,0,165,"28.4750° N, 76.9715° E",28.475,76.9715
2061,flat,godrej summit,sector 104,0.82,9854.0,2,2,3,12.0,Relatively New,Z68982730,86.0,1,0,0,0,0,0,120,"28.4788° N, 76.9960° E",28.4788,76.996
2062,flat,lig flat,sector 40,1.5,5556.0,1,1,0,0.0,Moderately Old,E64375676,300.0,0,0,0,0,0,0,0,"28.4498° N, 77.0567° E",28.4498,77.0567
2063,flat,emaar digihomes,sector 62,3.95,15262.0,3,3,3,33.0,New Property,W70126434,2876.0,0,0,0,1,0,2,49,"28.4139° N, 77.0886° E",28.4139,77.0886
2064,flat,vatika sovereign next,sector 82a,3.85,7500.0,5,6,3+,6.0,New Property,G68310268,5711.0,0,1,0,1,0,0,148,"28.3858° N, 76.9686° E",28.3858,76.9686
2065,flat,experion windchants,sector 112,5.2,10726.0,4,6,3+,15.0,Relatively New,O69129068,3655.35,0,1,0,1,0,2,174,"28.5189° N, 77.0183° E",28.5189,77.0183
2066,flat,bestech park view spa next,sector 67,2.35,12144.0,3,4,3+,14.0,Moderately Old,M69768722,1751.0,0,0,0,1,0,2,156,"28.3859° N, 77.0608° E",28.3859,77.0608
2067,flat,suncity avenue 76,sector 76,0.55,7422.0,2,2,2,9.0,Under Construction,Q67912486,823.0,0,0,0,0,0,0,26,"28.3935° N, 76.9888° E",28.3935,76.9888
2068,flat,sare homes,sector 92,0.68,5238.0,3,3,2,11.0,Relatively New,V69810190,1442.0,0,1,0,0,0,0,100,"28.4079° N, 76.9153° E",28.4079,76.9153
2069,house,independent,sector 17,3.0,11111.0,4,4,0,1.0,Old Property,F65593142,3000.0,0,0,0,0,0,0,0,"28.4791° N, 77.0608° E",28.4791,77.0608
2070,house,independent,sector 105,1.2,13333.0,4,4,1,2.0,Moderately Old,G69794726,900.0,0,0,0,0,1,0,14,"28.4952° N, 77.0114° E",28.4952,77.0114
2071,flat,dlf the crest,sector 54,11.0,35223.0,4,6,3,7.0,Relatively New,V70296402,2826.0,0,0,0,1,0,1,125,"28.4348° N, 77.1089° E",28.4348,77.1089
2072,flat,m3m woodshire,sector 107,1.2,6176.0,3,3,3,7.0,Relatively New,L60518054,1750.0,0,0,0,0,0,2,49,"28.5052° N, 76.9729° E",28.5052,76.9729
2073,flat,spire woods now ananda by alpha corp,sector 103,1.25,6902.0,3,4,3,11.0,Under Construction,B52179254,2012.0,1,0,0,1,0,0,105,"28.4949° N, 76.9845° E",28.4949,76.9845
2074,flat,godrej summit,sector 104,0.75,5910.0,2,2,3,6.0,Relatively New,U50040234,1148.0,0,0,0,0,1,0,79,"28.4788° N, 76.9960° E",28.4788,76.996
2075,flat,ramprastha primera,sector 37d,1.1,6111.0,3,3,3,6.0,Relatively New,I70105392,1700.0,0,0,0,0,0,0,149,"28.4478° N, 76.9703° E",28.4478,76.9703
2076,flat,shree vardhman flora,sector 90,0.9,4615.0,3,4,3,4.0,Relatively New,R69236068,1765.0,0,0,0,1,0,0,165,"28.4085° N, 76.9369° E",28.4085,76.9369
2077,flat,m3m merlin,sector 67,4.5,14267.0,4,4,3+,15.0,Relatively New,A67866916,2854.0,0,0,0,1,0,2,158,"28.3859° N, 77.0608° E",28.3859,77.0608
2078,flat,bptp terra,sector 37d,1.72,9497.0,3,3,3,9.0,Relatively New,Y69197764,1373.0,1,0,0,0,0,2,24,"28.4478° N, 76.9703° E",28.4478,76.9703
2079,house,ansal heights,sector 92,2.75,9793.0,4,4,3+,3.0,Relatively New,A57226658,5000.0,1,1,0,0,0,0,0,"28.4079° N, 76.9153° E",28.4079,76.9153
2080,flat,corona optus,sector 37c,1.4,7035.0,3,3,3+,4.0,Relatively New,O69464448,1890.0,0,0,0,1,0,0,149,"28.4515° N, 76.9882° E",28.4515,76.9882
2081,flat,suncity vatsal valley,gwal pahari,1.0,13340.0,2,2,2,3.0,New Property,X69881374,833.0,0,0,0,0,0,2,13,"28.4484° N, 77.0210° E",28.4484,77.021
2082,flat,vatika gurgaon,sector 83,1.19,7437.0,3,3,2,10.0,Relatively New,O69428382,1778.0,0,0,0,1,0,2,35,"28.3986° N, 76.9647° E",28.3986,76.9647
2083,flat,sare homes,sector 92,0.5,4237.0,3,3,2,1.0,Relatively New,Y69744558,1068.0,0,0,0,0,0,0,26,"28.4079° N, 76.9153° E",28.4079,76.9153
2084,flat,mapsko mount ville,sector 79,1.2,8053.0,3,3,3+,24.0,Relatively New,D70021798,1154.0,0,0,0,0,0,2,135,"28.3624° N, 76.9787° E",28.3624,76.9787
2085,flat,maruti vihar colony,sector 28,0.95,8886.0,2,1,1,1.0,Old Property,C68339188,1188.0,0,0,0,0,0,0,59,"28.4728° N, 77.0865° E",28.4728,77.0865
2086,flat,vatika gurgaon,sector 83,0.75,6024.0,2,2,2,19.0,Relatively New,Z68690432,1150.0,0,0,0,0,1,2,105,"28.3986° N, 76.9647° E",28.3986,76.9647
2087,flat,ireo uptown,sector 66,4.85,12999.0,4,4,3+,15.0,Relatively New,M70162658,3500.0,1,1,1,1,0,2,156,"28.3925° N, 77.0541° E",28.3925,77.0541
2088,flat,dlf the ultima,sector 81,2.45,11491.0,3,3,2,9.0,Relatively New,D69512748,1800.0,0,0,0,1,0,2,174,"28.3867° N, 76.9485° E",28.3867,76.9485
2089,house,independent,sector 57,8.0,29630.0,5,4,3,2.0,Relatively New,F70269238,2700.0,1,1,0,1,0,0,21,"28.4232° N, 77.0752° E",28.4232,77.0752
2090,flat,dlf the ultima,sector 81,2.21,10365.0,3,3,3+,3.0,Relatively New,T69183570,1881.0,0,0,0,1,0,1,149,"28.3867° N, 76.9485° E",28.3867,76.9485
2091,flat,smart world gems,sector 89,1.2,8432.0,3,3,2,3.0,New Property,Q69481026,1423.0,1,0,0,0,1,0,37,"28.4253° N, 76.9439° E",28.4253,76.9439
2092,flat,orris aster court premier,sector 85,1.5,5859.0,4,5,3+,6.0,New Property,P69543590,2017.0,0,0,0,1,0,2,28,"28.4042° N, 76.9513° E",28.4042,76.9513
2093,flat,ss the leaf,sector 85,2.2,5641.0,4,6,3,10.0,Relatively New,M67564758,3920.0,0,0,0,1,0,0,174,"28.4042° N, 76.9513° E",28.4042,76.9513
2094,flat,dlf new town heights,sector 91,1.65,6345.0,4,4,3+,11.0,Moderately Old,T61877736,2139.0,0,0,0,1,0,0,72,"28.4014° N, 76.9225° E",28.4014,76.9225
2095,house,independent,sector 4,0.47,10601.0,2,2,1,2.0,New Property,Y67947294,50.0,1,0,0,0,0,2,73,"28.4738° N, 77.0107° E",28.4738,77.0107
2096,flat,citizen apartment,sector 51,3.55,6826.0,5,6,3+,11.0,Moderately Old,L63486746,5200.0,1,1,1,1,0,2,157,"28.4320° N, 77.0686° E",28.432,77.0686
2097,house,independent,sector 2,5.7,22634.0,9,9,3+,3.0,Moderately Old,U69098430,2430.0,0,1,0,0,0,2,0,"28.5095° N, 77.0320° E",28.5095,77.032
2098,flat,godrej,sector 79,1.93,8532.0,3,4,3+,5.0,Relatively New,G69484496,2047.0,0,0,0,1,0,0,158,"28.3624° N, 76.9787° E",28.3624,76.9787
2099,flat,emaar mgf the palm drive,sector 66,2.99,14950.0,3,3,3,7.0,Relatively New,A70150868,2000.0,0,0,0,1,0,2,49,"28.3925° N, 77.0541° E",28.3925,77.0541
2100,house,international city by sobha phase 1,sector 109,5.9,24280.0,4,5,2,2.0,Relatively New,K69122484,2430.0,0,0,0,1,0,2,111,"28.5073° N, 77.0089° E",28.5073,77.0089
2101,flat,tarc maceo,sector 91,1.4,7407.0,3,3,3+,7.0,Relatively New,Z64921228,1700.0,0,0,0,0,0,0,76,"28.4014° N, 76.9225° E",28.4014,76.9225
2102,flat,la vida by tata housing,sector 113,2.85,12855.0,3,3,3+,10.0,New Property,N68807188,2006.0,0,0,0,1,0,0,72,"28.5287° N, 77.0233° E",28.5287,77.0233
2103,flat,m3m merlin,sector 67,3.39,14376.0,3,4,3,14.0,Relatively New,S69448102,2100.0,0,0,0,1,0,2,26,"28.3859° N, 77.0608° E",28.3859,77.0608
2104,flat,signature global city,sector 37d,1.1,8800.0,3,3,3,1.0,Under Construction,J68899930,1389.0,0,0,0,0,0,0,16,"28.4478° N, 76.9703° E",28.4478,76.9703
2105,flat,tulip yellow,sector 69,1.8,10563.0,3,3,3,14.0,Under Construction,C69757652,1893.0,0,0,0,0,0,0,49,"28.3966° N, 77.0341° E",28.3966,77.0341
2106,flat,dlf regal gardens,sector 90,1.27,5499.0,3,3,3+,2.0,Relatively New,X40075997,1500.0,0,0,0,0,1,0,72,"28.4085° N, 76.9369° E",28.4085,76.9369
2107,flat,raheja vedaanta,sector 108,0.7,4666.0,2,2,1,10.0,Moderately Old,I68478324,1468.0,0,0,0,0,0,0,0,"28.5134° N, 76.9830° E",28.5134,76.983
2108,flat,umang monsoon breeze,sector 78,1.25,5000.0,4,4,3,2.0,Relatively New,S28331353,2300.0,0,1,0,1,1,0,57,"28.3733° N, 76.9729° E",28.3733,76.9729
2109,house,huda sector-56 gurgaon,sector 56,3.6,24845.0,5,5,3+,3.0,Moderately Old,H69129272,1449.0,0,0,0,0,1,0,47,"28.4245° N, 77.0991° E",28.4245,77.0991
2110,house,independent,sector 39,5.15,14072.0,5,5,0,1.0,Relatively New,I69125938,3660.0,0,0,0,0,0,0,0,"28.4434° N, 77.0515° E",28.4434,77.0515
2111,house,nul,sector 25,9.5,33404.0,9,9,3+,3.0,Old Property,L69935722,2844.0,0,0,0,0,1,0,81,"28.4844° N, 77.0860° E",28.4844,77.086
2112,flat,dlf the skycourt,sector 86,2.2,11500.0,3,3,1,7.0,Relatively New,R69778854,1747.0,0,1,0,0,0,1,77,"28.3986° N, 76.9384° E",28.3986,76.9384
2113,house,independent,sector 7,0.45,5000.0,3,2,1,2.0,Old Property,Q68455832,900.0,0,0,0,0,1,0,12,"28.4644° N, 77.0143° E",28.4644,77.0143
2114,flat,adani brahma samsara vilasa,sector 63,3.25,29545.0,3,3,3,4.0,New Property,O69756512,2700.0,0,0,0,0,1,0,41,"28.3971° N, 77.0867° E",28.3971,77.0867
2115,flat,dlf the primus,sector 82a,2.2,10516.0,3,3,3+,16.0,Relatively New,U69767906,1893.0,0,0,0,1,0,1,174,"28.3858° N, 76.9686° E",28.3858,76.9686
2116,flat,hcbs sports ville,sector 2,0.35,4375.0,2,2,2,8.0,Relatively New,K70035584,800.0,0,0,0,0,0,0,37,"28.5095° N, 77.0320° E",28.5095,77.032
2117,house,huda ashok vihar phase,sector 4,0.7,10233.0,3,2,1,2.0,New Property,R70134894,684.0,1,0,0,0,0,0,7,"28.4738° N, 77.0107° E",28.4738,77.0107
2118,house,independent,sector 11,1.8,8078.0,8,5,2,1.0,Moderately Old,Z67904448,2476.0,0,0,0,0,0,0,0,"28.4531° N, 77.0202° E",28.4531,77.0202
2119,flat,sare homes,sector 92,1.19,5219.0,4,3,3,14.0,Relatively New,G69810774,2533.0,0,0,0,1,0,0,100,"28.4079° N, 76.9153° E",28.4079,76.9153
2120,flat,bestech park view residency,sector 2,1.59,8281.0,3,4,3+,11.0,Moderately Old,Y70072452,1738.0,0,0,0,1,0,0,100,"28.5095° N, 77.0320° E",28.5095,77.032
2121,house,independent,sector 24,2.6,24074.0,4,4,3+,4.0,Relatively New,Y61487770,1080.0,1,1,1,0,0,1,0,"28.4939° N, 77.1038° E",28.4939,77.1038
2122,house,independent,sector 26,12.5,38580.0,5,5,3+,2.0,Old Property,L68499996,3240.0,1,1,1,1,0,2,79,"28.4757° N, 77.1032° E",28.4757,77.1032
2123,flat,smart world gems,sector 89,1.2,12526.0,3,3,3,3.0,Under Construction,L68503958,1064.0,0,1,1,0,0,0,131,"28.4253° N, 76.9439° E",28.4253,76.9439
2124,house,independent,sector 7,1.2,11194.0,2,4,2,3.0,Old Property,A67904096,1072.0,0,0,0,0,0,0,0,"28.4644° N, 77.0143° E",28.4644,77.0143
2125,flat,emaar the palm drive,sector 66,3.9,18636.0,3,4,3,2.0,Relatively New,Y68846782,2200.0,0,0,0,0,0,0,0,"28.3925° N, 77.0541° E",28.3925,77.0541
2126,flat,dlf new town heights,sector 86,1.25,6476.0,3,4,3+,2.0,Relatively New,L43236671,1747.0,0,1,0,1,0,0,65,"28.3986° N, 76.9384° E",28.3986,76.9384
2127,flat,vatika the seven lamps,sector 82,1.39,6412.0,3,3,3+,11.0,Relatively New,P69523768,1955.0,1,0,0,1,0,2,117,"28.3935° N, 76.9600° E",28.3935,76.96
2128,flat,guru gram haryana cghs,sector 56,1.39,8424.0,3,2,3,6.0,Old Property,G69430838,1750.0,0,1,0,1,0,2,89,"28.4245° N, 77.0991° E",28.4245,77.0991
2129,house,independent,sector 50,10.56,32593.0,5,5,3,3.0,Moderately Old,J69645548,3240.0,0,0,0,1,0,0,20,"28.4178° N, 77.0628° E",28.4178,77.0628
2130,flat,godrej nature plus,sector 33,1.2,12000.0,2,2,3+,3.0,Under Construction,D67948974,1111.0,0,0,0,0,0,0,105,"28.4420° N, 77.0207° E",28.442,77.0207
2131,flat,tulip violet,sector 69,1.3,8283.0,3,3,1,12.0,Relatively New,J69429668,1419.0,0,1,0,0,0,0,86,"28.3966° N, 77.0341° E",28.3966,77.0341
2132,flat,sare crescent parc royal greens phase 1,sector 92,1.0,3713.0,4,4,3,15.0,New Property,M50541110,1828.0,0,0,0,0,0,0,31,"28.4079° N, 76.9153° E",28.4079,76.9153
2133,flat,tulip violet,sector 69,1.75,9459.0,3,4,2,0.0,Relatively New,A69646676,2056.0,0,0,0,0,0,2,174,"28.3966° N, 77.0341° E",28.3966,77.0341
2134,flat,rof ananda,sector 95,0.32,5736.0,2,2,1,10.0,Relatively New,W69978828,610.0,0,1,0,0,0,2,50,"28.4172° N, 76.9081° E",28.4172,76.9081
2135,flat,central park flower valley aqua front towers,sector 33,2.0,11179.0,3,3,3+,8.0,New Property,Q58093696,1619.0,0,0,0,0,0,0,23,"28.4420° N, 77.0207° E",28.442,77.0207
2136,flat,m3m the marina,sector 68,2.22,14322.0,3,2,3,4.0,Relatively New,T69492986,1403.0,0,0,0,0,0,0,44,"28.3853° N, 77.0484° E",28.3853,77.0484
2137,flat,gls avenue 51,sector 92,0.42,6562.0,3,3,1,2.0,Relatively New,R70169162,711.0,0,0,0,0,0,0,20,"28.4079° N, 76.9153° E",28.4079,76.9153
2138,flat,shree vardhman flora,sector 90,0.7,5384.0,2,2,3,13.0,New Property,K68824240,1176.0,1,0,0,0,0,0,15,"28.4085° N, 76.9369° E",28.4085,76.9369
2139,flat,smartworld one dxp,sector 113,2.0,11074.0,3,3,3,12.0,New Property,G70031532,1806.0,0,0,0,0,0,0,70,"28.5287° N, 77.0233° E",28.5287,77.0233
2140,house,independent,sector 25,10.0,37037.0,5,6,3,3.0,Old Property,T70164790,2700.0,0,0,1,1,0,2,64,"28.4844° N, 77.0860° E",28.4844,77.086
2141,flat,conscient habitat,sector 99a,0.27,5599.0,2,2,1,8.0,Relatively New,Q69706920,538.0,0,0,0,0,1,0,49,"28.4561° N, 76.9542° E",28.4561,76.9542
2142,flat,sare homes,sector 92,1.1,5347.0,4,4,3,4.0,Relatively New,V69811272,2286.0,0,0,0,1,0,0,108,"28.4079° N, 76.9153° E",28.4079,76.9153
2143,flat,tata primanti,sector 72,4.25,13076.0,4,4,3+,0.0,Relatively New,Q69318144,2941.0,0,0,0,1,0,2,174,"28.4225° N, 77.0211° E",28.4225,77.0211
2144,house,independent,sector 105,1.3,11556.0,3,3,1,1.0,Moderately Old,E68592468,1125.0,0,0,0,0,0,0,0,"28.4952° N, 77.0114° E",28.4952,77.0114
2145,flat,signature global park 4,sector 36,0.85,11333.0,3,2,3,1.0,New Property,E69678674,833.0,0,0,0,0,0,0,33,"28.4160° N, 76.9914° E",28.416,76.9914
2146,flat,m3m golfestate,sector 65,5.0,16666.0,3,3,3,2.0,Relatively New,O69258752,3245.0,0,0,0,1,0,2,174,"28.4030° N, 77.0690° E",28.403,77.069
2147,flat,emaar digihomes,sector 62,2.15,14257.0,2,2,3,31.0,Under Construction,B68616192,1676.0,0,0,0,0,0,0,101,"28.4139° N, 77.0886° E",28.4139,77.0886
2148,flat,signature the roselia,sector 95,0.45,7908.0,2,2,2,2.0,New Property,L66086946,632.0,0,0,0,0,0,2,31,"28.4172° N, 76.9081° E",28.4172,76.9081
2149,flat,ats triumph,sector 104,2.52,8000.0,4,4,3+,19.0,Relatively New,O66305694,2800.0,0,0,1,1,0,2,156,"28.4788° N, 76.9960° E",28.4788,76.996
2150,flat,emaar mgf emerald floors premier,sector 65,2.79,14126.0,4,4,3+,2.0,Relatively New,H69099026,2194.0,1,0,0,1,0,1,174,"28.4030° N, 77.0690° E",28.403,77.069
2151,flat,smartworld 1dxp,sector 113,2.75,10589.0,4,4,3+,20.0,Under Construction,W68576550,2886.0,1,1,0,1,0,1,57,"28.5287° N, 77.0233° E",28.5287,77.0233
2152,house,independent,sector 4,3.3,14667.0,3,3,2,1.0,Old Property,S70287950,2250.0,0,0,0,0,0,0,34,"28.4738° N, 77.0107° E",28.4738,77.0107
2153,flat,shree vardhman flora,sector 90,0.65,6789.0,2,2,3,9.0,Relatively New,R67799858,1050.0,1,0,0,0,0,0,67,"28.4085° N, 76.9369° E",28.4085,76.9369
2154,flat,chd avenue,sector 71,0.79,6594.0,2,2,2,8.0,Relatively New,X49323767,1084.0,0,0,0,0,1,0,0,"28.4104° N, 77.0281° E",28.4104,77.0281
2155,flat,apex our homes,sector 37c,0.38,4108.0,2,2,1,9.0,Relatively New,P70125476,925.0,0,0,0,0,0,0,65,"28.4515° N, 76.9882° E",28.4515,76.9882
2156,flat,signature global orchard avenue,sector 93,0.38,6387.0,2,2,2,7.0,Relatively New,Z65692386,661.0,0,0,0,0,0,0,16,"28.4153° N, 76.9326° E",28.4153,76.9326
2157,flat,global hill view,sector 11,0.36,5150.0,2,2,0,15.0,Relatively New,Q69513906,699.0,0,0,0,0,0,0,0,"28.4531° N, 77.0202° E",28.4531,77.0202
2158,flat,emaar mgf emerald floors premier,sector 65,2.25,13636.0,3,3,3,3.0,Relatively New,O69343358,1600.0,1,0,0,1,0,2,49,"28.4030° N, 77.0690° E",28.403,77.069
2159,flat,vatika gurgaon,sector 83,1.12,6455.0,3,3,2,17.0,Moderately Old,G65294570,1500.0,0,0,0,0,0,2,111,"28.3986° N, 76.9647° E",28.3986,76.9647
2160,flat,ramprastha skyz,sector 37d,1.2,6000.0,3,2,1,9.0,Under Construction,F48991065,1900.0,0,0,0,1,1,0,53,"28.4478° N, 76.9703° E",28.4478,76.9703
2161,flat,paras dews,sector 106,1.14,6000.0,3,4,3,8.0,Relatively New,T70064750,1305.0,1,0,0,1,0,0,49,"28.5007° N, 77.0003° E",28.5007,77.0003
2162,house,independent,sector 25,9.9,29333.0,5,5,2,2.0,Moderately Old,Y68361814,3375.0,0,1,0,0,0,2,106,"28.4844° N, 77.0860° E",28.4844,77.086
2163,house,international city by sobha phase 2,sector 109,5.65,10463.0,4,4,3+,2.0,New Property,B68531796,5400.0,0,0,0,1,1,2,44,"28.5073° N, 77.0089° E",28.5073,77.0089
2164,house,independent,sector 4,0.65,11111.0,4,2,2,2.0,Moderately Old,R65283270,585.0,0,0,0,0,0,0,0,"28.4738° N, 77.0107° E",28.4738,77.0107
2165,flat,green court,sector 90,0.45,7188.0,2,2,1,2.0,New Property,M68470638,696.0,0,0,0,0,0,2,42,"28.4085° N, 76.9369° E",28.4085,76.9369
2166,flat,bestech park view city,sector 48,2.65,10323.0,4,4,3+,11.0,Moderately Old,Z69696264,2134.0,1,0,0,1,0,2,174,"28.4177° N, 77.0359° E",28.4177,77.0359
2167,house,international city by sobha phase 2,sector 109,8.48,23556.0,4,6,3+,3.0,New Property,J70153062,3600.0,1,1,1,1,0,0,153,"28.5073° N, 77.0089° E",28.5073,77.0089
2168,house,independent,sector 105,0.38,8444.0,2,2,2,1.0,Moderately Old,H68066338,56.0,0,0,0,0,0,0,0,"28.4952° N, 77.0114° E",28.4952,77.0114
2169,flat,dlf new town heights,sector 90,1.95,7150.0,4,4,3+,24.0,Relatively New,T69867310,2456.0,0,0,1,1,0,0,174,"28.4085° N, 76.9369° E",28.4085,76.9369
2170,flat,ats kocoon,sector 109,1.65,10645.0,3,3,3,19.0,Relatively New,R69141828,1650.0,0,0,1,0,0,2,159,"28.5073° N, 77.0089° E",28.5073,77.0089
2171,house,unitech uniworld resorts,sector 33,9.5,19333.0,6,6,3+,3.0,Moderately Old,Z70123946,4914.0,0,0,0,0,0,2,40,"28.4420° N, 77.0207° E",28.442,77.0207
2172,flat,vatika lifestyle homes,sector 83,1.25,6839.0,3,2,1,6.0,Relatively New,B69846404,1654.0,1,1,1,1,0,1,174,"28.3986° N, 76.9647° E",28.3986,76.9647
2173,house,independent,sector 4,0.55,4074.0,3,3,2,2.0,Relatively New,L69937380,1350.0,0,0,0,0,1,0,7,"28.4738° N, 77.0107° E",28.4738,77.0107
2174,flat,bptp terra,sector 37d,1.8,8215.0,4,3,3,12.0,Relatively New,H66081186,1983.0,1,0,0,0,0,2,144,"28.4478° N, 76.9703° E",28.4478,76.9703
2175,flat,godrej oasis,sector 88a,1.45,8082.0,3,3,3,12.0,Relatively New,I69233150,1993.0,0,0,0,0,0,0,49,"28.4347° N, 76.9557° E",28.4347,76.9557
2176,flat,sobha city,sector 108,2.33,14463.0,3,3,3,17.0,Relatively New,U69326196,1711.0,0,0,1,0,0,2,159,"28.5134° N, 76.9830° E",28.5134,76.983
2177,flat,sidhartha ncr one,sector 95,0.56,4106.0,2,2,2,10.0,New Property,M64213920,1364.0,0,0,0,0,0,0,0,"28.4172° N, 76.9081° E",28.4172,76.9081
2178,flat,bestech park view residency,sector 2,1.55,8072.0,3,4,3+,10.0,Moderately Old,J70072386,1738.0,0,0,0,1,0,0,100,"28.5095° N, 77.0320° E",28.5095,77.032
2179,flat,ss the leaf,sector 85,1.2,12371.0,2,2,2,4.0,Relatively New,L69748098,1190.0,0,0,1,1,0,0,81,"28.4042° N, 76.9513° E",28.4042,76.9513
2180,flat,godrej oasis,sector 88a,1.45,8367.0,2,2,3+,9.0,Relatively New,I63299060,133.0,1,0,0,0,0,1,85,"28.4347° N, 76.9557° E",28.4347,76.9557
2181,flat,signature the roselia,sector 95,0.41,7293.0,2,2,2,12.0,New Property,J70037020,670.0,0,0,0,0,0,2,93,"28.4172° N, 76.9081° E",28.4172,76.9081
2182,flat,ild grand,sector 37c,0.66,5038.0,2,2,3+,14.0,Relatively New,Y68069556,1310.0,0,0,0,0,0,0,60,"28.4515° N, 76.9882° E",28.4515,76.9882
2183,flat,smart world gems,sector 89,0.88,7963.0,2,2,3,2.0,New Property,W68438620,1228.0,1,0,0,0,0,0,44,"28.4253° N, 76.9439° E",28.4253,76.9439
2184,flat,paras quartier,gwal pahari,5.9,11028.0,4,4,3+,0.0,Moderately Old,J69511694,5350.0,0,0,0,0,0,0,63,"28.4484° N, 77.0210° E",28.4484,77.021
2185,flat,godrej oasis,sector 88a,1.0,6896.0,2,2,3,7.0,Relatively New,U66115782,1611.0,1,0,0,0,0,0,72,"28.4347° N, 76.9557° E",28.4347,76.9557
2186,flat,tulip violet,sector 69,1.8,8955.0,4,4,2,9.0,Relatively New,G69975672,1819.0,0,1,0,0,0,2,165,"28.3966° N, 77.0341° E",28.3966,77.0341
2187,flat,antriksh heights,sector 84,0.79,4579.0,3,3,3+,8.0,New Property,Z67825922,1561.0,0,0,0,0,0,0,24,"28.3979° N, 76.9736° E",28.3979,76.9736
2188,flat,umang monsoon breeze,sector 78,1.05,5666.0,3,3,3,6.0,Moderately Old,D67904324,1853.0,0,0,0,0,0,0,0,"28.3733° N, 76.9729° E",28.3733,76.9729
2189,flat,ireo victory valley,sector 67,3.15,12846.0,3,4,3+,15.0,Relatively New,I68178284,2219.0,0,1,0,1,0,2,149,"28.3859° N, 77.0608° E",28.3859,77.0608
2190,flat,tulip violet,sector 69,1.55,9822.0,3,3,2,0.0,Relatively New,O69570742,1428.0,0,1,0,0,0,2,129,"28.3966° N, 77.0341° E",28.3966,77.0341
2191,house,aindependentt raj estates,sector 63a,8.5,27139.0,6,6,3+,3.0,Under Construction,L60330100,3132.0,0,1,1,0,0,0,29,"28.3923° N, 77.0888° E",28.3923,77.0888
2192,flat,pivotal devaan apartments,sector 84,0.39,6500.0,2,2,0,5.0,Relatively New,M69839388,549.0,0,0,0,0,0,0,0,"28.3979° N, 76.9736° E",28.3979,76.9736
2193,flat,vipul belmonte,sector 53,6.0,24490.0,3,4,3+,6.0,Moderately Old,X69526946,2217.0,0,0,0,1,1,2,26,"28.4433° N, 77.0948° E",28.4433,77.0948
2194,flat,apartment,sector 92,0.75,4687.0,3,4,3,2.0,Moderately Old,S69087390,1778.0,1,0,0,0,0,0,113,"28.4079° N, 76.9153° E",28.4079,76.9153
2195,flat,ansal heights 86,sector 86,1.25,7396.0,3,2,1,11.0,New Property,C68557164,1529.0,0,0,0,0,0,0,45,"28.3986° N, 76.9384° E",28.3986,76.9384
2196,flat,deepak minda,manesar,1.25,4716.0,3,3,3+,6.0,Moderately Old,P63886926,2944.0,0,0,0,1,0,0,44,"28.3515° N, 76.9428° E",28.3515,76.9428
2197,flat,dlf regal gardens,sector 90,1.21,6926.0,3,3,3+,29.0,Relatively New,O41345031,1581.0,0,0,0,0,1,0,95,"28.4085° N, 76.9369° E",28.4085,76.9369
2198,house,vipul tatvam villa,sector 48,8.2,25309.0,3,3,2,2.0,Moderately Old,H69998944,3240.0,1,1,0,1,0,1,160,"28.4177° N, 77.0359° E",28.4177,77.0359
2199,flat,m3m woodshire,sector 107,0.8,5856.0,2,2,3+,6.0,Relatively New,F69544930,1204.0,0,1,0,0,0,2,174,"28.5052° N, 76.9729° E",28.5052,76.9729
2200,house,independent,sector 51,2.25,2778.0,6,3,3+,3.0,Relatively New,L69209886,900.0,0,0,0,0,0,0,54,"28.4320° N, 77.0686° E",28.432,77.0686
2201,flat,ireo the grand arch,sector 58,3.83,21577.0,3,4,2,10.0,Relatively New,R69355184,2000.0,1,0,0,1,0,2,174,"28.4200° N, 77.1105° E",28.42,77.1105
2202,flat,emaar mgf emerald estate,sector 65,1.3,20602.0,2,2,2,7.0,Relatively New,L69598068,812.0,1,0,0,0,0,0,78,"28.4030° N, 77.0690° E",28.403,77.069
2203,flat,la vida by tata housing,sector 113,2.4,10825.0,3,4,3+,5.0,Relatively New,U69781434,1940.0,0,0,0,1,0,0,49,"28.5287° N, 77.0233° E",28.5287,77.0233
2204,flat,sare petioles,sector 92,1.22,5250.0,4,3,3,9.0,Under Construction,B12964797,2093.0,0,0,0,1,0,0,99,"28.4079° N, 76.9153° E",28.4079,76.9153
2205,flat,m3m woodshire,sector 107,0.9,5867.0,2,2,3,8.0,Relatively New,C57468912,1281.0,1,0,0,0,0,2,74,"28.5052° N, 76.9729° E",28.5052,76.9729
2206,flat,valley view estate,gwal pahari,1.5,8278.0,4,4,3+,9.0,Old Property,F69492454,2013.0,1,0,0,1,1,0,135,"28.4484° N, 77.0210° E",28.4484,77.021
2207,flat,central park flower valley,sector 33,1.55,11923.0,3,3,3+,7.0,New Property,Q69600700,1444.0,0,0,0,0,0,2,28,"28.4420° N, 77.0207° E",28.442,77.0207
2208,flat,dlf the ultima,sector 81,3.46,12047.0,4,4,3+,10.0,New Property,S69786590,2599.0,0,0,0,1,0,1,161,"28.3867° N, 76.9485° E",28.3867,76.9485
2209,flat,antriksh heights,sector 84,0.9,4444.0,3,3,3,18.0,Relatively New,F69973180,1833.0,0,1,0,1,0,0,59,"28.3979° N, 76.9736° E",28.3979,76.9736
2210,flat,bptp terra,sector 37d,1.5,8255.0,3,3,3,12.0,Relatively New,G70022990,1686.0,0,0,0,0,1,0,49,"28.4478° N, 76.9703° E",28.4478,76.9703
2211,flat,signature global synera,sector 81,0.5,6802.0,2,2,3,6.0,Relatively New,O69389840,700.0,0,0,0,0,0,0,117,"28.3867° N, 76.9485° E",28.3867,76.9485
2212,flat,experion windchants,sector 112,3.75,13383.0,3,5,3+,22.0,Relatively New,T70109814,2536.0,0,0,0,1,0,2,49,"28.5189° N, 77.0183° E",28.5189,77.0183
2213,house,dlf city plots,sector 26,16.0,37780.0,4,4,3,1.0,Relatively New,E69623360,4235.0,1,1,1,0,0,0,7,"28.4757° N, 77.1032° E",28.4757,77.1032
2214,flat,ambience creacions,sector 22,2.79,15000.0,3,3,3,13.0,New Property,Y61449034,1860.0,0,0,0,0,0,1,158,"28.5072° N, 77.0640° E",28.5072,77.064
2215,flat,unitech uniworld gardens,sector 47,2.15,10306.0,3,4,3+,10.0,Moderately Old,P69470654,1950.0,0,0,0,1,0,0,49,"28.4276° N, 77.0492° E",28.4276,77.0492
2216,flat,suposhaa smartworld orchard,sector 61,2.25,14525.0,3,3,2,3.0,Under Construction,P69302034,1721.0,0,0,0,0,0,0,0,"28.4050° N, 77.0963° E",28.405,77.0963
2217,flat,tulip violet,sector 69,1.85,9203.0,4,4,2,14.0,Relatively New,Y69407976,1819.0,0,0,0,0,0,2,157,"28.3966° N, 77.0341° E",28.3966,77.0341
2218,flat,signature global infinity mall,sector 36,0.41,6269.0,2,2,3,3.0,New Property,S68847140,654.0,0,0,0,0,0,0,0,"28.4160° N, 76.9914° E",28.416,76.9914
2219,flat,godrej habitat,sector 3,1.1,10410.0,2,2,2,14.0,Under Construction,X61744324,956.0,0,0,0,0,0,0,60,"28.4909° N, 77.0176° E",28.4909,77.0176
2220,flat,emaar gurgaon greens,sector 102,1.45,8787.0,3,3,3,8.0,Relatively New,J69848742,1300.0,0,0,0,1,0,0,49,"28.4750° N, 76.9715° E",28.475,76.9715
2221,flat,smart world orchard,sector 61,1.6,13913.0,2,2,2,4.0,Under Construction,Q66609632,1278.0,0,0,0,0,0,0,16,"28.4050° N, 77.0963° E",28.405,77.0963
2222,house,independent,sector 49,4.5,15625.0,8,8,3,3.0,Moderately Old,A68250960,2880.0,1,1,1,1,0,1,151,"28.4121° N, 77.0480° E",28.4121,77.048
2223,flat,vatika inxt floors,sector 82a,0.75,7500.0,2,2,2,1.0,Relatively New,I68426572,1000.0,0,0,0,0,0,0,0,"28.3858° N, 76.9686° E",28.3858,76.9686
2224,flat,essel towers,sector 14,2.2,12500.0,3,4,3+,3.0,Old Property,B68924952,1956.0,0,0,0,0,0,0,0,"28.4711° N, 77.0454° E",28.4711,77.0454
2225,flat,la vida by tata housing,sector 113,2.7,16363.0,3,4,3+,4.0,Relatively New,B69810550,2217.0,0,0,0,1,0,2,49,"28.5287° N, 77.0233° E",28.5287,77.0233
2226,house,bhawani enclave,sector 12,0.42,8235.0,3,3,0,2.0,New Property,M69796502,567.0,0,1,0,0,0,0,0,"28.4723° N, 77.0320° E",28.4723,77.032
2227,flat,m3m urbana,sector 67,1.0,12106.0,1,1,1,17.0,Relatively New,E66326536,826.0,0,0,0,0,0,0,49,"28.3859° N, 77.0608° E",28.3859,77.0608
2228,flat,central park resort belgravia residences,sector 48,6.25,24300.0,3,5,3+,5.0,Moderately Old,E68802270,3200.0,0,0,0,1,0,2,49,"28.4177° N, 77.0359° E",28.4177,77.0359
2229,flat,uphaar residency 2,sector 105,0.42,5600.0,3,2,1,0.0,Moderately Old,V66177344,833.0,0,0,0,0,1,0,7,"28.4952° N, 77.0114° E",28.4952,77.0114
2230,flat,ss the leaf,sector 85,1.04,5973.0,2,3,3+,4.0,Relatively New,O66846568,1576.0,0,0,1,0,0,0,113,"28.4042° N, 76.9513° E",28.4042,76.9513
2231,flat,krrish provence estate,gwal pahari,5.5,9482.0,4,5,3+,11.0,New Property,S69942394,5249.0,1,1,0,1,0,0,151,"28.4484° N, 77.0210° E",28.4484,77.021
2232,house,independent,sector 12,3.5,14787.0,8,8,3+,3.0,Relatively New,A65227308,4800.0,1,1,0,1,0,1,77,"28.4723° N, 77.0320° E",28.4723,77.032
2233,flat,signature global solera,sector 107,0.35,6489.0,2,2,2,8.0,Relatively New,J69217284,608.0,0,0,0,0,0,0,45,"28.5052° N, 76.9729° E",28.5052,76.9729
2234,house,independent,sector 8,0.82,10224.0,2,4,0,2.0,Moderately Old,Y68833322,891.0,0,0,0,0,0,0,0,"28.3738° N, 76.8970° E",28.3738,76.897
2235,house,independent,sector 46,2.2,24202.0,3,3,2,3.0,Old Property,W69471658,909.0,0,0,1,0,0,2,56,"28.4374° N, 77.0586° E",28.4374,77.0586
2236,house,independent,sector 31,3.69,23699.0,4,4,2,2.0,Moderately Old,B69208946,1557.0,1,1,0,1,0,2,75,"28.4528° N, 77.0498° E",28.4528,77.0498
2237,flat,elevate,sector 50,6.75,19882.0,4,4,0,10.0,Moderately Old,H69856042,3395.0,0,0,0,0,0,0,0,"28.4178° N, 77.0628° E",28.4178,77.0628
2238,flat,raheja navodaya,sector 92,0.85,4271.0,3,3,3,2.0,Relatively New,X68141470,1801.0,0,0,0,0,0,0,100,"28.4079° N, 76.9153° E",28.4079,76.9153
2239,house,vatika india next,sector 82,7.0,21605.0,4,4,3+,3.0,Relatively New,O69921822,3900.0,0,0,0,1,0,1,105,"28.3935° N, 76.9600° E",28.3935,76.96
2240,flat,ats tourmaline,sector 109,1.4,8000.0,3,3,3+,8.0,Relatively New,R65958512,1466.0,0,0,1,0,0,0,119,"28.5073° N, 77.0089° E",28.5073,77.0089
2241,flat,antriksh heights,sector 84,0.69,5111.0,2,2,3+,8.0,Relatively New,L69973338,1222.0,1,0,0,0,0,0,59,"28.3979° N, 76.9736° E",28.3979,76.9736
2242,flat,bestech park view residency,sector 2,0.55,8461.0,1,1,2,7.0,Moderately Old,Z44931141,588.0,0,0,0,0,0,0,31,"28.5095° N, 77.0320° E",28.5095,77.032
2243,house,experion windchants,sector 112,9.5,23457.0,5,5,3,2.0,Relatively New,L67975250,7450.0,0,0,0,1,0,0,45,"28.5189° N, 77.0183° E",28.5189,77.0183
2244,flat,surya vihar rwa,sector 21,1.3,6500.0,5,5,2,2.0,Old Property,V56621680,2400.0,1,0,1,1,0,2,42,"28.5134° N, 77.0723° E",28.5134,77.0723
2245,house,independent,sector 7,1.75,11111.0,4,2,2,2.0,Old Property,O69082386,1575.0,0,0,0,0,1,0,31,"28.4644° N, 77.0143° E",28.4644,77.0143
2246,flat,emaar gurgaon greens,sector 102,1.45,14179.0,3,3,3,10.0,Relatively New,D69431806,1315.0,0,0,0,1,0,0,165,"28.4750° N, 76.9715° E",28.475,76.9715
2247,flat,shapoorji pallonji joyville gurugram,sector 102,1.6,11700.0,2,2,3,14.0,Moderately Old,K69091354,1368.0,0,0,0,0,0,0,0,"28.4750° N, 76.9715° E",28.475,76.9715
2248,flat,ambience creacions,sector 22,4.78,15469.0,3,4,3,7.0,Relatively New,U68608612,2500.0,0,0,0,1,1,1,111,"28.5072° N, 77.0640° E",28.5072,77.064
2249,flat,puri diplomatic greens,sector 111,2.25,13235.0,3,3,2,12.0,Relatively New,R69578844,1538.0,0,0,0,0,0,0,101,"28.5238° N, 77.0320° E",28.5238,77.032
2250,flat,dlf new town heights,sector 91,1.8,7679.0,4,4,3+,6.0,Moderately Old,A70082770,2604.0,0,1,0,1,0,0,81,"28.4014° N, 76.9225° E",28.4014,76.9225
2251,house,independent,sector 39,1.8,21875.0,1,1,2,3.0,Relatively New,S67904518,800.0,0,0,0,0,0,0,0,"28.4434° N, 77.0515° E",28.4434,77.0515
2252,flat,dlf the arbour,sector 63,7.8,19747.0,4,4,0,6.0,New Property,Q69739946,3950.0,0,0,0,0,0,0,61,"28.3971° N, 77.0867° E",28.3971,77.0867
2253,flat,m3m soulitude,sector 89,1.3,8700.0,3,3,2,1.0,New Property,Y70142130,1179.0,0,0,0,0,1,0,45,"28.4253° N, 76.9439° E",28.4253,76.9439
2254,flat,pgr shree kripaluji apartment,sector 52,1.4,6086.0,3,3,3+,8.0,Relatively New,M69732980,2556.0,0,0,0,0,0,2,80,"28.4379° N, 77.0785° E",28.4379,77.0785
2255,flat,m3m woodshire,sector 107,1.8,7623.0,3,4,3+,2.0,Relatively New,M69453782,1837.0,0,0,0,1,0,0,129,"28.5052° N, 76.9729° E",28.5052,76.9729
2256,flat,alpha corp gurgaonone,sector 84,1.5,7641.0,3,3,3,20.0,Relatively New,Q70006900,1833.0,0,0,0,1,0,2,37,"28.3979° N, 76.9736° E",28.3979,76.9736
2257,flat,vatika gurgaon,sector 83,1.4,6628.0,3,3,2,7.0,Relatively New,R27159915,1570.0,0,0,0,0,0,2,74,"28.3986° N, 76.9647° E",28.3986,76.9647
2258,flat,today callidora,sector 73,1.0,7692.0,2,2,2,13.0,New Property,F70004456,1444.0,0,0,0,0,0,0,0,"28.4072° N, 77.0118° E",28.4072,77.0118
2259,flat,shapoorji pallonji joyville gurugram,sector 102,0.95,10383.0,2,2,2,14.0,Relatively New,P69078414,915.0,0,0,0,0,0,0,0,"28.4750° N, 76.9715° E",28.475,76.9715
2260,flat,orris carnation residency,sector 85,0.9,4531.0,4,4,3,8.0,Moderately Old,L69103748,1575.0,0,0,0,0,0,2,40,"28.4042° N, 76.9513° E",28.4042,76.9513
2261,flat,signature global superbia,sector 95,0.4,6728.0,2,2,3,2.0,Under Construction,S69880812,661.0,0,0,0,0,0,0,0,"28.4172° N, 76.9081° E",28.4172,76.9081
2262,house,ansals palam vihar,sector 2,2.68,17213.0,4,3,2,3.0,Moderately Old,B68172110,1557.0,0,0,1,0,0,2,74,"28.5095° N, 77.0320° E",28.5095,77.032
2263,flat,ansal housing highland park,sector 103,0.8,5878.0,2,2,3,3.0,New Property,Y68584460,1089.0,0,1,0,0,0,0,174,"28.4949° N, 76.9845° E",28.4949,76.9845
2264,flat,pyramid urban homes 2,sector 86,0.5,9698.0,2,2,2,6.0,Old Property,J69380510,573.0,0,0,0,0,0,0,15,"28.3986° N, 76.9384° E",28.3986,76.9384
2265,flat,rwa,sector 7,0.48,6000.0,3,2,1,1.0,New Property,R70015770,889.0,0,0,0,0,0,0,21,"28.4644° N, 77.0143° E",28.4644,77.0143
2266,flat,pioneer park,sector 61,2.0,11764.0,3,3,3,24.0,Moderately Old,H68382146,1538.0,0,0,0,0,0,2,75,"28.4050° N, 77.0963° E",28.405,77.0963
2267,house,independent,sector 24,3.25,30374.0,4,4,3,3.0,Old Property,U55815156,1070.0,0,0,0,0,0,0,15,"28.4939° N, 77.1038° E",28.4939,77.1038
2268,flat,the nav manesar apartment,sector 1,0.85,3953.0,3,3,3+,5.0,Moderately Old,A68198542,1946.0,0,0,0,1,0,0,5,"28.3663° N, 76.9456° E",28.3663,76.9456
2269,house,spaze privy,sector 72,3.09,6981.0,5,5,3+,14.0,Relatively New,W67904058,3653.0,0,0,0,1,0,2,33,"28.4225° N, 77.0211° E",28.4225,77.0211
2270,flat,tulip violet,sector 69,1.43,8886.0,3,3,2,1.0,Relatively New,R69568362,1305.0,0,1,0,0,0,0,86,"28.3966° N, 77.0341° E",28.3966,77.0341
2271,flat,pareena laxmi apartments,sector 99a,0.32,5786.0,2,2,2,11.0,New Property,Z66464876,502.0,0,0,0,0,0,0,66,"28.4561° N, 76.9542° E",28.4561,76.9542
2272,flat,signature global city 81,sector 81,0.82,8639.0,2,2,3,2.0,Relatively New,Y69777076,955.0,0,0,0,0,0,0,53,"28.3867° N, 76.9485° E",28.3867,76.9485
2273,house,independent,sector 4,0.67,8557.0,3,2,1,1.0,Moderately Old,C69834964,783.0,0,1,0,0,1,0,19,"28.4738° N, 77.0107° E",28.4738,77.0107
2274,flat,mahindra aura,sector 110,1.8,8814.0,3,3,3+,7.0,Relatively New,S69100154,1850.0,0,0,0,1,0,2,136,"28.5145° N, 77.0197° E",28.5145,77.0197
2275,house,independent,sector 7,0.69,9103.0,1,1,1,2.0,Old Property,F67903768,758.0,0,0,0,0,0,0,0,"28.4644° N, 77.0143° E",28.4644,77.0143
2276,flat,milan cghs 9,sector 39,2.0,8333.0,3,3,3+,0.0,Old Property,G69080104,2400.0,0,0,0,0,0,0,0,"28.4434° N, 77.0515° E",28.4434,77.0515
2277,house,iffco nagar and 17b rwa,sector 17,2.98,20566.0,2,6,3+,3.0,Relatively New,E70081436,1449.0,1,1,0,0,0,0,78,"28.4791° N, 77.0608° E",28.4791,77.0608
2278,flat,pyramid urban,sector 67a,0.6,8571.0,2,2,2,14.0,New Property,T69835524,633.0,0,0,0,0,0,0,15,"28.3960° N, 77.0372° E",28.396,77.0372
2279,house,independent,sector 4,0.55,6813.0,2,1,1,1.0,Moderately Old,J62553070,75.0,0,0,0,0,0,0,0,"28.4738° N, 77.0107° E",28.4738,77.0107
2280,flat,central park flower valley aqua front towers,sector 33,1.7,9449.0,3,3,3+,5.0,New Property,F56404940,1697.0,0,0,0,0,0,2,44,"28.4420° N, 77.0207° E",28.442,77.0207
2281,house,independent,sector 55,3.55,24500.0,4,4,3+,2.0,Old Property,L70105542,1449.0,0,0,0,0,0,2,27,"28.4281° N, 77.1100° E",28.4281,77.11
2282,flat,green homes,sector 52,1.85,7872.0,3,3,3,7.0,Moderately Old,E69072636,2127.0,0,0,0,1,0,0,28,"28.4379° N, 77.0785° E",28.4379,77.0785
2283,flat,experion the heartsong,sector 108,0.87,11845.0,2,3,3,2.0,Relatively New,Q67864736,978.23,0,0,0,1,0,2,123,"28.5134° N, 76.9830° E",28.5134,76.983
2284,flat,tulip violet,sector 69,1.43,9039.0,3,3,2,1.0,Relatively New,F69354742,1428.0,0,1,0,0,0,0,102,"28.3966° N, 77.0341° E",28.3966,77.0341
2285,flat,bestech park view ananda,sector 81,1.35,7541.0,3,3,3+,10.0,Moderately Old,P69234252,1438.0,0,0,1,0,0,2,72,"28.3867° N, 76.9485° E",28.3867,76.9485
2286,house,ansals florence villa,sector 57,3.3,19820.0,4,3,3+,2.0,Moderately Old,Y69091740,1665.0,1,1,1,1,0,0,151,"28.4232° N, 77.0752° E",28.4232,77.0752
2287,flat,paras dews,sector 106,1.32,5605.0,4,5,3+,11.0,Relatively New,Y69429218,1535.0,0,0,0,1,0,0,49,"28.5007° N, 77.0003° E",28.5007,77.0003
2288,house,independent,sector 43,1.9,3909.0,3,3,3+,3.0,Old Property,B67000852,60.0,0,0,0,0,0,1,0,"28.4629° N, 77.0772° E",28.4629,77.0772
2289,house,independent,sector 36,0.75,6938.0,3,1,0,1.0,New Property,G67502202,1081.0,0,0,0,0,0,0,0,"28.4160° N, 76.9914° E",28.416,76.9914
2290,flat,rof ananda,sector 95,0.55,8527.0,3,2,2,14.0,New Property,E69600022,811.0,1,0,0,0,0,2,81,"28.4172° N, 76.9081° E",28.4172,76.9081
2291,flat,tulip violet,sector 69,1.44,9125.0,3,3,2,1.0,Relatively New,Q69429568,1381.0,0,1,0,0,0,0,174,"28.3966° N, 77.0341° E",28.3966,77.0341
2292,flat,ats tourmaline,sector 109,1.45,6744.0,3,4,3+,4.0,Relatively New,D64898286,1797.0,0,0,0,1,0,0,71,"28.5073° N, 77.0089° E",28.5073,77.0089
2293,flat,godrej oasis,sector 88a,1.15,9856.0,2,2,1,12.0,New Property,O70144978,120.0,1,0,0,0,0,0,79,"28.4347° N, 76.9557° E",28.4347,76.9557
2294,flat,indiabulls centrum park,sector 103,2.36,9182.0,4,6,3+,8.0,Relatively New,B69312092,2729.0,0,0,0,1,0,2,159,"28.4949° N, 76.9845° E",28.4949,76.9845
2295,flat,corona gracieux,sector 76,1.05,5949.0,3,3,3+,7.0,Relatively New,C69055372,1597.0,0,0,0,0,0,2,133,"28.3935° N, 76.9888° E",28.3935,76.9888
2296,flat,godrej,sector 79,1.33,8531.0,2,2,3,6.0,Relatively New,W69483012,1411.0,1,0,0,0,0,0,158,"28.3624° N, 76.9787° E",28.3624,76.9787
2297,house,independent,sector 46,4.25,23148.0,5,4,2,3.0,Moderately Old,Y69486408,1836.0,0,0,1,0,0,2,57,"28.4374° N, 77.0586° E",28.4374,77.0586
2298,flat,bestech park view city,sector 49,3.0,12589.0,4,4,3,5.0,Moderately Old,L69627884,2200.0,0,1,0,1,0,2,141,"28.4121° N, 77.0480° E",28.4121,77.048
2299,flat,emaar digihomes,sector 62,4.25,26562.0,3,3,3,8.0,Under Construction,J68201818,1600.0,1,0,0,0,0,0,16,"28.4139° N, 77.0886° E",28.4139,77.0886
2300,house,palam vihar extension west zone rwa,sector 2,0.35,6481.0,2,2,0,1.0,New Property,J65657404,600.0,0,0,0,0,0,0,0,"28.5095° N, 77.0320° E",28.5095,77.032
2301,flat,sare homes,sector 92,1.18,5207.0,4,4,3,8.0,Relatively New,K69810986,2518.0,0,0,0,1,0,0,108,"28.4079° N, 76.9153° E",28.4079,76.9153
2302,flat,ss the leaf,sector 85,2.03,7230.0,4,4,3+,3.0,Relatively New,H69585066,2225.0,0,0,0,0,1,0,49,"28.4042° N, 76.9513° E",28.4042,76.9513
2303,house,independent,sector 7,6.5,15046.0,3,2,3+,2.0,Old Property,V39950201,4320.0,0,0,0,0,0,0,9,"28.4644° N, 77.0143° E",28.4644,77.0143
2304,house,independent,sector 56,4.0,26613.0,4,4,3+,2.0,Relatively New,T60111342,1503.0,0,0,0,0,0,2,24,"28.4245° N, 77.0991° E",28.4245,77.0991
2305,house,independent,sector 57,3.5,21605.0,4,4,3+,3.0,Old Property,E68275318,1620.0,0,0,1,0,0,2,67,"28.4232° N, 77.0752° E",28.4232,77.0752
2306,flat,ats tourmaline,sector 109,1.4,8000.0,3,3,3+,12.0,Relatively New,W50058892,1584.0,0,0,0,0,1,0,65,"28.5073° N, 77.0089° E",28.5073,77.0089
2307,flat,godrej air,sector 85,1.35,13632.0,2,2,3,19.0,Under Construction,C63223510,102.0,0,0,0,0,0,0,44,"28.4042° N, 76.9513° E",28.4042,76.9513
2308,house,independent,sector 46,5.65,23870.0,8,6,3+,3.0,Moderately Old,A69470986,2367.0,0,0,0,1,0,2,67,"28.4374° N, 77.0586° E",28.4374,77.0586
2309,flat,shree vardhman flora,sector 90,0.7,4615.0,2,2,3,9.0,New Property,G39255297,1224.0,1,0,0,0,1,0,51,"28.4085° N, 76.9369° E",28.4085,76.9369
2310,house,dlf city plots,sector 26,4.0,4531.0,4,3,2,2.0,Relatively New,J70013000,8829.0,0,0,0,0,0,2,0,"28.4757° N, 77.1032° E",28.4757,77.1032
2311,flat,aditya apartment,manesar,1.0,4033.0,3,4,0,3.0,New Property,C20893671,2480.0,0,0,0,0,0,0,0,"28.3515° N, 76.9428° E",28.3515,76.9428
2312,flat,conscient elevate,sector 59,4.25,18518.0,3,4,3,3.0,Under Construction,D69024020,2077.0,0,0,0,0,0,0,0,"28.4051° N, 77.1097° E",28.4051,77.1097
2313,flat,smart world orchard,sector 61,1.9,22700.0,3,3,3,1.0,New Property,P65721546,1137.0,0,0,0,0,0,0,30,"28.4050° N, 77.0963° E",28.405,77.0963
2314,flat,shapoorji pallonji joyville gurugram,sector 102,2.0,10799.0,3,3,3,9.0,Relatively New,R70022430,1676.0,0,0,0,0,0,0,49,"28.4750° N, 76.9715° E",28.475,76.9715
2315,house,independent,sector 2,2.95,15989.0,4,4,3+,2.0,Old Property,X70117098,1845.0,0,0,0,0,0,0,27,"28.5095° N, 77.0320° E",28.5095,77.032
2316,house,shivaji nagar residential,sector 11,3.08,11407.0,6,4,2,1.0,Moderately Old,M68021744,2700.0,0,0,0,0,0,0,0,"28.4531° N, 77.0202° E",28.4531,77.0202
2317,house,dlf the grove,sector 54,5.7,23457.0,4,4,0,1.0,Moderately Old,F68946776,2430.0,0,0,0,0,0,0,46,"28.4348° N, 77.1089° E",28.4348,77.1089
2318,flat,sobha city,sector 108,2.1,13975.0,2,2,2,3.0,Under Construction,Y67006136,1250.0,0,0,0,0,0,0,74,"28.5134° N, 76.9830° E",28.5134,76.983
2319,flat,alpha corp gurgaonone,sector 84,2.2,6406.0,4,4,3+,15.0,Relatively New,T70162906,3108.0,0,0,0,1,0,0,97,"28.3979° N, 76.9736° E",28.3979,76.9736
2320,flat,ats tourmaline,sector 109,1.75,8139.0,3,4,3+,9.0,Relatively New,L69512094,1946.0,0,0,0,1,0,0,94,"28.5073° N, 77.0089° E",28.5073,77.0089
2321,house,indiabulls centrum park,sector 103,3.25,8125.0,4,3,3+,20.0,Under Construction,I68315640,4000.0,0,0,0,0,0,0,51,"28.4949° N, 76.9845° E",28.4949,76.9845
2322,flat,tulip violet,sector 69,1.4,9102.0,3,3,1,12.0,Relatively New,X69653224,1392.0,0,0,0,0,0,2,157,"28.3966° N, 77.0341° E",28.3966,77.0341
2323,flat,shapoorji pallonji joyville gurugram,sector 102,1.1,12181.0,2,2,1,8.0,Under Construction,V68286938,817.0,0,0,0,0,0,0,105,"28.4750° N, 76.9715° E",28.475,76.9715
2324,flat,signature global solera,sector 107,0.5,7692.0,2,2,1,11.0,Relatively New,Z68531202,494.0,0,0,0,0,0,0,55,"28.5052° N, 76.9729° E",28.5052,76.9729
2325,flat,la vida by tata housing,sector 113,3.35,16750.0,3,4,3+,12.0,New Property,Y69770160,2200.0,1,0,0,1,0,0,174,"28.5287° N, 77.0233° E",28.5287,77.0233
2326,flat,cghs vidya enclave,sector 56,1.7,10967.0,3,2,3,6.0,Old Property,Z69212182,1585.0,0,0,1,0,0,0,101,"28.4245° N, 77.0991° E",28.4245,77.0991
2327,flat,dlf the ultima,sector 81,3.45,12356.0,4,4,3+,25.0,Moderately Old,Z68652142,2527.0,0,0,0,1,0,0,67,"28.3867° N, 76.9485° E",28.3867,76.9485
2328,flat,emaar gurgaon greens,sector 102,1.3,7878.0,3,3,3,7.0,Relatively New,Q61696670,1388.0,0,0,0,1,0,0,93,"28.4750° N, 76.9715° E",28.475,76.9715
2329,house,vipul tatvam villa,sector 48,7.25,27971.0,3,4,2,2.0,Moderately Old,F70119766,2592.0,1,1,1,1,0,2,115,"28.4177° N, 77.0359° E",28.4177,77.0359
2330,flat,ss the leaf,sector 85,1.24,7122.0,2,2,3,10.0,Relatively New,L70086096,1730.0,0,0,0,0,0,0,49,"28.4042° N, 76.9513° E",28.4042,76.9513
2331,flat,smart world orchard,sector 61,2.2,13496.0,3,3,2,3.0,Under Construction,C68443708,1811.0,0,0,0,0,0,0,16,"28.4050° N, 77.0963° E",28.405,77.0963
2332,flat,smart world gems,sector 89,1.3,9135.0,3,3,2,2.0,New Property,X66582760,1581.0,1,0,0,0,0,0,44,"28.4253° N, 76.9439° E",28.4253,76.9439
2333,flat,smart world gems,sector 89,0.88,7978.0,2,2,0,2.0,New Property,J69238068,1103.0,0,0,0,0,0,0,45,"28.4253° N, 76.9439° E",28.4253,76.9439
2334,house,independent,sector 92,8.31,24171.0,5,6,3+,4.0,Old Property,E69994668,3438.0,1,1,1,1,0,0,34,"28.4079° N, 76.9153° E",28.4079,76.9153
2335,flat,conscient heritage max,sector 102,1.82,9371.0,3,4,3+,15.0,Moderately Old,N70043450,1757.0,0,0,0,1,0,0,125,"28.4750° N, 76.9715° E",28.475,76.9715
2336,flat,smart world orchard,sector 61,1.7,15178.0,2,2,2,4.0,Under Construction,I66957408,1244.0,1,0,0,0,0,0,127,"28.4050° N, 77.0963° E",28.405,77.0963
2337,flat,emaar mgf emerald floors premier,sector 65,2.35,14242.0,3,3,2,4.0,Relatively New,U70023960,1650.0,1,0,0,1,0,0,165,"28.4030° N, 77.0690° E",28.403,77.069
2338,flat,rof aalayas,sector 102,0.45,6000.0,1,1,2,6.0,Relatively New,Z69515124,750.0,0,0,0,0,0,0,0,"28.4750° N, 76.9715° E",28.475,76.9715
2339,house,independent,sector 6,0.75,10518.0,2,4,1,3.0,Moderately Old,S65481788,713.0,0,0,0,0,0,0,62,"28.4745° N, 77.0262° E",28.4745,77.0262
2340,flat,signature global city 63a,sector 63a,1.55,14783.0,2,2,2,2.0,Under Construction,S70013926,1167.0,0,0,0,0,0,0,0,"28.3923° N, 77.0888° E",28.3923,77.0888
2341,house,independent,sector 1,1.85,16003.0,4,3,2,3.0,Moderately Old,A67903828,1284.0,0,0,0,0,0,0,0,"28.3663° N, 76.9456° E",28.3663,76.9456
2342,flat,supertech araville,sector 79,1.35,6940.0,3,3,3,4.0,Relatively New,H68825634,2161.0,0,0,0,0,0,0,0,"28.3624° N, 76.9787° E",28.3624,76.9787
2343,flat,orris aster court,sector 85,0.67,5825.0,2,2,2,5.0,Relatively New,A64944642,1250.0,0,0,0,0,1,2,174,"28.4042° N, 76.9513° E",28.4042,76.9513
2344,flat,lotus homz,sector 111,0.7,10057.0,2,2,2,8.0,Relatively New,J69627294,773.0,0,0,0,0,0,0,68,"28.5238° N, 77.0320° E",28.5238,77.032
2345,flat,corona optus,sector 37c,1.27,7231.0,3,3,3,2.0,Relatively New,I70044694,1595.0,0,0,0,0,1,0,49,"28.4515° N, 76.9882° E",28.4515,76.9882
2346,flat,ss the leaf,sector 85,1.14,6951.0,2,2,3,4.0,Relatively New,S69449988,1484.0,0,0,0,0,0,0,109,"28.4042° N, 76.9513° E",28.4042,76.9513
2347,flat,bptp terra,sector 37d,1.79,8983.0,4,3,3,15.0,Relatively New,S70026262,1808.0,0,0,0,0,1,2,37,"28.4478° N, 76.9703° E",28.4478,76.9703
2348,flat,dlf regal gardens,sector 90,1.25,10416.0,3,3,3,18.0,Moderately Old,Z68626288,1437.0,0,0,0,1,0,0,100,"28.4085° N, 76.9369° E",28.4085,76.9369
2349,flat,umang winter hills,sector 77,1.2,6586.0,3,3,3,14.0,Relatively New,S69814050,1822.0,0,0,0,0,0,0,46,"28.3801° N, 76.9845° E",28.3801,76.9845
2350,flat,umang winter hills,sector 77,0.92,5049.0,3,3,3,17.0,Relatively New,G68287864,1602.0,0,0,0,0,1,2,49,"28.3801° N, 76.9845° E",28.3801,76.9845
2351,flat,orchid petals,sector 49,1.9,10526.0,3,3,3,2.0,Old Property,H69821268,1600.0,0,0,0,0,1,2,49,"28.4121° N, 77.0480° E",28.4121,77.048
2352,house,independent,sector 23,4.0,16004.0,3,3,2,2.0,Moderately Old,B54749950,2430.0,0,0,0,1,0,2,115,"28.5121° N, 77.0478° E",28.5121,77.0478
2353,flat,rof ananda,sector 95,0.26,6842.0,1,1,1,8.0,New Property,S65553662,422.0,0,0,0,0,0,0,49,"28.4172° N, 76.9081° E",28.4172,76.9081
2354,flat,conscient heritage max,sector 102,3.0,10489.0,4,4,3+,7.0,Relatively New,M67522174,3178.0,0,0,0,0,1,2,65,"28.4750° N, 76.9715° E",28.475,76.9715
2355,flat,umang winter hills,sector 77,1.0,7500.0,2,2,2,3.0,New Property,W61214098,1489.0,0,0,0,0,0,0,74,"28.3801° N, 76.9845° E",28.3801,76.9845
2356,house,independent,sector 2,6.0,20000.0,4,4,1,2.0,Relatively New,X69650252,3000.0,0,0,0,0,0,0,0,"28.5095° N, 77.0320° E",28.5095,77.032
2357,flat,tulip violet,sector 69,1.65,8872.0,3,3,2,1.0,Relatively New,B66250438,1578.0,0,0,0,0,0,2,69,"28.3966° N, 77.0341° E",28.3966,77.0341
2358,flat,shree vardhman victoria,sector 70,1.5,7692.0,3,5,3,7.0,Relatively New,Z70122968,1527.0,0,0,0,1,0,2,174,"28.3968° N, 77.0233° E",28.3968,77.0233
2359,flat,pareena coban residences,sector 99a,1.23,6159.0,3,5,3,5.0,Relatively New,P69410574,1807.0,0,0,0,1,0,0,99,"28.4561° N, 76.9542° E",28.4561,76.9542
2360,flat,ats tourmaline,sector 109,1.4,8000.0,3,3,3+,9.0,Relatively New,P69511818,1584.0,0,0,0,0,0,0,95,"28.5073° N, 77.0089° E",28.5073,77.0089
2361,flat,signature global park 4,sector 36,0.82,7585.0,3,2,3,2.0,New Property,P69347302,1201.0,0,0,0,0,0,0,24,"28.4160° N, 76.9914° E",28.416,76.9914
2362,house,independent,sector 8,0.32,7111.0,2,3,1,1.0,Relatively New,V68368412,450.0,0,0,0,0,0,0,0,"28.3738° N, 76.8970° E",28.3738,76.897
2363,flat,tulip violet,sector 69,1.95,9701.0,4,4,2,0.0,Relatively New,Z69721338,1819.0,0,0,0,0,0,0,157,"28.3966° N, 77.0341° E",28.3966,77.0341
2364,flat,raheja vedaanta,sector 108,0.65,4761.0,2,2,2,5.0,Relatively New,Y67111934,1235.0,0,1,0,0,0,2,174,"28.5134° N, 76.9830° E",28.5134,76.983
2365,flat,dlf regal gardens,sector 90,1.75,7900.0,4,4,3+,3.0,Relatively New,E69221550,2005.0,0,0,0,0,1,0,6,"28.4085° N, 76.9369° E",28.4085,76.9369
2366,house,independent,sector 53,4.0,17778.0,5,5,2,3.0,Relatively New,H47319641,2250.0,1,0,0,0,0,0,23,"28.4433° N, 77.0948° E",28.4433,77.0948
2367,flat,tata primanti,sector 72,6.75,19285.0,4,4,3+,0.0,New Property,R70100752,4000.0,0,0,0,1,0,2,174,"28.4225° N, 77.0211° E",28.4225,77.0211
2368,flat,emaar gurgaon greens,sector 102,1.42,8606.0,3,3,3,7.0,Relatively New,Z69307376,1315.0,0,0,0,1,0,0,128,"28.4750° N, 76.9715° E",28.475,76.9715
2369,flat,ss the leaf,sector 85,1.2,7317.0,2,2,3,12.0,Relatively New,M69406586,1484.0,0,0,0,0,0,2,157,"28.4042° N, 76.9513° E",28.4042,76.9513
2370,flat,pivotal devaan,sector 84,0.34,5831.0,2,2,1,3.0,Relatively New,X69623938,533.0,0,0,1,0,0,0,75,"28.3979° N, 76.9736° E",28.3979,76.9736
2371,house,international city by sobha phase 1,sector 109,5.85,26423.0,4,5,3+,2.0,Relatively New,J69123006,2214.0,0,0,0,1,0,2,85,"28.5073° N, 77.0089° E",28.5073,77.0089
2372,flat,smart world gems,sector 89,1.05,9519.0,2,2,2,4.0,Under Construction,E70135102,1103.0,1,0,0,0,1,0,38,"28.4253° N, 76.9439° E",28.4253,76.9439
2373,flat,tulip violet,sector 69,1.68,10071.0,3,3,2,0.0,Relatively New,A69722906,1510.0,0,0,0,0,0,0,157,"28.3966° N, 77.0341° E",28.3966,77.0341
2374,flat,.,gwal pahari,7.0,11000.0,4,4,3+,6.0,Relatively New,O20505021,5430.0,0,0,0,1,0,0,52,"28.4484° N, 77.0210° E",28.4484,77.021
2375,flat,ss hibiscus,sector 50,6.0,12272.0,4,3,3,5.0,Moderately Old,W68296278,3982.0,0,0,0,1,0,0,31,"28.4178° N, 77.0628° E",28.4178,77.0628
2376,flat,bestech park view residency,sector 2,0.56,8632.0,1,2,2,7.0,Moderately Old,S67914568,723.0,0,0,0,0,0,0,92,"28.5095° N, 77.0320° E",28.5095,77.032
2377,flat,paras dews,sector 106,1.05,8536.0,3,4,3+,10.0,Relatively New,I68452460,1345.0,0,0,0,1,0,0,174,"28.5007° N, 77.0003° E",28.5007,77.0003
2378,flat,emaar palm gardens,sector 83,1.76,9263.0,3,3,3,6.0,Relatively New,H69976064,1500.0,0,0,0,1,0,2,165,"28.3986° N, 76.9647° E",28.3986,76.9647
2379,flat,professors enclave cghs,sector 56,1.55,7750.0,3,3,3+,6.0,Moderately Old,E68625668,1810.0,0,0,0,1,0,2,49,"28.4245° N, 77.0991° E",28.4245,77.0991
2380,flat,emaar mgf the palm drive,sector 66,4.6,18400.0,3,3,3,11.0,Relatively New,B65904102,2882.0,1,1,1,1,0,0,131,"28.3925° N, 77.0541° E",28.3925,77.0541
2381,flat,tulip violet,sector 69,1.46,9252.0,3,3,2,0.0,Relatively New,J68538370,1428.0,0,1,0,0,0,2,174,"28.3966° N, 77.0341° E",28.3966,77.0341
2382,house,ss aaron ville,sector 76,6.75,19737.0,5,4,2,2.0,Old Property,F62649750,3420.0,1,0,1,1,0,0,78,"28.3935° N, 76.9888° E",28.3935,76.9888
2383,house,independent,sector 7,1.95,13542.0,2,2,2,2.0,Old Property,B69450498,1440.0,0,0,0,0,0,0,0,"28.4644° N, 77.0143° E",28.4644,77.0143
2384,house,independent,sector 24,5.25,38889.0,4,4,3+,2.0,Relatively New,P69454768,1350.0,0,1,0,1,0,2,72,"28.4939° N, 77.1038° E",28.4939,77.1038
2385,house,experion windchants,sector 112,7.99,12519.0,4,6,3,2.0,New Property,H57070296,6382.0,0,1,1,1,0,2,129,"28.5189° N, 77.0183° E",28.5189,77.0183
2386,flat,sahara grace,sector 28,4.3,12420.0,3,4,3,5.0,Old Property,H69954502,3133.0,0,0,1,1,0,0,24,"28.4728° N, 77.0865° E",28.4728,77.0865
2387,flat,ats kocoon,sector 109,1.7,9742.0,3,3,3,21.0,Moderately Old,I70108688,1550.0,0,0,0,0,0,0,49,"28.5073° N, 77.0089° E",28.5073,77.0089
2388,flat,pareena laxmi apartments,sector 99a,0.32,5521.0,2,2,1,2.0,New Property,I68689004,577.0,0,0,0,0,0,0,43,"28.4561° N, 76.9542° E",28.4561,76.9542
2389,flat,alpha corp gurgaonone,sector 84,0.85,6692.0,2,2,3,6.0,Relatively New,I69430670,1158.0,0,0,0,0,0,2,28,"28.3979° N, 76.9736° E",28.3979,76.9736
2390,flat,pioneer park,sector 61,3.6,12627.0,4,4,3,3.0,Moderately Old,E70071544,2580.0,0,0,0,1,0,2,121,"28.4050° N, 77.0963° E",28.405,77.0963
2391,flat,pivotal devaan,sector 84,0.35,6003.0,2,2,1,4.0,Relatively New,S70177248,528.0,0,0,0,0,0,0,37,"28.3979° N, 76.9736° E",28.3979,76.9736
2392,house,ansals palam vihar,sector 2,9.0,19231.0,5,5,2,2.0,Old Property,D70306196,4680.0,1,1,1,1,0,1,110,"28.5095° N, 77.0320° E",28.5095,77.032
2393,flat,m3m skywalk,sector 74,1.5,10714.0,2,2,1,8.0,New Property,R62630186,1556.0,0,0,0,0,0,0,16,"28.4158° N, 77.0118° E",28.4158,77.0118
2394,flat,the close north,sector 50,2.35,11767.0,3,3,3+,8.0,Moderately Old,Z69735238,1950.0,0,0,0,0,0,2,165,"28.4178° N, 77.0628° E",28.4178,77.0628
2395,flat,the lions cghs,sector 56,2.05,7884.0,4,4,3+,7.0,Old Property,F68681970,2600.0,0,0,1,0,0,2,120,"28.4245° N, 77.0991° E",28.4245,77.0991
2396,house,sai kripa floors 5,sector 11,0.9,11250.0,2,5,3,3.0,Relatively New,W68201752,800.0,0,0,0,0,0,0,0,"28.4531° N, 77.0202° E",28.4531,77.0202
2397,flat,m3m merlin,sector 67,3.4,14418.0,3,4,3,17.0,Relatively New,K69205334,2134.0,0,0,0,1,0,2,174,"28.3859° N, 77.0608° E",28.3859,77.0608
2398,house,independent,sector 110,0.34,6800.0,1,1,0,1.0,Old Property,T67766782,500.0,0,0,0,0,0,0,0,"28.5145° N, 77.0197° E",28.5145,77.0197
2399,flat,adani m2k oyster grande,sector 102,2.4,9305.0,3,4,3+,3.0,Relatively New,Y69101770,2334.0,1,0,0,0,0,2,49,"28.4750° N, 76.9715° E",28.475,76.9715
2400,flat,signature global solera,sector 107,0.5,7751.0,3,2,2,6.0,Relatively New,W69403810,717.0,0,0,0,0,1,0,49,"28.5052° N, 76.9729° E",28.5052,76.9729
2401,flat,dlf new town heights,sector 86,1.3,6735.0,3,3,3,12.0,Moderately Old,H46416043,1747.0,0,1,0,1,0,0,106,"28.3986° N, 76.9384° E",28.3986,76.9384
2402,house,independent,sector 24,10.0,25543.0,8,10,3+,1.0,Old Property,G68527282,3915.0,0,0,0,0,0,0,0,"28.4939° N, 77.1038° E",28.4939,77.1038
2403,flat,pyramid urban homes 2,sector 86,0.42,8483.0,2,2,1,2.0,New Property,P68674596,557.0,1,1,0,1,1,0,84,"28.3986° N, 76.9384° E",28.3986,76.9384
2404,flat,emaar mgf palm studios,sector 66,1.45,14795.0,2,2,3,3.0,Relatively New,Z68490140,1082.0,0,0,0,0,0,0,92,"28.3925° N, 77.0541° E",28.3925,77.0541
2405,flat,antriksh heights,sector 84,0.84,4869.0,3,3,3+,8.0,New Property,G69088060,1561.0,0,1,0,0,0,0,60,"28.3979° N, 76.9736° E",28.3979,76.9736
2406,house,independent,sector 39,0.34,7555.0,1,1,1,1.0,Relatively New,R66303342,450.0,0,0,0,0,0,0,0,"28.4434° N, 77.0515° E",28.4434,77.0515
2407,flat,tulip monsella,sector 53,6.02,20816.0,3,3,3,29.0,Under Construction,W69383634,2892.0,0,0,0,0,0,0,68,"28.4433° N, 77.0948° E",28.4433,77.0948
2408,flat,ss the leaf,sector 85,2.0,11869.0,3,4,3,5.0,Relatively New,C69856862,2026.0,0,0,0,1,0,0,156,"28.4042° N, 76.9513° E",28.4042,76.9513
2409,flat,godrej summit,sector 104,0.85,5878.0,2,2,3+,10.0,Relatively New,H50040316,1269.0,1,0,0,0,0,0,79,"28.4788° N, 76.9960° E",28.4788,76.996
2410,flat,ss the leaf,sector 85,1.06,6343.0,2,2,2,12.0,Relatively New,T69812958,1512.0,0,0,0,0,0,0,44,"28.4042° N, 76.9513° E",28.4042,76.9513
2411,flat,hsiidc sidco shivalik apartments,manesar,0.6,4000.0,3,2,2,5.0,Moderately Old,S70129104,1277.0,0,0,0,0,0,0,80,"28.3515° N, 76.9428° E",28.3515,76.9428
2412,flat,dlf city plots phase 3,sector 24,6.5,18571.0,4,5,3+,3.0,New Property,G70159794,3889.0,0,0,0,1,0,1,42,"28.4939° N, 77.1038° E",28.4939,77.1038
2413,flat,shree vardhman flora,sector 90,0.75,5769.0,2,2,3,8.0,Relatively New,M68785780,1444.0,0,0,0,0,0,0,60,"28.4085° N, 76.9369° E",28.4085,76.9369
2414,flat,adani aangan arcade,sector 89,0.5,7763.0,2,2,1,4.0,Relatively New,A65942232,672.0,0,0,0,0,0,1,69,"28.4253° N, 76.9439° E",28.4253,76.9439
2415,flat,ace palm floors,sector 89,0.97,7863.0,2,2,2,1.0,New Property,R69427524,1371.0,1,0,0,0,0,0,28,"28.4253° N, 76.9439° E",28.4253,76.9439
2416,flat,dlf the ultima,sector 81,2.25,10755.0,3,4,3+,11.0,Relatively New,K67331866,2090.0,0,0,0,1,0,1,174,"28.3867° N, 76.9485° E",28.3867,76.9485
2417,flat,adani m2k oyster grande,sector 102,2.6,10007.0,3,3,3,2.0,Relatively New,X70090934,2351.0,1,0,1,1,0,0,118,"28.4750° N, 76.9715° E",28.475,76.9715
2418,flat,allure homes,sector 12,0.72,7272.0,2,2,1,2.0,Relatively New,Y68306320,1100.0,0,0,0,0,1,2,16,"28.4723° N, 77.0320° E",28.4723,77.032
2419,house,independent,sector 104,0.6,5128.0,4,3,1,2.0,Moderately Old,R45538915,1170.0,0,0,0,0,0,0,0,"28.4788° N, 76.9960° E",28.4788,76.996
2420,flat,godrej aria,sector 79,1.3,9622.0,2,4,2,3.0,Relatively New,B70097328,1223.0,0,0,0,0,0,0,53,"28.3624° N, 76.9787° E",28.3624,76.9787
2421,flat,godrej oasis,sector 88a,1.19,10162.0,2,2,3,15.0,Relatively New,U69537444,1387.0,1,1,0,0,0,2,174,"28.4347° N, 76.9557° E",28.4347,76.9557
2422,flat,ireo skyon,sector 60,2.05,15185.0,2,3,2,2.0,Relatively New,U69538888,1520.0,0,0,1,0,0,2,174,"28.4003° N, 77.0975° E",28.4003,77.0975
2423,flat,puri emerald bay,sector 104,1.32,8516.0,2,2,2,10.0,Relatively New,L69764558,1403.0,0,0,0,0,0,0,128,"28.4788° N, 76.9960° E",28.4788,76.996
2424,flat,pyramid urban homes 2,sector 86,0.6,8000.0,3,2,2,2.0,New Property,P69281966,833.0,0,0,0,0,0,0,13,"28.3986° N, 76.9384° E",28.3986,76.9384
2425,house,shivpuri,sector 7,2.4,8889.0,10,5,3,2.0,Old Property,K52034546,2700.0,1,1,0,1,0,0,8,"28.4644° N, 77.0143° E",28.4644,77.0143
2426,flat,ansal api esencia,sector 67,1.0,6435.0,3,3,3+,2.0,Moderately Old,M70148846,1406.0,0,0,0,0,0,0,9,"28.3859° N, 77.0608° E",28.3859,77.0608
2427,house,independent,sector 25,16.0,26667.0,6,5,2,3.0,Relatively New,Q69559220,6000.0,0,0,0,0,0,0,0,"28.4844° N, 77.0860° E",28.4844,77.086
2428,flat,dlf regal gardens,sector 90,1.19,5505.0,3,3,2,11.0,Relatively New,I44651309,1562.0,0,0,0,0,1,0,88,"28.4085° N, 76.9369° E",28.4085,76.9369
2429,house,independent,sector 6,1.0,4630.0,6,4,0,3.0,Moderately Old,W69854242,240.0,0,0,0,0,0,0,0,"28.4745° N, 77.0262° E",28.4745,77.0262
2430,flat,rose apartment,sector 28,3.0,10482.0,3,5,3+,8.0,Old Property,J57402614,2590.0,0,0,0,0,0,0,0,"28.4728° N, 77.0865° E",28.4728,77.0865
2431,flat,la vida by tata housing,sector 113,1.75,10489.0,2,2,3,10.0,Relatively New,E69587170,1424.0,1,0,0,0,0,0,93,"28.5287° N, 77.0233° E",28.5287,77.0233
2432,flat,bestech park view grand spa,sector 81,2.35,8834.0,3,4,3+,6.0,Relatively New,B69802378,2513.0,0,0,0,1,0,2,101,"28.3867° N, 76.9485° E",28.3867,76.9485
2433,house,independent,sector 7,0.53,5888.0,2,2,0,1.0,Old Property,F69510934,900.0,0,0,0,0,0,0,0,"28.4644° N, 77.0143° E",28.4644,77.0143
2434,flat,emaar palm gardens,sector 83,1.75,9210.0,3,3,3,6.0,Relatively New,V69525180,1600.0,0,0,0,1,0,2,150,"28.3986° N, 76.9647° E",28.3986,76.9647
2435,flat,godrej,sector 79,1.91,8511.0,3,4,3+,7.0,Relatively New,N69484672,2031.0,0,0,0,1,0,0,158,"28.3624° N, 76.9787° E",28.3624,76.9787
2436,flat,pioneer park,sector 61,2.1,11666.0,3,3,3,15.0,Relatively New,B69962014,1592.0,0,0,0,0,0,2,49,"28.4050° N, 77.0963° E",28.405,77.0963
2437,flat,ss the leaf,sector 85,2.0,8305.0,3,4,3,6.0,Relatively New,S70086988,2300.0,0,0,0,1,0,0,49,"28.4042° N, 76.9513° E",28.4042,76.9513
2438,flat,corona gracieux,sector 76,1.08,5510.0,3,3,3,1.0,New Property,M56957678,1774.0,0,0,0,1,0,0,58,"28.3935° N, 76.9888° E",28.3935,76.9888
2439,flat,signature global rosellia,sector 95,0.45,8754.0,2,2,2,14.0,New Property,D66371880,571.0,0,0,0,0,0,0,24,"28.4172° N, 76.9081° E",28.4172,76.9081
2440,flat,emaar mgf the palm drive,sector 66,2.8,16470.0,3,4,3,8.0,Relatively New,O61384382,1700.0,0,0,0,1,0,2,117,"28.3925° N, 77.0541° E",28.3925,77.0541
2441,house,mian wali,sector 12,1.7,9444.0,1,1,1,1.0,Old Property,V63196212,1800.0,0,0,0,1,0,0,7,"28.4723° N, 77.0320° E",28.4723,77.032
2442,flat,tulip violet,sector 69,1.4,8871.0,3,3,2,11.0,Relatively New,U68278304,1428.0,0,1,0,0,0,0,126,"28.3966° N, 77.0341° E",28.3966,77.0341
2443,flat,emaar mgf emerald floors premier,sector 65,2.29,13878.0,3,4,3+,2.0,Relatively New,X69883900,1833.0,1,0,0,1,0,1,174,"28.4030° N, 77.0690° E",28.403,77.069
2444,flat,bptp terra,sector 37d,1.45,8006.0,3,3,3,9.0,Relatively New,R69274138,1639.0,0,0,0,0,0,0,107,"28.4478° N, 76.9703° E",28.4478,76.9703
2445,house,independent,sector 41,4.25,26235.0,2,9,3+,4.0,Moderately Old,P68645382,1620.0,1,0,0,1,0,2,36,"28.4557° N, 77.0632° E",28.4557,77.0632
2446,flat,kiran residency,sector 56,1.5,6648.0,3,5,3+,4.0,Moderately Old,G69193166,2250.0,1,1,0,0,0,2,134,"28.4245° N, 77.0991° E",28.4245,77.0991
2447,flat,godrej nature plus,sector 33,1.31,15982.0,2,2,2,4.0,Under Construction,S66958322,85.0,0,0,0,0,0,0,92,"28.4420° N, 77.0207° E",28.442,77.0207
2448,flat,paras dews,sector 106,1.25,10656.0,3,4,3,14.0,Relatively New,L69532438,1305.0,1,0,0,1,0,0,167,"28.5007° N, 77.0003° E",28.5007,77.0003
2449,flat,tata primanti,sector 72,3.3,15384.0,3,3,3+,10.0,Relatively New,G69966132,2000.0,0,0,0,1,0,2,165,"28.4225° N, 77.0211° E",28.4225,77.0211
2450,flat,shree kirpalu gi sector 52,sector 52,1.45,7631.0,3,3,3+,7.0,Relatively New,U69731868,1800.0,0,0,0,0,1,2,108,"28.4379° N, 77.0785° E",28.4379,77.0785
2451,flat,m3m golfestate,sector 65,5.3,24211.0,3,3,3,38.0,Moderately Old,Y69968948,2506.0,0,0,0,1,0,1,49,"28.4030° N, 77.0690° E",28.403,77.069
2452,flat,corona optus,sector 37c,1.25,7175.0,3,3,3,2.0,Relatively New,X70044746,1563.0,1,0,0,0,0,0,49,"28.4515° N, 76.9882° E",28.4515,76.9882
2453,flat,antriksh heights,sector 84,0.49,4355.0,2,2,2,16.0,Relatively New,J69973452,1018.0,0,0,0,0,0,0,66,"28.3979° N, 76.9736° E",28.3979,76.9736
2454,flat,bestech park view grand spa,sector 81,2.91,9136.0,4,5,2,6.0,Relatively New,B69802996,3017.0,0,0,0,1,0,2,101,"28.3867° N, 76.9485° E",28.3867,76.9485
2455,flat,raheja teachers apartments,sector 31,1.2,7272.0,3,2,2,1.0,Moderately Old,T57295140,1450.0,0,0,0,0,1,1,105,"28.4528° N, 77.0498° E",28.4528,77.0498
2456,flat,bptp terra,sector 37d,1.77,8078.0,4,3,3,15.0,Relatively New,J70023084,2025.0,1,1,0,1,1,0,49,"28.4478° N, 76.9703° E",28.4478,76.9703
2457,flat,supertech araville,sector 79,0.83,5424.0,2,2,3,5.0,New Property,E61109994,1700.0,1,0,0,0,0,1,49,"28.3624° N, 76.9787° E",28.3624,76.9787
2458,flat,godrej,sector 79,1.34,8524.0,3,3,3,7.0,Relatively New,J69484818,1423.0,0,0,0,0,0,0,158,"28.3624° N, 76.9787° E",28.3624,76.9787
2459,flat,ireo uptown,sector 66,1.32,11442.0,2,2,2,6.0,Relatively New,C70169392,1048.0,0,0,0,0,0,0,45,"28.3925° N, 77.0541° E",28.3925,77.0541
2460,flat,mapsko royale ville,sector 82,1.12,8000.0,3,4,2,6.0,Relatively New,Q69680836,1500.0,0,1,0,1,0,0,174,"28.3935° N, 76.9600° E",28.3935,76.96
2461,house,dlf city plots phase 3,sector 24,1.44,2963.0,4,2,2,1.0,Old Property,Y68236400,540.0,0,0,0,0,0,0,8,"28.4939° N, 77.1038° E",28.4939,77.1038
2462,house,vipul tatvam villa,sector 48,7.35,22812.0,4,5,2,2.0,Moderately Old,G66835430,3222.0,1,1,1,1,0,2,144,"28.4177° N, 77.0359° E",28.4177,77.0359
2463,flat,tulip violet,sector 69,1.43,8886.0,3,3,2,1.0,Relatively New,Z69355178,1455.0,0,1,0,0,0,0,86,"28.3966° N, 77.0341° E",28.3966,77.0341
2464,flat,smriti apartment,sector 56,0.6,10000.0,1,1,1,2.0,Moderately Old,H66621976,543.0,0,0,0,0,0,0,49,"28.4245° N, 77.0991° E",28.4245,77.0991
2465,flat,shapoorji pallonji joyville gurugram,sector 102,1.8,10638.0,3,3,3,1.0,Relatively New,S70041472,1531.0,0,0,0,0,0,0,141,"28.4750° N, 76.9715° E",28.475,76.9715
2466,house,independent,sector 26,6.75,27778.0,3,3,3,2.0,Moderately Old,W70056522,2430.0,0,0,0,0,0,0,27,"28.4757° N, 77.1032° E",28.4757,77.1032
2467,house,suncity essel towers,sector 28,6.0,22222.0,4,4,3+,3.0,Old Property,W68348478,2700.0,1,0,0,0,0,2,89,"28.4728° N, 77.0865° E",28.4728,77.0865
2468,flat,sbtl caladium,sector 109,1.68,6601.0,3,3,3+,7.0,Moderately Old,E69848408,2303.0,0,0,0,1,0,0,134,"28.5073° N, 77.0089° E",28.5073,77.0089
2469,flat,unitech the palms,sector 41,2.75,16768.0,3,3,2,14.0,Old Property,D66576720,1640.0,0,0,0,0,0,1,79,"28.4557° N, 77.0632° E",28.4557,77.0632
2470,flat,parsvnath green ville,sector 48,2.5,12820.0,4,5,3,1.0,Moderately Old,R68007932,2167.0,0,0,0,0,1,2,49,"28.4177° N, 77.0359° E",28.4177,77.0359
2471,flat,vatika lifestyle homes,sector 83,1.3,4545.0,3,3,1,6.0,Relatively New,W51975976,2588.0,0,0,0,0,0,0,79,"28.3986° N, 76.9647° E",28.3986,76.9647
2472,flat,the serenas,sector 36,0.42,7910.0,2,2,1,3.0,New Property,E68804110,590.0,0,0,0,0,0,0,0,"28.4160° N, 76.9914° E",28.416,76.9914
2473,house,independent,sector 12,1.5,11111.0,5,5,2,3.0,Old Property,V38945981,1350.0,0,0,0,0,0,0,16,"28.4723° N, 77.0320° E",28.4723,77.032
2474,flat,kendriya vihar,sector 56,0.47,7768.0,1,1,1,3.0,Old Property,W69786994,672.0,0,0,0,0,0,2,52,"28.4245° N, 77.0991° E",28.4245,77.0991
2475,flat,smart world gems,sector 89,1.13,8500.0,3,3,2,4.0,Under Construction,T66285492,1473.0,1,0,0,0,0,0,115,"28.4253° N, 76.9439° E",28.4253,76.9439
2476,flat,indiabulls enigma,sector 110,3.6,10588.0,4,5,3,7.0,Relatively New,M70096232,3077.0,0,0,0,1,0,0,165,"28.5145° N, 77.0197° E",28.5145,77.0197
2477,flat,the lions cghs,sector 56,2.05,7884.0,4,4,3+,6.0,Relatively New,D69708546,2500.0,0,0,0,0,1,2,101,"28.4245° N, 77.0991° E",28.4245,77.0991
2478,flat,smart world orchard,sector 61,1.6,13913.0,2,2,2,3.0,Under Construction,U68904452,1278.0,1,0,0,0,0,0,37,"28.4050° N, 77.0963° E",28.405,77.0963
2479,flat,raheja vedaanta,sector 108,0.7,4651.0,2,2,2,12.0,Relatively New,K70056622,1505.0,0,0,0,0,0,0,0,"28.5134° N, 76.9830° E",28.5134,76.983
2480,flat,shree vardhman victoria,sector 70,1.65,8461.0,3,3,2,6.0,Relatively New,J69100962,2167.0,1,0,0,0,0,0,72,"28.3968° N, 77.0233° E",28.3968,77.0233
2481,house,surendra homes dayaindependentd colony,sector 6,0.75,15625.0,4,4,2,1.0,Moderately Old,S69021458,480.0,0,0,0,0,0,0,0,"28.4745° N, 77.0262° E",28.4745,77.0262
2482,house,suncity township,sector 54,25.0,31110.0,4,4,3+,2.0,Moderately Old,Q69537682,8036.0,1,1,1,1,0,0,0,"28.4348° N, 77.1089° E",28.4348,77.1089
2483,flat,ss the leaf,sector 85,1.65,6852.0,3,4,3,9.0,New Property,J69235666,2179.0,0,1,0,0,0,0,21,"28.4042° N, 76.9513° E",28.4042,76.9513
2484,flat,ireo victory valley,sector 67,3.5,14583.0,3,4,3,24.0,Relatively New,N69311428,2490.0,0,1,0,1,0,2,149,"28.3859° N, 77.0608° E",28.3859,77.0608
2485,flat,smart world orchard,sector 61,1.47,12782.0,2,2,2,4.0,New Property,W69045628,1278.0,1,1,0,0,0,0,53,"28.4050° N, 77.0963° E",28.405,77.0963
2486,house,independent,sector 4,5.0,10101.0,3,3,2,1.0,Old Property,N65960546,4950.0,0,0,0,0,0,0,22,"28.4738° N, 77.0107° E",28.4738,77.0107
2487,flat,vatika gurgaon,sector 83,1.4,7179.0,4,4,3,10.0,Relatively New,R69428596,2167.0,0,0,0,1,0,0,35,"28.3986° N, 76.9647° E",28.3986,76.9647
2488,flat,emaar mgf emerald floors premier,sector 65,2.9,14683.0,4,4,3+,4.0,Relatively New,J66252998,1975.0,1,0,0,1,0,2,152,"28.4030° N, 77.0690° E",28.403,77.069
2489,flat,experion windchants,sector 112,3.65,11428.0,3,5,2,3.0,Relatively New,N63226738,2800.0,0,0,0,1,0,0,72,"28.5189° N, 77.0183° E",28.5189,77.0183
2490,flat,orris carnation residency,sector 85,0.88,5952.0,3,3,1,1.0,Relatively New,R70168574,1344.0,0,0,0,0,0,0,65,"28.4042° N, 76.9513° E",28.4042,76.9513
2491,flat,shree vardhman victoria,sector 70,1.64,8410.0,3,5,3,8.0,Relatively New,T65166380,1527.0,0,0,0,1,0,0,126,"28.3968° N, 77.0233° E",28.3968,77.0233
2492,flat,pioneer park,sector 61,1.6,11594.0,2,2,2,21.0,Relatively New,T62625420,1533.0,0,0,0,1,0,0,105,"28.4050° N, 77.0963° E",28.405,77.0963
2493,flat,emaar mgf emerald estate,sector 65,1.42,13921.0,2,2,2,6.0,Relatively New,B69686632,1010.0,1,0,0,0,0,2,174,"28.4030° N, 77.0690° E",28.403,77.069
2494,flat,m3m woodshire,sector 107,1.3,10815.0,3,3,3,7.0,Relatively New,H69159416,1547.0,0,1,0,0,0,0,89,"28.5052° N, 76.9729° E",28.5052,76.9729
2495,flat,emaar mgf emerald floors premier,sector 65,2.85,14430.0,4,4,3,3.0,Relatively New,J66934296,2194.0,1,0,0,1,0,0,28,"28.4030° N, 77.0690° E",28.403,77.069
2496,flat,antriksh heights,sector 84,0.54,4458.0,2,2,3+,17.0,Relatively New,H67426442,1086.0,0,0,0,0,0,0,81,"28.3979° N, 76.9736° E",28.3979,76.9736
2497,flat,dlf the skycourt,sector 86,1.72,8916.0,3,3,1,8.0,Relatively New,T69781942,1746.0,0,0,0,0,1,2,49,"28.3986° N, 76.9384° E",28.3986,76.9384
2498,flat,mapsko royale ville,sector 82,0.97,5418.0,3,4,2,16.0,Relatively New,M37314795,1620.0,0,0,0,1,0,0,95,"28.3935° N, 76.9600° E",28.3935,76.96
2499,flat,paras dews,sector 106,1.15,6534.0,3,4,3+,12.0,Relatively New,P67113864,1186.0,1,0,0,1,0,2,174,"28.5007° N, 77.0003° E",28.5007,77.0003
2500,house,independent,sector 69,0.8,10484.0,1,1,0,1.0,New Property,B66454802,763.0,0,0,0,0,0,0,0,"28.3966° N, 77.0341° E",28.3966,77.0341
2501,flat,mapsko mount ville,sector 79,1.55,8539.0,3,4,3,11.0,Relatively New,V69665506,1416.0,0,0,0,1,0,2,152,"28.3624° N, 76.9787° E",28.3624,76.9787
2502,flat,godrej summit,sector 104,1.25,6778.0,3,4,3+,12.0,Relatively New,G50040394,1669.0,0,0,0,1,1,0,79,"28.4788° N, 76.9960° E",28.4788,76.996
2503,flat,sare green parc,sector 92,0.85,6741.0,3,2,2,14.0,Relatively New,Q69238056,1261.0,0,0,0,0,0,0,0,"28.4079° N, 76.9153° E",28.4079,76.9153
2504,house,central park flower valley,sector 33,1.15,9349.0,2,2,3,2.0,Relatively New,D69571850,1400.0,1,0,0,0,0,2,71,"28.4420° N, 77.0207° E",28.442,77.0207
2505,house,eros rosewood city,sector 49,1.6,3500.0,4,4,3,4.0,New Property,G68941850,60.0,0,0,0,0,0,2,27,"28.4121° N, 77.0480° E",28.4121,77.048
2506,flat,vatika gurgaon,sector 83,0.98,8166.0,2,2,3,5.0,Relatively New,Z68326116,1300.0,0,0,0,0,0,2,96,"28.3986° N, 76.9647° E",28.3986,76.9647
2507,flat,dlf regal gardens,sector 90,1.25,8116.0,3,3,3,8.0,Relatively New,X69684932,1640.0,0,1,0,0,0,0,158,"28.4085° N, 76.9369° E",28.4085,76.9369
2508,flat,vatika seven elements,sector 89,1.6,8163.0,3,3,3,5.0,New Property,L61578164,1774.0,0,0,0,0,0,0,58,"28.4253° N, 76.9439° E",28.4253,76.9439
2509,flat,raheja vedaanta,sector 108,1.25,5681.0,3,2,0,0.0,Relatively New,C59958296,1991.0,0,0,0,0,0,2,65,"28.5134° N, 76.9830° E",28.5134,76.983
2510,flat,unitech uniworld gardens,sector 47,2.4,11505.0,3,3,3+,10.0,Moderately Old,I67839584,1888.0,0,0,0,1,0,2,120,"28.4276° N, 77.0492° E",28.4276,77.0492
2511,flat,wings apartment,sector 9,1.2,6666.0,4,3,2,4.0,Moderately Old,X66152092,2000.0,0,0,0,0,0,2,23,"28.4603° N, 77.0000° E",28.4603,77.0
2512,house,sushant lok 1 builder floors,sector 43,13.0,48148.0,3,3,3+,4.0,New Property,Y69766240,2700.0,0,1,0,0,0,2,7,"28.4629° N, 77.0772° E",28.4629,77.0772
2513,flat,raisina residency,sector 59,5.0,13058.0,4,4,3+,13.0,Relatively New,G69161684,4254.0,1,1,1,1,0,2,174,"28.4051° N, 77.1097° E",28.4051,77.1097
2514,house,dlf city phase 1,sector 26,5.5,30556.0,4,4,3,2.0,Moderately Old,Q70281606,1800.0,1,1,0,1,0,0,69,"28.4757° N, 77.1032° E",28.4757,77.1032
2515,house,experion windchants,sector 112,7.46,10260.0,4,4,3+,2.0,Relatively New,B58185836,6350.0,0,1,0,1,0,2,62,"28.5189° N, 77.0183° E",28.5189,77.0183
2516,flat,breez global heights,sector 36,0.24,5825.0,1,1,1,8.0,New Property,P69387204,458.0,0,0,0,0,0,0,57,"28.4160° N, 76.9914° E",28.416,76.9914
2517,flat,dlf new town heights,sector 90,1.25,6502.0,3,3,3+,5.0,Relatively New,Z69632358,1929.0,0,1,0,1,0,0,127,"28.4085° N, 76.9369° E",28.4085,76.9369
2518,house,independent,sector 25,13.0,45710.0,6,8,3+,2.0,Relatively New,R67662264,2844.0,1,1,1,1,0,1,0,"28.4844° N, 77.0860° E",28.4844,77.086
2519,flat,vatika city,sector 49,1.79,12785.0,3,3,3,9.0,Old Property,T69268580,1556.0,0,0,0,1,0,0,38,"28.4121° N, 77.0480° E",28.4121,77.048
2520,house,independent,sector 47,4.6,26620.0,2,6,3+,4.0,Moderately Old,V67975260,1728.0,0,0,0,0,0,1,51,"28.4276° N, 77.0492° E",28.4276,77.0492
2521,flat,shree vardhman victoria,sector 70,1.66,14254.0,3,5,3,8.0,Relatively New,Z69965198,1527.0,0,0,0,1,0,0,108,"28.3968° N, 77.0233° E",28.3968,77.0233
2522,flat,mapsko casa bella,sector 82,1.38,5443.0,4,5,3+,20.0,Relatively New,I36607827,2294.0,0,0,0,1,0,0,79,"28.3935° N, 76.9600° E",28.3935,76.96
2523,flat,central park resorts,sector 48,9.3,24926.0,4,4,3+,10.0,Moderately Old,P68559436,3831.0,1,1,1,1,0,2,67,"28.4177° N, 77.0359° E",28.4177,77.0359
2524,flat,mapsko mount ville,sector 79,1.85,9641.0,3,4,3,21.0,New Property,T65412204,1643.0,0,1,0,1,0,0,49,"28.3624° N, 76.9787° E",28.3624,76.9787
2525,flat,tata primanti,sector 72,3.25,10545.0,3,3,3,2.0,Moderately Old,L61530044,2986.0,0,0,0,1,0,0,94,"28.4225° N, 77.0211° E",28.4225,77.0211
2526,flat,ramsons kshitij,sector 95,0.45,4591.0,2,2,1,2.0,Relatively New,V59237402,887.0,1,0,0,0,0,0,89,"28.4172° N, 76.9081° E",28.4172,76.9081
2527,house,international city by sobha phase 2,sector 109,6.25,10035.0,5,7,3+,3.0,Relatively New,E70141454,6228.0,1,1,1,1,0,0,147,"28.5073° N, 77.0089° E",28.5073,77.0089
2528,flat,signature global orchard avenue,sector 110,0.4,5479.0,2,2,0,0.0,Relatively New,R69930434,730.0,0,0,0,0,0,0,0,"28.5145° N, 77.0197° E",28.5145,77.0197
2529,flat,godrej nature plus,sector 33,1.25,9025.0,2,2,3,17.0,Under Construction,W69238500,1385.0,0,0,0,0,0,0,56,"28.4420° N, 77.0207° E",28.442,77.0207
2530,flat,paras dews,sector 106,1.2,6818.0,3,4,3+,9.0,Relatively New,X69853706,1186.0,0,0,0,1,0,0,174,"28.5007° N, 77.0003° E",28.5007,77.0003
2531,flat,zara aavaas,sector 104,0.49,6577.0,3,2,2,7.0,Under Construction,D64535100,695.0,0,0,0,0,0,0,74,"28.4788° N, 76.9960° E",28.4788,76.996
2532,flat,ss the leaf,sector 85,1.09,6666.0,2,2,3,9.0,Relatively New,Z66074778,1638.0,0,0,1,0,0,0,174,"28.4042° N, 76.9513° E",28.4042,76.9513
2533,flat,signature global synera,sector 81,0.5,7886.0,2,2,1,11.0,New Property,Y60756136,704.0,0,0,0,0,0,1,97,"28.3867° N, 76.9485° E",28.3867,76.9485
2534,house,bhim nagar society,sector 6,0.4,2500.0,4,2,2,1.0,Moderately Old,V68022174,1600.0,0,0,0,0,0,0,0,"28.4745° N, 77.0262° E",28.4745,77.0262
2535,flat,emaar mgf palm hills,sector 77,1.55,7948.0,4,4,3+,2.0,Relatively New,K69961464,1800.0,1,0,0,1,0,1,49,"28.3801° N, 76.9845° E",28.3801,76.9845
2536,house,independent,sector 25,7.6,38756.0,2,9,3,4.0,Relatively New,I67974640,1961.0,1,1,1,0,0,2,84,"28.4844° N, 77.0860° E",28.4844,77.086
2537,flat,bptp park generations,sector 37d,1.5,9868.0,3,2,3+,17.0,Relatively New,Z69748514,1376.0,0,0,0,0,0,0,42,"28.4478° N, 76.9703° E",28.4478,76.9703
2538,flat,tata primanti,sector 72,3.21,16050.0,3,4,3+,15.0,Relatively New,S69421026,2140.0,0,0,0,1,0,2,174,"28.4225° N, 77.0211° E",28.4225,77.0211
2539,flat,puri diplomatic greens,sector 111,3.65,12372.0,4,5,3+,17.0,Moderately Old,N68299678,2670.0,0,0,0,1,0,0,132,"28.5238° N, 77.0320° E",28.5238,77.032
2540,flat,assotech blith,sector 99,1.15,6593.0,2,2,2,2.0,New Property,M48650859,1235.0,0,0,0,0,1,2,72,"28.4640° N, 76.9614° E",28.464,76.9614
2541,flat,palam vihar extension west zone rwa,sector 2,0.2,4000.0,1,1,1,1.0,Moderately Old,V62809262,556.0,0,0,0,0,1,0,0,"28.5095° N, 77.0320° E",28.5095,77.032
2542,flat,palam vihar society,sector 2,3.35,7444.0,4,4,3+,2.0,New Property,M68426170,5000.0,1,0,0,0,0,0,66,"28.5095° N, 77.0320° E",28.5095,77.032
2543,flat,tulip violet,sector 69,1.36,8618.0,3,3,2,12.0,Relatively New,Q69393568,1428.0,0,1,0,0,0,2,49,"28.3966° N, 77.0341° E",28.3966,77.0341
2544,flat,dlf ridgewood estate,sector 28,2.0,14598.0,3,3,1,12.0,Old Property,Z69888974,1240.0,0,0,0,0,0,2,96,"28.4728° N, 77.0865° E",28.4728,77.0865
2545,house,independent,sector 23,5.1,16569.0,3,2,0,1.0,Old Property,X70075340,3078.0,0,0,0,0,1,0,27,"28.5121° N, 77.0478° E",28.5121,77.0478
2546,flat,signature global grand iva,sector 103,0.5,6667.0,2,2,0,10.0,Relatively New,T69796308,750.0,0,0,0,0,0,0,0,"28.4949° N, 76.9845° E",28.4949,76.9845
2547,flat,smart world orchard,sector 61,1.6,13913.0,2,2,2,3.0,New Property,K68962668,1278.0,1,0,0,0,0,0,122,"28.4050° N, 77.0963° E",28.405,77.0963
2548,house,independent,sector 57,3.3,19097.0,4,4,2,3.0,Moderately Old,P69158988,1728.0,0,0,1,0,0,2,60,"28.4232° N, 77.0752° E",28.4232,77.0752
2549,flat,ss the leaf,sector 85,1.22,13318.0,2,2,3,16.0,Relatively New,D69748150,1300.0,0,0,1,0,0,0,81,"28.4042° N, 76.9513° E",28.4042,76.9513
2550,flat,dlf regal gardens,sector 90,1.23,7052.0,3,3,2,19.0,Relatively New,P69882830,1578.0,0,0,0,0,1,0,6,"28.4085° N, 76.9369° E",28.4085,76.9369
2551,flat,ireo skyon,sector 60,2.85,13936.0,3,4,3+,5.0,Relatively New,G70024212,2045.0,0,0,0,1,0,2,174,"28.4003° N, 77.0975° E",28.4003,77.0975
2552,flat,bestech park view grand spa,sector 81,4.7,6786.0,4,4,3+,19.0,Relatively New,R61758448,6268.0,0,0,0,1,0,2,140,"28.3867° N, 76.9485° E",28.3867,76.9485
2553,flat,ss the leaf,sector 85,1.1,12471.0,2,2,3,12.0,Relatively New,F69747972,1173.0,1,0,0,0,0,0,75,"28.4042° N, 76.9513° E",28.4042,76.9513
2554,flat,palam vihar society,sector 2,0.4,8602.0,1,1,1,5.0,Moderately Old,W47302533,450.0,0,0,0,0,0,2,39,"28.5095° N, 77.0320° E",28.5095,77.032
2555,flat,sare crescent parc,sector 92,0.51,4080.0,3,2,2,2.0,Relatively New,P69745102,1131.0,0,0,0,0,0,0,72,"28.4079° N, 76.9153° E",28.4079,76.9153
2556,house,signature global city 81,sector 81,0.75,6849.0,3,2,3,4.0,Under Construction,G65646982,1095.0,1,0,0,0,0,0,97,"28.3867° N, 76.9485° E",28.3867,76.9485
2557,flat,bestech park view sanskruti,sector 92,1.55,7769.0,3,4,3,8.0,Relatively New,G69282624,1805.0,0,0,0,1,0,0,49,"28.4079° N, 76.9153° E",28.4079,76.9153
2558,flat,shree vardhman victoria,sector 70,1.55,7948.0,3,3,3,6.0,Relatively New,U69660564,1527.0,1,1,0,1,1,0,49,"28.3968° N, 77.0233° E",28.3968,77.0233
2559,flat,mapsko royale ville,sector 82,0.99,5530.0,3,4,2,14.0,New Property,I37314081,1620.0,0,0,0,1,0,0,95,"28.3935° N, 76.9600° E",28.3935,76.96
2560,flat,tulip violet,sector 69,1.19,8814.0,2,3,1,0.0,Relatively New,X69575972,1500.0,1,0,0,0,0,0,174,"28.3966° N, 77.0341° E",28.3966,77.0341
2561,flat,ramsons kshitij,sector 95,0.3,3158.0,2,2,1,11.0,New Property,R68021924,950.0,0,0,0,0,0,0,0,"28.4172° N, 76.9081° E",28.4172,76.9081
2562,flat,smart world orchard,sector 61,2.2,14202.0,3,3,2,4.0,New Property,J69350180,1721.0,0,0,0,0,0,0,152,"28.4050° N, 77.0963° E",28.405,77.0963
2563,flat,dlf the arbour,sector 63,8.5,21519.0,4,4,0,27.0,New Property,G69654548,3950.0,0,0,0,0,0,0,61,"28.3971° N, 77.0867° E",28.3971,77.0867
2564,house,sector 15 part 2 rwa,sector 15,10.0,22222.0,5,5,2,2.0,Old Property,Z65087414,4518.0,0,0,0,0,0,0,49,"28.4621° N, 77.0464° E",28.4621,77.0464
2565,flat,awho shanti vihar,sector 95,0.82,9879.0,2,2,3+,13.0,New Property,X62867284,1095.0,1,0,0,0,0,0,114,"28.4172° N, 76.9081° E",28.4172,76.9081
2566,flat,sare green parc phase 3,sector 92,1.1,6875.0,4,3,2,12.0,New Property,N69756690,1778.0,0,0,0,0,0,0,15,"28.4079° N, 76.9153° E",28.4079,76.9153
2567,house,unitech uniworld resorts,sector 33,8.5,17820.0,5,5,3+,3.0,New Property,C61422072,4770.0,1,1,1,1,0,2,145,"28.4420° N, 77.0207° E",28.442,77.0207
2568,flat,puri emerald bay,sector 104,1.5,9678.0,2,2,2,7.0,Under Construction,Q21308628,1403.0,0,0,0,0,1,0,43,"28.4788° N, 76.9960° E",28.4788,76.996
2569,flat,shree vardhman victoria,sector 70,1.6,8205.0,3,5,3,6.0,Relatively New,D69342992,2167.0,0,0,0,1,0,0,174,"28.3968° N, 77.0233° E",28.3968,77.0233
2570,flat,dlf the skycourt,sector 86,1.55,8035.0,3,3,3+,12.0,Relatively New,J64460566,1500.0,0,0,0,0,1,1,166,"28.3986° N, 76.9384° E",28.3986,76.9384
2571,house,independent,sector 46,2.25,2723.0,4,3,3,3.0,Relatively New,E69847672,90.0,1,0,0,0,0,2,35,"28.4374° N, 77.0586° E",28.4374,77.0586
2572,flat,bptp terra,sector 37d,1.55,8558.0,3,3,3+,11.0,Relatively New,E66282494,1639.0,0,0,0,0,0,0,79,"28.4478° N, 76.9703° E",28.4478,76.9703
2573,flat,signature global city 92,sector 92,0.99,6622.0,3,2,3,1.0,New Property,L69323828,1661.0,0,0,0,0,1,0,37,"28.4079° N, 76.9153° E",28.4079,76.9153
2574,flat,signature global solera 2,sector 107,0.37,6680.0,2,2,2,9.0,New Property,Z69017044,615.0,0,0,0,0,0,0,23,"28.5052° N, 76.9729° E",28.5052,76.9729
2575,flat,shree vardhman victoria,sector 70,1.6,8205.0,3,3,3,10.0,Relatively New,C69686140,1527.0,1,1,0,1,1,0,43,"28.3968° N, 77.0233° E",28.3968,77.0233
2576,flat,emaar mgf the palm drive,sector 66,3.2,17777.0,3,3,3,12.0,Relatively New,M62421562,1800.0,1,1,1,1,0,0,117,"28.3925° N, 77.0541° E",28.3925,77.0541
2577,house,independent,sector 25,4.45,32963.0,4,3,3+,2.0,Moderately Old,S69606324,1350.0,0,0,1,0,0,0,79,"28.4844° N, 77.0860° E",28.4844,77.086
2578,flat,ireo victory valley,sector 67,2.95,12110.0,3,3,3+,14.0,Moderately Old,C69950908,2236.0,0,1,0,1,0,2,165,"28.3859° N, 77.0608° E",28.3859,77.0608
2579,flat,kanchanjanga tower,sector 56,1.45,7631.0,3,3,3+,2.0,Moderately Old,E69440440,1719.0,0,0,0,0,0,2,126,"28.4245° N, 77.0991° E",28.4245,77.0991
2580,flat,the roselia 2,sector 95,0.45,6475.0,2,2,2,19.0,New Property,N69442252,695.0,0,0,0,0,0,0,0,"28.4172° N, 76.9081° E",28.4172,76.9081
2581,flat,ramprastha primera,sector 37d,1.08,6000.0,3,3,3,9.0,Relatively New,V70105556,1700.0,0,0,0,0,0,0,158,"28.4478° N, 76.9703° E",28.4478,76.9703
2582,flat,m3m soulitude,sector 89,1.28,8827.0,3,3,2,4.0,Under Construction,Z69434718,1611.0,1,0,0,0,0,0,114,"28.4253° N, 76.9439° E",28.4253,76.9439
2583,flat,paras dews,sector 106,1.17,6647.0,3,4,3+,12.0,Relatively New,C69430468,1186.0,0,0,0,1,0,0,49,"28.5007° N, 77.0003° E",28.5007,77.0003
2584,flat,conscient heritage max,sector 102,2.0,9306.0,3,4,3+,13.0,Relatively New,O69713570,1900.0,1,0,0,1,0,2,174,"28.4750° N, 76.9715° E",28.475,76.9715
2585,flat,conscient heritage max,sector 102,1.82,9011.0,3,4,3+,12.0,Relatively New,N69573174,1757.0,0,0,0,1,0,0,101,"28.4750° N, 76.9715° E",28.475,76.9715
2586,flat,guru gram haryana cghs,sector 56,1.39,7227.0,3,3,3,4.0,Moderately Old,K69490448,1738.0,1,0,0,0,0,2,134,"28.4245° N, 77.0991° E",28.4245,77.0991
2587,flat,parsvnath green ville,sector 48,1.6,8376.0,3,3,3,13.0,Old Property,Y69851152,1700.0,0,0,0,0,1,2,119,"28.4177° N, 77.0359° E",28.4177,77.0359
2588,flat,essel towers,sector 14,2.75,12500.0,4,5,3+,8.0,Old Property,X69473988,2200.0,1,0,0,1,0,1,128,"28.4711° N, 77.0454° E",28.4711,77.0454
2589,flat,ild greens,sector 37c,1.0,4723.0,3,3,3,3.0,Under Construction,P33152685,1629.0,0,0,0,0,0,0,51,"28.4515° N, 76.9882° E",28.4515,76.9882
2590,house,vipul tatvam villa,sector 48,5.5,21219.0,3,6,2,2.0,Moderately Old,L56576470,2592.0,0,0,0,1,1,2,106,"28.4177° N, 77.0359° E",28.4177,77.0359
2591,house,independent,sector 82,7.0,21605.0,4,4,3+,1.0,Relatively New,H69959306,3240.0,1,1,0,1,0,2,49,"28.3935° N, 76.9600° E",28.3935,76.96
2592,flat,godrej nature plus,sector 33,1.7,12592.0,3,3,3+,6.0,New Property,B69894858,1500.0,0,0,0,1,0,0,38,"28.4420° N, 77.0207° E",28.442,77.0207
2593,flat,tata primanti,sector 72,3.2,12190.0,4,4,3+,8.0,Moderately Old,F69315812,2600.0,0,0,0,1,0,2,168,"28.4225° N, 77.0211° E",28.4225,77.0211
2594,flat,ats kocoon,sector 109,2.22,10596.0,3,3,3,20.0,Relatively New,L50048206,1896.0,0,0,0,1,1,0,79,"28.5073° N, 77.0089° E",28.5073,77.0089
2595,flat,shapoorji pallonji joyville gurugram,sector 102,1.3,17691.0,2,2,3,0.0,Relatively New,J69435020,1009.0,0,0,1,0,0,0,125,"28.4750° N, 76.9715° E",28.475,76.9715
2596,house,independent,sector 43,14.0,39886.0,9,9,3+,4.0,Moderately Old,V69541138,3510.0,0,0,0,1,0,0,7,"28.4629° N, 77.0772° E",28.4629,77.0772
2597,flat,pivotal devaan,sector 84,0.35,7276.0,2,2,1,10.0,Relatively New,S69849064,531.0,0,0,1,0,0,0,103,"28.3979° N, 76.9736° E",28.3979,76.9736
2598,house,independent,sector 26,17.0,37627.0,5,5,3+,2.0,Relatively New,B70360116,4518.0,1,1,1,1,0,2,124,"28.4757° N, 77.1032° E",28.4757,77.1032
2599,flat,park view apartment,sector 56,1.74,7565.0,3,3,3+,2.0,Old Property,X69430548,2400.0,0,1,0,1,0,2,104,"28.4245° N, 77.0991° E",28.4245,77.0991
2600,flat,emaar gurgaon greens,sector 102,1.4,8484.0,3,3,3,3.0,Relatively New,E69628180,1315.0,0,0,0,1,0,0,60,"28.4750° N, 76.9715° E",28.475,76.9715
2601,house,dlf new town heights,sector 86,2.5,7058.0,4,4,3+,3.0,Moderately Old,I68670824,3400.0,1,1,1,1,0,2,142,"28.3986° N, 76.9384° E",28.3986,76.9384
2602,flat,vatika the seven lamps,sector 82,0.78,5932.0,2,2,2,0.0,Relatively New,I69248072,1175.0,0,0,0,0,0,2,103,"28.3935° N, 76.9600° E",28.3935,76.96
2603,flat,bestech park view city,sector 48,1.78,10022.0,3,4,2,5.0,Relatively New,C69267728,1526.0,1,1,0,0,0,0,53,"28.4177° N, 77.0359° E",28.4177,77.0359
2604,flat,bestech altura,sector 79,1.85,8604.0,3,4,3+,11.0,New Property,B68809960,1946.0,0,0,0,1,0,0,49,"28.3624° N, 76.9787° E",28.3624,76.9787
2605,flat,emaar mgf the palm drive,sector 66,3.0,15384.0,3,3,2,12.0,Relatively New,Z69406478,1950.0,0,0,0,1,0,0,96,"28.3925° N, 77.0541° E",28.3925,77.0541
2606,house,unitech espace,sector 50,7.5,34722.0,3,3,2,2.0,Moderately Old,O68534884,2160.0,0,0,0,1,0,2,66,"28.4178° N, 77.0628° E",28.4178,77.0628
2607,flat,puri emerald bay,sector 104,2.3,9387.0,3,4,3+,10.0,Moderately Old,J69578070,2217.0,0,0,0,1,0,0,101,"28.4788° N, 76.9960° E",28.4788,76.996
2608,flat,emaar gurgaon greens,sector 102,1.45,8787.0,3,3,3,7.0,Relatively New,C68648152,1493.0,0,0,0,1,0,0,159,"28.4750° N, 76.9715° E",28.475,76.9715
2609,flat,ss the leaf,sector 85,1.17,6720.0,2,3,3,10.0,Relatively New,K69980068,1550.0,0,0,0,0,1,0,49,"28.4042° N, 76.9513° E",28.4042,76.9513
2610,flat,puri diplomatic greens,sector 111,3.5,11864.0,4,5,3+,10.0,Relatively New,A70193390,2700.0,0,0,0,1,0,2,49,"28.5238° N, 77.0320° E",28.5238,77.032
2611,flat,ss the leaf,sector 85,1.78,7392.0,3,4,3+,6.0,New Property,U66846626,2179.0,0,0,1,0,0,0,113,"28.4042° N, 76.9513° E",28.4042,76.9513
2612,flat,mapsko mount ville,sector 79,1.25,7716.0,3,3,2,1.0,Relatively New,R69683448,1212.0,1,1,0,0,0,2,166,"28.3624° N, 76.9787° E",28.3624,76.9787
2613,flat,mapsko mount ville,sector 79,1.25,8389.0,3,3,3,18.0,Relatively New,I69670912,1058.0,1,0,0,0,0,2,102,"28.3624° N, 76.9787° E",28.3624,76.9787
2614,flat,zara aavaas,sector 104,0.22,7302.0,1,2,2,2.0,New Property,W62818262,335.0,0,0,0,0,0,0,60,"28.4788° N, 76.9960° E",28.4788,76.996
2615,flat,vipul belmonte,sector 53,6.5,21922.0,3,4,3+,0.0,Old Property,H65738664,2683.0,1,0,0,0,1,0,72,"28.4433° N, 77.0948° E",28.4433,77.0948
2616,house,independent,sector 26,4.5,33333.0,3,3,2,2.0,Old Property,I70255350,1350.0,0,1,0,0,0,2,58,"28.4757° N, 77.1032° E",28.4757,77.1032
2617,flat,shree vardhman flora,sector 90,1.0,5128.0,3,4,3,8.0,New Property,P54457592,1765.0,0,0,0,1,0,0,95,"28.4085° N, 76.9369° E",28.4085,76.9369
2618,house,international city by sobha phase 2,sector 109,9.5,26389.0,7,6,3,3.0,Relatively New,O69923352,3600.0,1,1,0,1,0,0,138,"28.5073° N, 77.0089° E",28.5073,77.0089
2619,flat,hsiidc sidco aravali,manesar,0.81,3129.0,3,3,3+,2.0,Moderately Old,M70128844,1900.0,0,0,0,1,0,0,74,"28.3515° N, 76.9428° E",28.3515,76.9428
2620,flat,godrej,sector 79,1.18,8532.0,2,2,3,7.0,Relatively New,B69483542,1252.0,0,0,0,0,0,0,158,"28.3624° N, 76.9787° E",28.3624,76.9787
2621,flat,pyramid urban homes 2,sector 86,0.5,9615.0,2,2,1,10.0,Relatively New,E68456930,578.0,0,0,0,0,0,0,15,"28.3986° N, 76.9384° E",28.3986,76.9384
2622,house,unitech aspen greens,sector 50,12.0,37037.0,3,4,2,1.0,Moderately Old,W69900620,3240.0,1,0,0,1,0,2,101,"28.4178° N, 77.0628° E",28.4178,77.0628
2623,flat,orchid petals,sector 49,1.9,10526.0,3,3,3,9.0,Moderately Old,Z64913346,2006.0,0,0,0,1,0,0,95,"28.4121° N, 77.0480° E",28.4121,77.048
2624,house,independent,sector 7,2.25,16892.0,5,3,0,2.0,Old Property,B68021340,148.0,0,0,0,0,0,0,0,"28.4644° N, 77.0143° E",28.4644,77.0143
2625,flat,ats tourmaline,sector 109,1.4,8000.0,3,3,3+,5.0,Relatively New,F68897920,1466.0,0,0,0,0,0,0,44,"28.5073° N, 77.0089° E",28.5073,77.0089
2626,flat,godrej nature plus,sector 33,1.45,15664.0,3,2,3+,20.0,Under Construction,J68451002,118.0,1,0,0,0,0,0,144,"28.4420° N, 77.0207° E",28.442,77.0207
2627,flat,dlf new town heights,sector 86,1.3,6735.0,3,3,3,15.0,Relatively New,F69818932,1715.0,0,1,0,1,0,2,49,"28.3986° N, 76.9384° E",28.3986,76.9384
2628,flat,dlf the ultima,sector 81,2.2,10476.0,3,4,3+,17.0,Relatively New,G68808754,1900.0,0,0,0,1,0,1,49,"28.3867° N, 76.9485° E",28.3867,76.9485
2629,house,independent,sector 5,3.5,15555.0,6,5,2,3.0,Old Property,O69953252,2250.0,1,1,0,1,1,1,155,"28.4794° N, 77.0176° E",28.4794,77.0176
2630,house,kothi,sector 17b,6.95,15444.0,4,4,3+,2.0,Old Property,W69409658,3500.0,1,1,1,1,0,0,33,"28.4806° N, 77.0663° E",28.4806,77.0663
2631,flat,sbtl caladium,sector 109,1.26,6542.0,3,2,3,8.0,Relatively New,Y69512836,1701.0,0,0,0,0,0,0,103,"28.5073° N, 77.0089° E",28.5073,77.0089
2632,flat,tulip violet,sector 69,1.3,8445.0,3,3,1,12.0,Relatively New,F69354316,1392.0,0,1,0,0,0,2,94,"28.3966° N, 77.0341° E",28.3966,77.0341
2633,flat,experion the heartsong,sector 108,1.7,8487.0,3,4,3+,14.0,Relatively New,J50076234,1500.29,0,0,0,1,0,0,119,"28.5134° N, 76.9830° E",28.5134,76.983
2634,flat,antriksh green,sector 45,2.25,7826.0,4,4,2,9.0,Old Property,N69587870,3194.0,0,0,0,1,0,1,23,"28.4466° N, 77.0660° E",28.4466,77.066
2635,flat,shree vardhman mantra,sector 67,0.56,7000.0,2,2,1,8.0,New Property,T70084808,889.0,0,0,0,0,0,0,65,"28.3859° N, 77.0608° E",28.3859,77.0608
2636,flat,indiabulls centrum park,sector 103,2.45,8521.0,4,4,3,11.0,Relatively New,Z70001878,2602.0,1,1,1,1,0,0,38,"28.4949° N, 76.9845° E",28.4949,76.9845
2637,flat,godrej nature plus,sector 33,1.27,9182.0,2,2,3+,9.0,Under Construction,T69360028,1252.0,0,0,0,0,0,0,38,"28.4420° N, 77.0207° E",28.442,77.0207
2638,house,dlf city plots,sector 26,12.5,38580.0,4,5,2,2.0,Moderately Old,K69941982,3240.0,1,0,0,1,0,2,121,"28.4757° N, 77.1032° E",28.4757,77.1032
2639,flat,shapoorji pallonji joyville gurugram,sector 102,1.95,13928.0,3,3,3,6.0,New Property,W69160942,1616.0,0,1,0,0,0,2,174,"28.4750° N, 76.9715° E",28.475,76.9715
2640,flat,dnha cghs,sector 1,0.85,3864.0,3,3,0,5.0,Moderately Old,U69074620,2200.0,0,0,0,0,0,0,0,"28.3663° N, 76.9456° E",28.3663,76.9456
2641,house,independent,sector 46,4.35,23693.0,3,8,2,3.0,Relatively New,G68321814,1836.0,1,1,0,0,0,2,19,"28.4374° N, 77.0586° E",28.4374,77.0586
2642,flat,ss residency,sector 6,0.48,5333.0,3,2,2,2.0,Moderately Old,N69223644,111.0,0,0,0,0,0,0,54,"28.4745° N, 77.0262° E",28.4745,77.0262
2643,flat,emaar mgf the palm drive,sector 66,1.51,15130.0,2,2,2,5.0,Relatively New,C69770156,1188.0,0,1,0,0,0,2,82,"28.3925° N, 77.0541° E",28.3925,77.0541
2644,house,independent,sector 40,2.15,23889.0,3,3,3,3.0,Moderately Old,Z67028886,900.0,1,1,1,0,0,0,45,"28.4498° N, 77.0567° E",28.4498,77.0567
2645,flat,sobha city,sector 108,4.1,23401.0,4,5,3,25.0,New Property,M68297870,2343.0,1,0,0,1,0,1,97,"28.5134° N, 76.9830° E",28.5134,76.983
2646,flat,mariners home,sector 56,2.11,8612.0,3,2,3,4.0,Relatively New,Q70021160,2250.0,0,0,0,0,1,2,126,"28.4245° N, 77.0991° E",28.4245,77.0991
2647,house,dlf new town heights,sector 86,2.47,7718.0,4,4,3+,2.0,Moderately Old,W66972060,2800.0,0,1,0,1,0,2,130,"28.3986° N, 76.9384° E",28.3986,76.9384
2648,flat,shapoorji pallonji joyville gurugram,sector 102,1.42,10380.0,2,2,3,14.0,Relatively New,K69091354,1368.0,0,0,0,0,0,0,0,"28.4750° N, 76.9715° E",28.475,76.9715
2649,flat,smart world orchard,sector 61,1.41,12250.0,2,2,2,2.0,Under Construction,H68286632,1150.0,1,0,0,0,0,0,76,"28.4050° N, 77.0963° E",28.405,77.0963
2650,flat,sare green parc,sector 92,0.75,4820.0,3,2,2,16.0,Relatively New,A69208846,1556.0,0,0,0,0,0,0,0,"28.4079° N, 76.9153° E",28.4079,76.9153
2651,flat,bestech altura,sector 79,1.85,8604.0,3,3,3,7.0,New Property,Z70038990,1650.0,0,0,0,1,0,0,53,"28.3624° N, 76.9787° E",28.3624,76.9787
2652,house,"nirmal enclave, maruti kunj road",sector 11,0.24,5333.0,2,2,0,2.0,Relatively New,O67448848,450.0,0,0,0,0,0,0,0,"28.4531° N, 77.0202° E",28.4531,77.0202
2653,flat,imperia aashiyara,sector 37c,0.4,5882.0,2,2,3,3.0,Under Construction,Z68299634,756.0,0,0,0,0,0,0,126,"28.4515° N, 76.9882° E",28.4515,76.9882
2654,house,independent,sector 2,6.0,24691.0,5,6,3+,3.0,Old Property,B67592164,2430.0,1,1,0,0,1,2,43,"28.5095° N, 77.0320° E",28.5095,77.032
2655,flat,emaar mgf the enclave,sector 66,1.9,10555.0,3,4,2,8.0,Relatively New,L69816910,1850.0,0,0,0,1,0,2,174,"28.3925° N, 77.0541° E",28.3925,77.0541
2656,flat,sare crescent parc,sector 92,0.65,4596.0,3,3,3,3.0,Moderately Old,I64421760,1571.0,0,0,0,0,0,0,44,"28.4079° N, 76.9153° E",28.4079,76.9153
2657,flat,dlf new town heights,sector 86,1.26,6113.0,3,3,3,5.0,Moderately Old,A41264401,1747.0,0,0,0,1,1,0,113,"28.3986° N, 76.9384° E",28.3986,76.9384
2658,house,independent,sector 4,4.12,8889.0,2,1,3+,2.0,Moderately Old,I69849206,4635.0,0,0,0,0,0,0,0,"28.4738° N, 77.0107° E",28.4738,77.0107
2659,flat,sare green parc phase 3,sector 92,0.79,6086.0,3,2,2,15.0,New Property,C69898752,1175.0,0,0,0,0,0,0,29,"28.4079° N, 76.9153° E",28.4079,76.9153
2660,flat,dlf regal gardens,sector 90,1.13,6647.0,3,3,3+,8.0,Relatively New,S44698755,1566.0,0,0,0,0,1,0,72,"28.4085° N, 76.9369° E",28.4085,76.9369
2661,flat,vatika gurgaon,sector 83,1.25,6313.0,3,3,2,2.0,Relatively New,G69628664,1792.0,0,0,0,1,0,0,119,"28.3986° N, 76.9647° E",28.3986,76.9647
2662,flat,"godrej 101, sector 79",sector 79,1.25,9038.0,2,2,3,1.0,Relatively New,M69336192,1383.0,0,0,0,0,0,0,0,"28.3624° N, 76.9787° E",28.3624,76.9787
2663,flat,bestech park view residency,sector 2,0.98,6261.0,2,2,3,14.0,Moderately Old,G70072150,1416.0,1,0,0,0,0,0,92,"28.5095° N, 77.0320° E",28.5095,77.032
2664,flat,spaze privvy the address,sector 93,1.25,5701.0,4,4,3,16.0,Relatively New,N69775826,2105.0,0,0,0,0,0,0,0,"28.4153° N, 76.9326° E",28.4153,76.9326
2665,flat,the close north,sector 50,2.7,10364.0,3,3,3+,6.0,Moderately Old,D69391210,2400.0,0,0,0,1,0,0,174,"28.4178° N, 77.0628° E",28.4178,77.0628
2666,house,suncity township,sector 54,2.0,3440.0,9,9,3,11.0,Relatively New,C56088028,60.0,0,0,0,1,0,1,7,"28.4348° N, 77.1089° E",28.4348,77.1089
2667,flat,godrej summit,sector 104,1.3,7893.0,3,3,3,8.0,New Property,M31405239,1490.0,0,0,0,0,1,0,103,"28.4788° N, 76.9960° E",28.4788,76.996
2668,house,vatika india next,sector 83,1.7,7870.0,3,3,3+,4.0,New Property,T70114554,2160.0,0,1,0,1,0,0,0,"28.3986° N, 76.9647° E",28.3986,76.9647
2669,flat,ss the leaf,sector 85,2.1,8720.0,3,4,3+,6.0,Relatively New,Z69992096,2026.0,0,0,0,1,0,0,156,"28.4042° N, 76.9513° E",28.4042,76.9513
2670,house,independent,sector 10a,4.25,17955.0,4,3,2,1.0,Moderately Old,E68965024,2367.0,0,0,0,0,0,0,0,"28.4469° N, 77.0106° E",28.4469,77.0106
2671,house,independent,sector 26,5.8,32222.0,5,5,3+,2.0,Old Property,J69977200,1800.0,1,1,1,1,0,0,53,"28.4757° N, 77.1032° E",28.4757,77.1032
2672,flat,smart world one dxp,sector 113,3.45,13269.0,4,4,3,11.0,Under Construction,N66487262,2353.0,1,0,0,1,0,0,156,"28.5287° N, 77.0233° E",28.5287,77.0233
2673,flat,ats kocoon,sector 109,1.75,10028.0,3,3,3,10.0,Relatively New,C69314922,1550.0,0,1,0,0,0,2,49,"28.5073° N, 77.0089° E",28.5073,77.0089
2674,flat,dlf regency park,sector 28,1.35,11992.0,2,2,2,1.0,Moderately Old,M27000679,1109.0,0,0,0,0,0,0,0,"28.4728° N, 77.0865° E",28.4728,77.0865
2675,flat,bestech park view sanskruti,sector 92,2.0,8333.0,4,5,3+,12.0,Relatively New,D62330722,2453.0,0,0,0,1,0,2,60,"28.4079° N, 76.9153° E",28.4079,76.9153
2676,flat,ireo uptown,sector 66,1.5,11219.0,2,3,3,1.0,Relatively New,D47913335,1330.0,0,0,0,1,1,2,79,"28.3925° N, 77.0541° E",28.3925,77.0541
2677,flat,m3m capital,sector 113,2.51,14800.0,3,3,3+,2.0,Under Construction,H70148654,1696.0,1,0,0,0,0,0,49,"28.5287° N, 77.0233° E",28.5287,77.0233
2678,flat,la vida by tata housing,sector 113,2.33,12533.0,3,3,3,3.0,New Property,O68450756,2098.0,0,0,0,1,0,0,174,"28.5287° N, 77.0233° E",28.5287,77.0233
2679,house,independent,sector 40,5.0,21124.0,9,9,3+,3.0,Relatively New,Y69472158,2367.0,0,1,0,0,0,2,66,"28.4498° N, 77.0567° E",28.4498,77.0567
2680,flat,experion the heartsong,sector 108,0.93,6079.0,2,3,3,10.0,Relatively New,J69548476,1161.0,0,0,0,0,0,0,81,"28.5134° N, 76.9830° E",28.5134,76.983
2681,flat,m3m woodshire,sector 107,1.49,6310.0,3,4,3+,5.0,Relatively New,I67108708,2137.0,0,0,1,1,0,2,174,"28.5052° N, 76.9729° E",28.5052,76.9729
2682,house,sushant lok 1 builder floors,sector 43,1.65,3395.0,4,4,3+,4.0,Moderately Old,C69701422,540.0,0,0,0,0,1,1,49,"28.4629° N, 77.0772° E",28.4629,77.0772
2683,flat,mapsko mount ville,sector 79,1.65,9091.0,3,3,0,12.0,Relatively New,S69041162,1815.0,0,0,0,0,0,0,0,"28.3624° N, 76.9787° E",28.3624,76.9787
2684,flat,shapoorji pallonji joyville gurugram,sector 102,0.96,10491.0,2,2,2,10.0,Relatively New,N69975482,828.0,0,0,0,0,0,0,132,"28.4750° N, 76.9715° E",28.475,76.9715
2685,house,independent,sector 49,4.45,15451.0,6,6,3,3.0,Moderately Old,X68250584,2880.0,1,1,1,1,0,1,152,"28.4121° N, 77.0480° E",28.4121,77.048
2686,flat,sidhartha ncr one,sector 95,0.57,4179.0,2,2,2,10.0,New Property,G64213930,1364.0,0,0,0,0,0,0,0,"28.4172° N, 76.9081° E",28.4172,76.9081
2687,flat,dlf the ultima,sector 81,2.3,14375.0,3,4,3+,18.0,Relatively New,I70153362,1854.0,0,0,0,1,0,1,174,"28.3867° N, 76.9485° E",28.3867,76.9485
2688,house,independent,sector 55,3.1,20026.0,5,4,3+,2.0,Moderately Old,T69469218,1548.0,0,0,1,1,0,2,59,"28.4281° N, 77.1100° E",28.4281,77.11
2689,flat,jmd gardens,sector 33,3.25,7510.0,4,4,3+,17.0,Old Property,U66966014,4809.0,0,0,0,1,0,2,130,"28.4420° N, 77.0207° E",28.442,77.0207
2690,flat,bestech park view sanskruti,sector 92,1.9,8172.0,4,4,3+,10.0,Relatively New,B69204416,1920.0,1,1,0,1,1,0,49,"28.4079° N, 76.9153° E",28.4079,76.9153
2691,house,independent,sector 24,11.0,28902.0,8,11,3+,3.0,Old Property,Y787895,5000.0,1,1,0,1,1,2,39,"28.4939° N, 77.1038° E",28.4939,77.1038
2692,flat,supertech araville,sector 79,0.78,6023.0,2,2,3+,17.0,Relatively New,Q56812416,1172.0,0,0,0,0,0,0,24,"28.3624° N, 76.9787° E",28.3624,76.9787
2693,flat,bestech park view grand spa,sector 81,2.4,9022.0,3,4,3+,8.0,New Property,T69329376,2407.0,1,0,0,1,0,2,167,"28.3867° N, 76.9485° E",28.3867,76.9485
2694,flat,om apartment dayanand colony,sector 5,0.26,4373.0,1,1,1,3.0,Relatively New,F69282174,648.0,0,0,0,0,0,0,14,"28.4794° N, 77.0176° E",28.4794,77.0176
2695,flat,ats triumph,sector 104,1.85,8078.0,3,3,3+,24.0,Relatively New,S69696582,2072.0,0,0,0,1,0,0,174,"28.4788° N, 76.9960° E",28.4788,76.996
2696,flat,satya element one,sector 49,0.8,11111.0,1,1,1,0.0,Moderately Old,I65933202,720.0,0,0,0,0,0,0,0,"28.4121° N, 77.0480° E",28.4121,77.048
2697,flat,ss the coralwood,sector 84,1.1,4857.0,3,3,2,9.0,Relatively New,H66415758,1584.0,0,0,0,0,0,0,75,"28.3979° N, 76.9736° E",28.3979,76.9736
2698,flat,vatika gurgaon,sector 83,1.25,6313.0,3,3,2,12.0,Moderately Old,D65295232,1700.0,0,0,0,1,0,0,95,"28.3986° N, 76.9647° E",28.3986,76.9647
2699,flat,antriksh heights,sector 84,0.9,6206.0,3,3,3+,12.0,Relatively New,F69199464,1525.0,0,0,0,0,0,0,166,"28.3979° N, 76.9736° E",28.3979,76.9736
2700,house,independent,sector 82,7.5,23148.0,5,5,3+,2.0,Relatively New,N69979536,3240.0,0,1,0,1,0,2,135,"28.3935° N, 76.9600° E",28.3935,76.96
2701,flat,emaar mgf palm terraces select,sector 66,3.4,14107.0,4,4,3+,2.0,Relatively New,V69130074,2210.0,0,0,0,1,0,2,157,"28.3925° N, 77.0541° E",28.3925,77.0541
2702,flat,emaar palm gardens,sector 83,1.6,8648.0,3,3,3+,6.0,Relatively New,V69577056,1674.0,1,1,1,1,0,2,167,"28.3986° N, 76.9647° E",28.3986,76.9647
2703,flat,bestech park view ananda,sector 81,0.9,6618.0,2,2,3,8.0,New Property,I33754205,1231.0,0,0,0,0,1,0,60,"28.3867° N, 76.9485° E",28.3867,76.9485
2704,house,independent,sector 4,1.1,6111.0,4,4,3+,2.0,Old Property,F62827022,1800.0,0,0,0,0,0,0,7,"28.4738° N, 77.0107° E",28.4738,77.0107
2705,flat,suncity heights,sector 54,3.85,16445.0,3,3,3+,8.0,Old Property,O70167560,2119.0,0,0,0,1,0,0,67,"28.4348° N, 77.1089° E",28.4348,77.1089
2706,house,dlf new town heights,sector 86,2.5,7827.0,4,5,3+,4.0,Moderately Old,P68426542,3194.0,0,1,0,1,1,2,49,"28.3986° N, 76.9384° E",28.3986,76.9384
2707,house,grover homes sec 4,sector 4,4.75,9374.0,5,5,1,1.0,Old Property,S69710120,5067.0,1,1,0,1,0,2,35,"28.4738° N, 77.0107° E",28.4738,77.0107
2708,flat,sidhartha ncr one phase,sector 95,0.6,4800.0,2,2,3,10.0,New Property,X69692376,1250.0,0,0,0,0,0,0,0,"28.4172° N, 76.9081° E",28.4172,76.9081
2709,flat,m3m woodshire,sector 107,1.4,5929.0,3,4,0,1.0,New Property,G55426686,2137.0,0,0,0,0,0,0,67,"28.5052° N, 76.9729° E",28.5052,76.9729
2710,flat,emaar digihomes,sector 62,2.45,16000.0,2,2,2,7.0,New Property,R69847680,1200.0,1,0,0,0,0,1,174,"28.4139° N, 77.0886° E",28.4139,77.0886
2711,house,independent,sector 23,5.5,13095.0,9,9,3+,3.0,Moderately Old,Y68229516,4200.0,0,0,0,1,1,2,0,"28.5121° N, 77.0478° E",28.5121,77.0478
2712,flat,zara aavaas,sector 104,0.2,6644.0,1,2,2,3.0,New Property,F56269788,334.0,0,0,0,0,0,0,67,"28.4788° N, 76.9960° E",28.4788,76.996
2713,flat,valley view estate,gwal pahari,1.5,7489.0,4,4,3+,10.0,Moderately Old,Y33568711,1850.0,0,0,0,0,0,0,58,"28.4484° N, 77.0210° E",28.4484,77.021
2714,flat,bptp freedom park life,sector 57,2.5,11111.0,3,3,3,9.0,Moderately Old,S68706654,2036.0,0,0,0,0,0,0,55,"28.4232° N, 77.0752° E",28.4232,77.0752
2715,house,independent,sector 45,7.35,29697.0,6,4,3+,3.0,Old Property,O69958494,2475.0,1,1,1,1,0,2,61,"28.4466° N, 77.0660° E",28.4466,77.066
2716,flat,ats triumph,sector 104,2.62,8317.0,4,4,3+,14.0,Relatively New,E69696890,2851.0,0,0,0,1,0,0,174,"28.4788° N, 76.9960° E",28.4788,76.996
2717,flat,signature global solera,sector 107,0.35,6398.0,2,2,2,8.0,Relatively New,P69217264,608.0,0,0,0,0,0,0,45,"28.5052° N, 76.9729° E",28.5052,76.9729
2718,house,independent,sector 4,0.4,8889.0,1,1,0,1.0,Moderately Old,P54666248,450.0,0,0,0,0,0,0,0,"28.4738° N, 77.0107° E",28.4738,77.0107
2719,flat,rof ananda,sector 95,0.38,5899.0,3,2,1,2.0,Relatively New,J69978520,716.0,0,1,0,0,0,2,66,"28.4172° N, 76.9081° E",28.4172,76.9081
2720,flat,godrej summit,sector 104,1.35,5000.0,4,5,3+,0.0,Relatively New,I68502820,3000.0,1,1,1,1,0,0,112,"28.4788° N, 76.9960° E",28.4788,76.996
2721,house,independent,sector 6,0.5,8333.0,3,3,2,2.0,Moderately Old,Z70047144,600.0,0,1,0,0,0,0,0,"28.4745° N, 77.0262° E",28.4745,77.0262
2722,flat,ireo skyon,sector 60,2.12,15531.0,2,2,2,2.0,Relatively New,L69714282,1350.0,0,1,0,0,0,2,174,"28.4003° N, 77.0975° E",28.4003,77.0975
2723,flat,signature global solera,sector 107,0.28,5725.0,2,2,2,6.0,Relatively New,U69217200,543.0,0,0,0,0,0,0,45,"28.5052° N, 76.9729° E",28.5052,76.9729
2724,flat,ireo skyon,sector 60,3.8,13571.0,4,5,3,15.0,Moderately Old,S68411868,2791.0,0,0,0,1,0,2,145,"28.4003° N, 77.0975° E",28.4003,77.0975
2725,flat,pareena coban residences,sector 99a,1.08,6625.0,3,5,3,2.0,Relatively New,Q69102728,1750.0,0,0,0,1,1,0,49,"28.4561° N, 76.9542° E",28.4561,76.9542
2726,flat,experion windchants,sector 112,2.6,10651.0,2,2,3,8.0,Relatively New,N68670284,2441.0,0,0,0,0,0,0,168,"28.5189° N, 77.0183° E",28.5189,77.0183
2727,flat,imperia the esfera,sector 37c,0.86,5449.0,2,3,3,9.0,Relatively New,G70042116,1442.0,1,0,0,0,1,0,49,"28.4515° N, 76.9882° E",28.4515,76.9882
2728,flat,vatika city,sector 49,1.72,7818.0,3,3,2,2.0,Old Property,D69729550,2444.0,0,0,0,0,0,2,144,"28.4121° N, 77.0480° E",28.4121,77.048
2729,house,independent,sector 31,4.25,26235.0,5,5,3+,3.0,Moderately Old,Z70088924,1620.0,0,1,1,0,0,2,56,"28.4528° N, 77.0498° E",28.4528,77.0498
2730,house,vatika india next,sector 82,6.8,20988.0,4,4,3+,3.0,Relatively New,W69922318,3240.0,0,0,0,1,0,1,110,"28.3935° N, 76.9600° E",28.3935,76.96
2731,house,international city by sobha phase 1,sector 109,6.0,24691.0,4,4,3+,2.0,Relatively New,O69665526,2430.0,1,1,1,1,0,0,160,"28.5073° N, 77.0089° E",28.5073,77.0089
2732,house,independent,sector 26,19.0,42222.0,6,8,3+,3.0,Moderately Old,M70013508,4500.0,1,1,1,1,0,2,103,"28.4757° N, 77.1032° E",28.4757,77.1032
2733,flat,ats triumph,sector 104,2.55,13076.0,4,4,3+,21.0,Relatively New,J69054880,2509.0,0,0,0,1,0,0,150,"28.4788° N, 76.9960° E",28.4788,76.996
2734,flat,m3m woodshire,sector 107,0.9,6588.0,2,2,3+,14.0,New Property,M62958574,1236.0,0,0,0,0,0,0,67,"28.5052° N, 76.9729° E",28.5052,76.9729
2735,flat,ireo the grand arch,sector 58,2.2,16000.0,2,2,1,5.0,Relatively New,E69806312,1528.0,0,1,0,0,0,2,49,"28.4200° N, 77.1105° E",28.42,77.1105
2736,flat,signature global synera,sector 81,0.38,9500.0,1,1,2,3.0,Relatively New,E68280528,444.0,0,0,0,0,0,0,43,"28.3867° N, 76.9485° E",28.3867,76.9485
2737,house,independent,sector 8,0.45,9000.0,1,1,1,3.0,Moderately Old,I68022246,556.0,0,0,0,0,0,0,0,"28.3738° N, 76.8970° E",28.3738,76.897
2738,flat,ireo victory valley,sector 67,2.95,12235.0,3,3,3,10.0,Relatively New,I69942126,2150.0,0,0,0,1,0,2,174,"28.3859° N, 77.0608° E",28.3859,77.0608
2739,flat,tata primanti,sector 72,3.5,11428.0,4,5,3+,10.0,Relatively New,W8942961,2625.0,0,0,0,1,1,0,38,"28.4225° N, 77.0211° E",28.4225,77.0211
2740,house,ardee city,sector 52,5.5,20370.0,9,9,3+,3.0,Moderately Old,K65881034,2700.0,0,1,0,1,1,2,26,"28.4379° N, 77.0785° E",28.4379,77.0785
2741,flat,ats tourmaline,sector 109,1.5,8571.0,3,3,3+,7.0,Relatively New,D69316296,1466.0,0,0,0,0,0,0,165,"28.5073° N, 77.0089° E",28.5073,77.0089
2742,flat,whiteland blissville,sector 76,1.92,11794.0,3,3,2,3.0,Under Construction,O69125928,1628.0,0,0,0,0,0,0,61,"28.3935° N, 76.9888° E",28.3935,76.9888
2743,house,independent,sector 17,3.5,24306.0,2,6,3+,3.0,Old Property,H68484238,1440.0,0,0,0,0,0,0,0,"28.4791° N, 77.0608° E",28.4791,77.0608
2744,flat,central park flower valley aqua front towers,sector 33,1.7,9502.0,3,3,3,12.0,Under Construction,L57626300,1619.0,0,0,0,0,0,0,24,"28.4420° N, 77.0207° E",28.442,77.0207
2745,flat,m3m skywalk,sector 74,1.4,9831.0,2,2,2,17.0,New Property,X69308632,1289.0,0,0,0,0,0,2,167,"28.4158° N, 77.0118° E",28.4158,77.0118
2746,house,signature global city 63a,sector 63,1.5,6289.0,3,3,2,1.0,New Property,T66815322,2385.0,0,0,0,0,0,0,0,"28.3971° N, 77.0867° E",28.3971,77.0867
2747,house,independent,sector 26,7.0,39260.0,5,5,2,3.0,Relatively New,S69858366,1783.0,0,0,0,1,0,0,9,"28.4757° N, 77.1032° E",28.4757,77.1032
2748,flat,pareena coban residences,sector 99a,1.38,7150.0,4,5,3+,1.0,Relatively New,B69102822,2150.0,0,0,0,1,1,0,49,"28.4561° N, 76.9542° E",28.4561,76.9542
2749,flat,sobha city,sector 108,2.4,17378.0,2,2,2,14.0,New Property,K70067632,1250.0,0,0,0,0,0,2,113,"28.5134° N, 76.9830° E",28.5134,76.983
2750,flat,microtek greenburg,sector 86,1.45,9797.0,3,2,3,8.0,Relatively New,M69031366,1480.0,0,0,0,0,0,1,72,"28.3986° N, 76.9384° E",28.3986,76.9384
2751,flat,unitech fresco,sector 50,1.8,9589.0,3,4,3+,6.0,Moderately Old,X70105152,1870.0,0,0,0,1,0,2,174,"28.4178° N, 77.0628° E",28.4178,77.0628
2752,flat,vatika sovereign park,sector 99,2.45,8812.0,3,4,3,1.0,New Property,O69042106,2516.0,0,0,0,1,0,2,165,"28.4640° N, 76.9614° E",28.464,76.9614
2753,flat,experion the heartsong,sector 108,1.2,6825.0,3,2,3+,11.0,Relatively New,A69625254,1550.0,0,1,0,1,0,2,174,"28.5134° N, 76.9830° E",28.5134,76.983
2754,flat,tata primanti,sector 72,4.0,13769.0,4,5,2,7.0,Moderately Old,S68515274,2629.0,0,0,0,1,0,0,38,"28.4225° N, 77.0211° E",28.4225,77.0211
2755,flat,experion the heartsong,sector 108,2.29,8240.0,4,5,3+,8.0,Relatively New,O60974924,2779.0,0,0,0,1,0,0,95,"28.5134° N, 76.9830° E",28.5134,76.983
2756,flat,ss the leaf,sector 85,1.07,6524.0,2,2,3,21.0,Relatively New,U69233522,1484.0,0,1,0,0,0,0,67,"28.4042° N, 76.9513° E",28.4042,76.9513
2757,flat,bestech park view residency,sector 2,1.4,7865.0,3,3,3+,8.0,Moderately Old,K70072250,1611.0,0,0,0,0,0,0,92,"28.5095° N, 77.0320° E",28.5095,77.032
2758,flat,smart world gems,sector 89,1.16,10500.0,3,2,3,1.0,New Property,P69352646,998.0,1,0,0,0,0,0,49,"28.4253° N, 76.9439° E",28.4253,76.9439
2759,flat,ambience creacions,sector 22,3.99,12912.0,3,5,3+,3.0,New Property,P30918183,2796.0,0,0,0,1,0,1,102,"28.5072° N, 77.0640° E",28.5072,77.064
2760,flat,emaar mgf emerald floors premier,sector 65,2.25,13636.0,3,3,3+,3.0,Relatively New,N66241946,1493.0,1,0,0,1,0,0,152,"28.4030° N, 77.0690° E",28.403,77.069
2761,flat,indiabulls centrum park,sector 103,1.15,7765.0,2,2,3,8.0,Relatively New,U69009816,1250.0,1,0,0,0,0,2,135,"28.4949° N, 76.9845° E",28.4949,76.9845
2762,house,not applicable,sector 4,0.8,6088.0,5,4,3,3.0,Under Construction,V68482446,146.0,0,0,0,0,0,0,0,"28.4738° N, 77.0107° E",28.4738,77.0107
2763,flat,apna enclave,sector 3,0.58,6105.0,2,2,2,2.0,Old Property,G56507400,900.0,0,0,0,0,0,0,66,"28.4909° N, 77.0176° E",28.4909,77.0176
2764,flat,signature global park 4,sector 36,0.72,6660.0,3,2,3,3.0,Under Construction,F65995402,978.0,0,0,0,0,0,0,0,"28.4160° N, 76.9914° E",28.416,76.9914
2765,flat,bptp terra,sector 37d,1.95,14444.0,4,3,3,7.0,Under Construction,A68475410,1650.0,0,0,0,0,0,0,53,"28.4478° N, 76.9703° E",28.4478,76.9703
2766,house,independent,sector 11,2.1,17284.0,2,6,3+,3.0,Relatively New,I68510464,1215.0,0,0,0,0,0,0,14,"28.4531° N, 77.0202° E",28.4531,77.0202
2767,flat,sidhartha ncr one,sector 95,0.55,5556.0,2,2,3,15.0,New Property,W66184546,990.0,0,0,0,0,0,0,0,"28.4172° N, 76.9081° E",28.4172,76.9081
2768,flat,emaar palm gardens,sector 83,1.75,9210.0,3,3,3+,11.0,Relatively New,I69881898,1549.0,0,0,0,1,0,0,120,"28.3986° N, 76.9647° E",28.3986,76.9647
2769,house,ansal sushant lok plots,sector 43,3.3,26570.0,1,1,0,2.0,Under Construction,Y69091814,1242.0,0,0,0,0,0,0,0,"28.4629° N, 77.0772° E",28.4629,77.0772
2770,house,international city by sobha phase 1,sector 109,6.0,24691.0,4,5,3+,2.0,Relatively New,X69122618,2430.0,0,0,0,1,0,2,96,"28.5073° N, 77.0089° E",28.5073,77.0089
2771,flat,m3m the marina,sector 68,1.02,8095.0,2,2,2,11.0,Relatively New,Z70091460,1250.0,0,0,0,0,1,2,49,"28.3853° N, 77.0484° E",28.3853,77.0484
2772,flat,tulip violet,sector 69,1.9,9452.0,4,4,2,6.0,Relatively New,P69430032,1743.0,0,0,1,0,0,0,174,"28.3966° N, 77.0341° E",28.3966,77.0341
2773,house,independent,sector 26,8.9,32963.0,4,4,3+,2.0,Old Property,I66317624,2700.0,1,1,1,1,0,0,82,"28.4757° N, 77.1032° E",28.4757,77.1032
2774,flat,orchid petals,sector 49,2.45,11887.0,3,3,3,0.0,Relatively New,U70024910,1865.0,1,0,0,0,0,0,49,"28.4121° N, 77.0480° E",28.4121,77.048
2775,flat,emaar gurgaon greens,sector 102,1.54,9333.0,3,3,3,12.0,Relatively New,C70002144,1315.0,0,0,0,1,0,0,61,"28.4750° N, 76.9715° E",28.475,76.9715
2776,house,independent,sector 7,0.95,21111.0,2,1,1,3.0,New Property,O69262328,450.0,0,0,0,0,0,0,15,"28.4644° N, 77.0143° E",28.4644,77.0143
2777,flat,umang monsoon breeze,sector 78,0.88,4746.0,3,4,3,8.0,Moderately Old,N69099618,1668.0,0,1,0,1,0,0,111,"28.3733° N, 76.9729° E",28.3733,76.9729
2778,house,independent,sector 41,1.65,13750.0,1,1,0,1.0,Moderately Old,W67786326,1200.0,0,0,0,0,0,0,0,"28.4557° N, 77.0632° E",28.4557,77.0632
2779,flat,vatika the seven lamps,sector 82,0.89,8850.0,2,2,2,14.0,Relatively New,G69826712,1202.0,1,0,0,0,0,2,129,"28.3935° N, 76.9600° E",28.3935,76.96
2780,house,independent,sector 105,1.3,11555.0,3,3,1,2.0,Moderately Old,M68603318,1125.0,0,0,0,0,0,0,16,"28.4952° N, 77.0114° E",28.4952,77.0114
2781,house,ireo victory valley,sector 67,8.0,22222.0,6,7,3+,3.0,Moderately Old,B69964900,3600.0,1,1,1,1,0,2,151,"28.3859° N, 77.0608° E",28.3859,77.0608
2782,house,independent,sector 47,5.15,26615.0,3,9,3+,3.0,Relatively New,F70089250,1935.0,0,0,1,0,0,2,75,"28.4276° N, 77.0492° E",28.4276,77.0492
2783,flat,orchid petals,sector 49,2.09,11578.0,3,3,3,0.0,Relatively New,T70024810,1633.0,0,0,0,0,0,0,49,"28.4121° N, 77.0480° E",28.4121,77.048
2784,house,independent,sector 26,18.0,39841.0,5,4,3+,4.0,Moderately Old,U69690332,4518.0,1,1,1,1,0,2,113,"28.4757° N, 77.1032° E",28.4757,77.1032
2785,flat,ambience creacions,sector 22,2.4,17391.0,2,2,2,8.0,Relatively New,L69915070,1200.0,0,0,0,0,1,1,112,"28.5072° N, 77.0640° E",28.5072,77.064
2786,flat,ss the leaf,sector 85,1.83,7610.0,3,4,3,9.0,Relatively New,R69585006,1925.0,0,0,0,0,0,0,49,"28.4042° N, 76.9513° E",28.4042,76.9513
2787,flat,godrej summit,sector 104,1.35,5014.0,4,5,3+,0.0,Relatively New,P68403056,2991.0,1,1,1,1,0,0,88,"28.4788° N, 76.9960° E",28.4788,76.996
2788,flat,apna enclave,sector 3,0.5,7692.0,2,2,1,1.0,Old Property,H68850564,722.0,0,0,0,0,0,2,37,"28.4909° N, 77.0176° E",28.4909,77.0176
2789,flat,rof ananda,sector 95,0.31,5644.0,2,2,1,5.0,Relatively New,P69978952,610.0,0,1,0,0,0,2,74,"28.4172° N, 76.9081° E",28.4172,76.9081
2790,flat,m3m soulitude,sector 89,1.0,9066.0,2,2,2,2.0,New Property,P69680328,1226.0,1,0,0,0,0,0,49,"28.4253° N, 76.9439° E",28.4253,76.9439
2791,flat,sare green parc 2,sector 92,1.07,5246.0,4,3,3,10.0,Under Construction,G27149533,2040.0,1,0,0,1,0,0,86,"28.4079° N, 76.9153° E",28.4079,76.9153
2792,flat,shree vardhman flora,sector 90,0.64,4923.0,2,2,3,6.0,Old Property,O68310800,1199.0,1,0,0,0,0,0,103,"28.4085° N, 76.9369° E",28.4085,76.9369
2793,flat,dlf new town heights,sector 90,1.8,6600.0,4,4,3+,23.0,Moderately Old,K63352156,2468.0,0,0,0,0,0,0,67,"28.4085° N, 76.9369° E",28.4085,76.9369
2794,flat,ambience creacions,sector 22,4.63,14983.0,3,5,3+,5.0,New Property,L69964486,2796.0,0,0,0,1,1,0,120,"28.5072° N, 77.0640° E",28.5072,77.064
2795,flat,tulip violet,sector 69,1.7,8623.0,4,4,1,12.0,Relatively New,W69355346,1783.0,0,0,0,0,0,0,88,"28.3966° N, 77.0341° E",28.3966,77.0341
2796,flat,dlf regal gardens,sector 90,1.25,6459.0,3,3,3,10.0,Relatively New,Y41856015,1650.0,0,0,0,0,1,2,38,"28.4085° N, 76.9369° E",28.4085,76.9369
2797,flat,sidhartha ncr one phase,sector 95,0.43,3152.0,2,2,2,6.0,Relatively New,J66625644,1300.0,0,0,0,0,0,0,120,"28.4172° N, 76.9081° E",28.4172,76.9081
2798,flat,godrej summit,sector 104,1.05,5833.0,3,4,3+,7.0,Relatively New,Q69640110,2000.0,0,0,0,1,0,2,96,"28.4788° N, 76.9960° E",28.4788,76.996
2799,flat,hsiidc sidco shivalik apartments,manesar,0.73,3560.0,3,3,3+,2.0,Moderately Old,Q70128998,1705.0,0,0,0,1,0,0,80,"28.3515° N, 76.9428° E",28.3515,76.9428
2800,flat,on request,sector 103,1.69,9146.0,3,3,3+,8.0,Relatively New,M69829642,1670.0,0,0,0,0,0,0,49,"28.4949° N, 76.9845° E",28.4949,76.9845
2801,house,bhim garh kheri,sector 3,1.5,7576.0,7,2,0,1.0,Moderately Old,C68592482,1980.0,0,0,0,0,0,0,0,"28.4909° N, 77.0176° E",28.4909,77.0176
2802,house,landmark house,sector 43,2.75,25463.0,3,3,1,2.0,Moderately Old,F44144971,1080.0,0,1,0,0,0,0,21,"28.4629° N, 77.0772° E",28.4629,77.0772
2803,flat,vatika gurgaon,sector 83,1.42,8875.0,4,4,3,7.0,Relatively New,V65295042,2000.0,1,0,0,1,0,0,103,"28.3986° N, 76.9647° E",28.3986,76.9647
2804,flat,parsvnath green ville,sector 48,1.75,7201.0,3,3,3,7.0,Old Property,S69851304,2200.0,0,0,0,1,0,2,109,"28.4177° N, 77.0359° E",28.4177,77.0359
2805,flat,emaar mgf emerald floors premier,sector 65,2.85,14430.0,4,4,3,2.0,Relatively New,Q69099796,1975.0,1,0,0,1,0,0,21,"28.4030° N, 77.0690° E",28.403,77.069
2806,flat,signature global the millennia,sector 37d,0.6,9230.0,2,2,3,7.0,New Property,L68965444,625.0,0,0,0,0,0,0,35,"28.4478° N, 76.9703° E",28.4478,76.9703
2807,flat,microtek greenburg,sector 86,1.25,8445.0,2,2,3,13.0,Moderately Old,F69169052,1339.0,1,0,0,0,0,0,6,"28.3986° N, 76.9384° E",28.3986,76.9384
2808,flat,shapoorji pallonji joyville gurugram,sector 102,0.97,10601.0,2,2,2,12.0,New Property,N68217640,747.0,0,0,0,0,0,0,57,"28.4750° N, 76.9715° E",28.475,76.9715
2809,flat,parkwood westend,sector 92,0.7,5204.0,2,2,3,5.0,Under Construction,L47956793,1217.0,1,0,0,0,0,0,0,"28.4079° N, 76.9153° E",28.4079,76.9153
2810,flat,pyramid urban homes 2,sector 86,0.43,8582.0,2,2,1,6.0,New Property,Q69709364,557.0,1,0,0,0,0,0,92,"28.3986° N, 76.9384° E",28.3986,76.9384
2811,flat,sobha smriti apartments,sector 56,0.5,8333.0,1,1,2,3.0,Old Property,E68021668,667.0,0,0,0,0,0,0,0,"28.4245° N, 77.0991° E",28.4245,77.0991
2812,flat,ramprastha the edge towers,sector 37d,0.75,5319.0,2,2,3,19.0,Moderately Old,I69691096,1410.0,0,0,0,0,0,0,63,"28.4478° N, 76.9703° E",28.4478,76.9703
2813,flat,dlf the primus,sector 82a,1.59,10338.0,3,3,3+,5.0,Relatively New,D69723428,1668.0,0,0,0,0,1,1,167,"28.3858° N, 76.9686° E",28.3858,76.9686
2814,flat,orchid petals,sector 49,2.35,11559.0,3,3,3,15.0,Relatively New,P70125798,2030.0,0,0,0,0,1,0,49,"28.4121° N, 77.0480° E",28.4121,77.048
2815,house,vipul tatvam villa,sector 48,7.8,23148.0,4,4,3+,2.0,Relatively New,R61915240,3240.0,1,1,1,1,0,2,145,"28.4177° N, 77.0359° E",28.4177,77.0359
2816,flat,signature global orchard avenue,sector 93,0.36,6715.0,2,2,2,6.0,Relatively New,I69622378,604.0,0,0,0,0,0,0,16,"28.4153° N, 76.9326° E",28.4153,76.9326
2817,flat,tulip monsella,sector 53,8.25,28004.0,3,4,3,8.0,Under Construction,F68216448,2661.0,0,0,0,1,0,1,35,"28.4433° N, 77.0948° E",28.4433,77.0948
2818,flat,unitech the residences,sector 33,1.35,8737.0,3,4,2,8.0,Moderately Old,C69428930,1398.0,0,0,0,1,0,0,49,"28.4420° N, 77.0207° E",28.442,77.0207
2819,flat,dlf the skycourt,sector 86,1.6,8294.0,3,3,3+,9.0,Relatively New,S69471954,1548.0,0,0,0,0,1,2,167,"28.3986° N, 76.9384° E",28.3986,76.9384
2820,house,independent,sector 25,10.5,29022.0,5,5,3,3.0,Moderately Old,F69573494,3618.0,1,1,0,1,0,0,42,"28.4844° N, 77.0860° E",28.4844,77.086
2821,house,independent,sector 57,6.21,23000.0,6,6,3+,4.0,Old Property,J69994418,2700.0,1,1,1,1,0,0,52,"28.4232° N, 77.0752° E",28.4232,77.0752
2822,flat,paras dews,sector 106,1.35,8940.0,4,3,3,19.0,Old Property,H68151396,1678.0,0,0,0,1,0,0,112,"28.5007° N, 77.0003° E",28.5007,77.0003
2823,flat,maxworth city residences,sector 10a,0.8,6400.0,2,3,2,9.0,New Property,L62335910,1389.0,0,0,0,0,0,0,46,"28.4469° N, 77.0106° E",28.4469,77.0106
2824,flat,sare crescent parc royal greens phase 1,sector 92,0.75,4325.0,4,4,3+,3.0,Relatively New,P67904002,1734.0,0,0,0,0,0,0,93,"28.4079° N, 76.9153° E",28.4079,76.9153
2825,house,ansal sushant lok,sector 43,10.5,27911.0,4,4,2,2.0,Old Property,O70046168,3762.0,0,0,0,1,0,0,59,"28.4629° N, 77.0772° E",28.4629,77.0772
2826,flat,indiabulls enigma,sector 110,4.25,10953.0,5,5,3+,4.0,Relatively New,L69578382,3511.0,0,0,0,1,0,0,101,"28.5145° N, 77.0197° E",28.5145,77.0197
2827,flat,sbtl caladium,sector 109,1.6,6286.0,3,3,3,9.0,Relatively New,D69512940,2303.0,0,0,0,1,0,0,75,"28.5073° N, 77.0089° E",28.5073,77.0089
2828,house,independent,sector 2,1.0,8230.0,3,7,3+,3.0,Moderately Old,X68234360,1215.0,0,1,0,0,0,0,0,"28.5095° N, 77.0320° E",28.5095,77.032
2829,flat,bhagwati sadan,sector 12,1.15,5500.0,3,4,2,2.0,Old Property,L68930346,2000.0,0,0,0,1,1,0,0,"28.4723° N, 77.0320° E",28.4723,77.032
2830,flat,m3m woodshire,sector 107,0.82,6002.0,2,2,3+,7.0,Relatively New,U69550268,1236.0,0,0,0,0,0,0,111,"28.5052° N, 76.9729° E",28.5052,76.9729
2831,house,independent,sector 36,0.66,7168.0,2,2,3,4.0,New Property,V67079234,823.0,0,0,0,0,0,0,0,"28.4160° N, 76.9914° E",28.416,76.9914
2832,flat,ss the leaf,sector 85,2.7,7754.0,4,4,3+,23.0,New Property,Y67042868,3151.0,0,0,0,0,0,0,21,"28.4042° N, 76.9513° E",28.4042,76.9513
2833,flat,m3m woodshire,sector 107,1.29,8835.0,3,3,3+,1.0,Relatively New,P68258450,1690.0,0,1,0,0,0,2,174,"28.5052° N, 76.9729° E",28.5052,76.9729
2834,flat,indiabulls centrum park,sector 103,1.05,5861.0,2,2,3,1.0,Relatively New,K67904562,1365.0,0,0,0,0,0,2,51,"28.4949° N, 76.9845° E",28.4949,76.9845
2835,flat,smart world orchard,sector 61,1.6,13913.0,2,2,2,4.0,New Property,U69433708,1278.0,1,0,0,0,1,0,29,"28.4050° N, 77.0963° E",28.405,77.0963
2836,flat,spaze privy at,sector 84,1.2,7453.0,2,2,3,3.0,Relatively New,S69262092,1457.0,1,0,0,0,0,2,133,"28.3979° N, 76.9736° E",28.3979,76.9736
2837,house,independent,sector 2,2.55,16378.0,3,3,2,2.0,Old Property,U64835622,1557.0,0,0,0,0,0,0,8,"28.5095° N, 77.0320° E",28.5095,77.032
2838,flat,puri emerald bay,sector 104,2.65,15007.0,3,4,3,15.0,Relatively New,L69551250,2090.0,0,0,0,1,0,2,174,"28.4788° N, 76.9960° E",28.4788,76.996
2839,flat,emaar palm gardens,sector 83,1.73,9105.0,3,3,3,5.0,Relatively New,C69392058,1600.0,0,0,0,1,0,2,174,"28.3986° N, 76.9647° E",28.3986,76.9647
2840,flat,experion the heartsong,sector 108,1.25,9259.0,3,3,3,1.0,Relatively New,O69665246,1500.0,0,1,0,1,0,0,174,"28.5134° N, 76.9830° E",28.5134,76.983
2841,flat,the close north,sector 50,2.65,10685.0,3,4,3+,6.0,Moderately Old,K70103464,2470.0,0,0,0,1,0,2,174,"28.4178° N, 77.0628° E",28.4178,77.0628
2842,flat,la vida by tata housing,sector 113,3.05,15561.0,3,4,3,3.0,Relatively New,B69375744,2150.0,0,0,0,1,0,0,174,"28.5287° N, 77.0233° E",28.5287,77.0233
2843,flat,parsvnath exotica,sector 53,6.44,19000.0,4,4,3,7.0,Moderately Old,Z69525592,3068.0,0,0,0,1,0,2,80,"28.4433° N, 77.0948° E",28.4433,77.0948
2844,flat,raheja revanta,sector 78,0.99,6100.0,2,2,3,14.0,Under Construction,H29087587,1467.0,0,0,0,0,1,0,39,"28.3733° N, 76.9729° E",28.3733,76.9729
2845,flat,ats kocoon,sector 109,1.7,12878.0,3,3,3,22.0,Relatively New,K68731282,1550.0,0,0,0,0,0,0,103,"28.5073° N, 77.0089° E",28.5073,77.0089
2846,flat,suncity vatsal valley,gwal pahari,1.45,10139.0,3,3,3,4.0,Under Construction,M68395278,1430.0,0,0,0,0,0,0,49,"28.4484° N, 77.0210° E",28.4484,77.021
2847,flat,adani brahma samsara vilasa,sector 63,3.4,10000.0,3,3,3+,1.0,New Property,M69928892,3077.0,0,0,0,0,0,0,99,"28.3971° N, 77.0867° E",28.3971,77.0867
2848,flat,signature global solera,sector 107,0.36,6569.0,2,2,1,9.0,Relatively New,D60290914,496.0,0,0,0,0,0,0,28,"28.5052° N, 76.9729° E",28.5052,76.9729
2849,flat,m3m skywalk,sector 74,1.54,11000.0,2,2,3+,22.0,Relatively New,N69714458,1200.0,0,0,0,0,1,0,137,"28.4158° N, 77.0118° E",28.4158,77.0118
2850,flat,ansal heights 86,sector 86,0.95,5621.0,3,2,1,6.0,New Property,P69977474,1878.0,0,0,0,0,0,0,15,"28.3986° N, 76.9384° E",28.3986,76.9384
2851,flat,indiabulls centrum park,sector 103,2.14,7443.0,4,6,3+,7.0,Relatively New,Y68884816,2718.0,0,0,0,1,0,0,142,"28.4949° N, 76.9845° E",28.4949,76.9845
2852,house,eros rosewood villas,sector 49,2.8,15555.0,3,3,3,2.0,Moderately Old,Y68580388,1800.0,0,1,0,0,0,0,68,"28.4121° N, 77.0480° E",28.4121,77.048
2853,flat,indiabulls centrum park,sector 103,1.34,7486.0,3,3,3+,13.0,Relatively New,H69107526,1560.0,1,0,0,0,0,0,93,"28.4949° N, 76.9845° E",28.4949,76.9845
2854,flat,m3m golfestate,sector 65,6.1,18138.0,3,3,3,19.0,Moderately Old,V69644720,3027.0,1,0,0,1,0,2,174,"28.4030° N, 77.0690° E",28.403,77.069
2855,flat,ambience creacions,sector 22,1.99,15546.0,2,2,2,9.0,New Property,M69440660,1285.0,0,0,0,0,0,0,49,"28.5072° N, 77.0640° E",28.5072,77.064
2856,house,independent,sector 25,10.85,38150.0,6,6,1,3.0,Relatively New,U69218678,2844.0,0,0,1,0,0,2,136,"28.4844° N, 77.0860° E",28.4844,77.086
2857,flat,raheja atharva,sector 109,1.6,5319.0,4,1,0,0.0,New Property,O69280216,3008.0,0,0,0,0,0,0,0,"28.5073° N, 77.0089° E",28.5073,77.0089
2858,flat,godrej aria,sector 79,1.45,9062.0,2,2,3+,9.0,Relatively New,L70139474,1494.0,1,0,0,0,0,0,113,"28.3624° N, 76.9787° E",28.3624,76.9787
2859,flat,ss the leaf,sector 85,1.05,6163.0,2,2,3+,7.0,Relatively New,G66846598,1512.0,0,0,1,0,0,0,144,"28.4042° N, 76.9513° E",28.4042,76.9513
2860,house,independent,sector 4,1.25,8681.0,2,3,0,1.0,Moderately Old,R68998694,160.0,0,0,0,0,0,0,0,"28.4738° N, 77.0107° E",28.4738,77.0107
2861,flat,indiabulls enigma,sector 110,3.4,10000.0,4,5,3,3.0,Relatively New,T69721902,3077.0,0,0,1,1,0,0,90,"28.5145° N, 77.0197° E",28.5145,77.0197
2862,flat,godrej oasis,sector 88a,0.95,7268.0,2,2,2,6.0,Relatively New,X66115252,1452.0,0,0,0,0,0,0,79,"28.4347° N, 76.9557° E",28.4347,76.9557
2863,flat,brisk lumbini terrace homes,sector 109,1.38,6338.0,3,3,1,4.0,Moderately Old,F68641358,2419.0,0,0,0,0,0,0,20,"28.5073° N, 77.0089° E",28.5073,77.0089
2864,flat,dlf the ultima,sector 81,2.35,11174.0,3,3,3+,14.0,Relatively New,N70068566,1550.0,1,1,0,1,1,1,49,"28.3867° N, 76.9485° E",28.3867,76.9485
2865,house,unitech espace,sector 50,7.42,34352.0,4,4,3,2.0,Old Property,A68499108,3200.0,0,0,0,0,0,2,88,"28.4178° N, 77.0628° E",28.4178,77.0628
2866,flat,godrej nature plus,sector 33,1.08,13126.0,2,2,3,8.0,Under Construction,O67585740,85.0,0,0,0,0,0,0,56,"28.4420° N, 77.0207° E",28.442,77.0207
2867,house,independent,sector 24,4.5,33333.0,2,8,3+,4.0,Relatively New,Q69297316,1350.0,0,0,1,1,0,2,56,"28.4939° N, 77.1038° E",28.4939,77.1038
2868,flat,ramsons kshitij,sector 95,0.4,5839.0,3,2,2,6.0,New Property,I69077304,761.0,0,0,0,0,0,0,0,"28.4172° N, 76.9081° E",28.4172,76.9081
2869,flat,bptp mansions park prime,sector 66,3.0,10853.0,4,4,3,3.0,Relatively New,M69225774,2700.0,1,1,0,1,1,2,174,"28.3925° N, 77.0541° E",28.3925,77.0541
2870,house,satya the hermitage,sector 103,3.15,6702.0,4,5,0,12.0,Relatively New,Z67904052,4700.0,0,0,0,0,0,0,61,"28.4949° N, 76.9845° E",28.4949,76.9845
2871,flat,chd avenue,sector 71,0.95,7917.0,2,2,0,5.0,Moderately Old,D69982334,1200.0,0,0,0,0,0,0,0,"28.4104° N, 77.0281° E",28.4104,77.0281
2872,flat,supertech hues,sector 68,1.0,8474.0,2,2,3,23.0,New Property,U69732050,1311.0,0,0,0,0,0,0,49,"28.3853° N, 77.0484° E",28.3853,77.0484
2873,flat,brisk lumbini terrace homes,sector 109,1.5,6616.0,3,3,1,4.0,New Property,E68931654,2519.0,0,0,0,1,0,0,37,"28.5073° N, 77.0089° E",28.5073,77.0089
2874,flat,tulip violet,sector 69,1.78,8855.0,4,4,2,10.0,Relatively New,D69963878,1819.0,0,1,0,0,0,2,156,"28.3966° N, 77.0341° E",28.3966,77.0341
2875,flat,ss the leaf,sector 85,1.77,7350.0,3,4,3,6.0,Moderately Old,G53338910,1450.0,0,0,0,1,0,2,135,"28.4042° N, 76.9513° E",28.4042,76.9513
2876,flat,dlf the ultima,sector 81,2.5,11726.0,3,3,2,20.0,Relatively New,I69974258,1700.0,0,0,0,1,0,1,174,"28.3867° N, 76.9485° E",28.3867,76.9485
2877,flat,signature global city,sector 37d,1.1,9838.0,2,2,2,4.0,Relatively New,S68639866,1242.0,0,0,0,0,0,0,59,"28.4478° N, 76.9703° E",28.4478,76.9703
2878,flat,tulip leaf,sector 69,2.07,11423.0,3,3,3,16.0,Relatively New,D69180036,1640.0,0,0,0,0,0,0,49,"28.3966° N, 77.0341° E",28.3966,77.0341
2879,flat,signature global solera,sector 107,0.51,7906.0,3,2,2,9.0,Relatively New,H69308942,717.0,0,0,0,0,1,0,15,"28.5052° N, 76.9729° E",28.5052,76.9729
2880,flat,ramson kshitij sec-95 gurugram,sector 95,0.27,2700.0,2,2,0,1.0,New Property,V68346118,758.0,0,0,0,0,0,0,0,"28.4172° N, 76.9081° E",28.4172,76.9081
2881,house,ansals florence villa,sector 57,6.0,22222.0,4,5,2,2.0,Old Property,I69531402,2700.0,0,1,0,1,0,2,20,"28.4232° N, 77.0752° E",28.4232,77.0752
2882,flat,ats triumph,sector 104,2.65,8412.0,4,4,3+,10.0,Relatively New,Q68672590,2851.0,0,0,0,1,0,0,174,"28.4788° N, 76.9960° E",28.4788,76.996
2883,flat,emaar mgf emerald floors,sector 65,2.6,15758.0,3,3,3+,3.0,Relatively New,B66743880,1650.0,0,0,0,0,0,0,0,"28.4030° N, 77.0690° E",28.403,77.069
2884,flat,ss the leaf,sector 85,1.58,7714.0,3,4,3,8.0,Relatively New,B68213610,2227.0,0,0,0,1,0,0,159,"28.4042° N, 76.9513° E",28.4042,76.9513
2885,house,independent,sector 26,6.0,33333.0,3,5,3+,3.0,Old Property,G62798362,1800.0,0,0,0,0,0,2,9,"28.4757° N, 77.1032° E",28.4757,77.1032
2886,flat,tata gurgaon gateway,sector 113,6.0,9139.0,5,6,3+,24.0,Moderately Old,M69605454,7294.0,0,0,0,0,0,0,117,"28.5287° N, 77.0233° E",28.5287,77.0233
2887,flat,emaar palm heights,sector 77,2.25,11250.0,3,3,3,22.0,New Property,N70141242,1810.0,0,0,0,1,0,2,42,"28.3801° N, 76.9845° E",28.3801,76.9845
2888,house,signature global city 92,sector 92,0.75,7820.0,2,2,3,1.0,Relatively New,I68120942,959.0,0,0,0,0,0,0,46,"28.4079° N, 76.9153° E",28.4079,76.9153
2889,house,signature global city,sector 37d,1.27,8089.0,3,3,3,4.0,Under Construction,O65646706,1570.0,0,1,0,0,0,0,89,"28.4478° N, 76.9703° E",28.4478,76.9703
2890,house,independent,sector 9,1.25,8735.0,3,6,3+,3.0,Old Property,J69656828,1431.0,0,0,0,0,0,0,0,"28.4603° N, 77.0000° E",28.4603,77.0
2891,flat,zara aavaas,sector 104,0.4,7029.0,2,2,1,14.0,Relatively New,R57419024,515.0,0,0,0,0,0,0,38,"28.4788° N, 76.9960° E",28.4788,76.996
2892,flat,sapphire eighty three,sector 83,0.4,8547.0,1,1,1,6.0,Relatively New,W69644442,520.0,0,0,0,0,0,1,52,"28.3986° N, 76.9647° E",28.3986,76.9647
2893,house,ireo victory valley,sector 67,8.0,22222.0,6,7,3+,51.0,Moderately Old,B69710388,3600.0,1,1,0,1,0,2,49,"28.3859° N, 77.0608° E",28.3859,77.0608
2894,house,ansal sushant residency,sector 57,4.6,17037.0,6,6,3,3.0,Old Property,K69632360,2700.0,1,1,1,1,0,1,102,"28.4232° N, 77.0752° E",28.4232,77.0752
2895,flat,imperia the esfera,sector 37c,0.99,5454.0,3,5,3+,5.0,Relatively New,E69870240,1400.0,0,0,0,1,0,0,49,"28.4515° N, 76.9882° E",28.4515,76.9882
2896,flat,ireo the corridors,sector 67a,2.0,11428.0,3,3,3,12.0,New Property,V19994483,1584.0,1,0,0,0,0,0,38,"28.3960° N, 77.0372° E",28.396,77.0372
2897,flat,sare crescent parc,sector 92,0.71,4933.0,3,3,2,6.0,Relatively New,R70040812,1596.0,0,0,0,0,0,0,37,"28.4079° N, 76.9153° E",28.4079,76.9153
2898,flat,spaze privy,sector 72,1.9,9620.0,3,3,3,10.0,Moderately Old,S69746820,1787.0,0,0,0,1,0,2,31,"28.4225° N, 77.0211° E",28.4225,77.0211
2899,house,vatika signature villas,sector 82,5.0,15432.0,4,4,3+,3.0,Relatively New,U68448652,3240.0,0,1,1,1,0,0,24,"28.3935° N, 76.9600° E",28.3935,76.96
2900,flat,corona optus,sector 37c,1.22,6912.0,3,4,3,5.0,Relatively New,T69464532,1665.0,0,0,0,0,0,0,149,"28.4515° N, 76.9882° E",28.4515,76.9882
2901,flat,parsvnath exotica,sector 53,5.0,17241.0,3,4,3,7.0,Old Property,M69783894,3222.0,0,0,0,1,0,2,24,"28.4433° N, 77.0948° E",28.4433,77.0948
2902,flat,bestech park view residency,sector 2,1.26,8051.0,2,2,3,7.0,Moderately Old,N69051050,1416.0,1,0,0,0,0,0,84,"28.5095° N, 77.0320° E",28.5095,77.032
2903,house,independent,sector 9,0.35,9722.0,2,2,1,2.0,Old Property,A68535224,360.0,0,0,0,0,0,0,0,"28.4603° N, 77.0000° E",28.4603,77.0
2904,flat,tulip violet,sector 69,1.75,8883.0,4,4,1,12.0,Relatively New,N69355550,1783.0,0,0,0,0,0,0,86,"28.3966° N, 77.0341° E",28.3966,77.0341
2905,flat,housing board colony,sector 51,0.3,7317.0,1,1,2,0.0,Old Property,W70010054,459.0,0,0,0,0,0,0,0,"28.4320° N, 77.0686° E",28.432,77.0686
2906,flat,tulip violet,sector 69,1.37,8907.0,3,3,1,12.0,Relatively New,B69407016,1392.0,0,0,0,0,0,0,116,"28.3966° N, 77.0341° E",28.3966,77.0341
2907,flat,pivotal riddhi siddhi,sector 99,0.5,8517.0,2,1,2,7.0,New Property,D67438392,652.0,0,0,0,0,0,0,24,"28.4640° N, 76.9614° E",28.464,76.9614
2908,flat,m3m merlin,sector 67,2.8,13671.0,3,3,3,2.0,Relatively New,K69205204,2048.0,0,0,1,0,0,1,174,"28.3859° N, 77.0608° E",28.3859,77.0608
2909,flat,vatika city homes,sector 83,1.0,5747.0,3,3,2,2.0,Relatively New,W69591392,1575.0,0,0,1,0,0,2,174,"28.3986° N, 76.9647° E",28.3986,76.9647
2910,flat,afnhb jalvayu vihar,sector 30,1.45,11153.0,3,2,2,2.0,Old Property,D68662462,1300.0,0,0,0,0,0,1,75,"28.4604° N, 77.0579° E",28.4604,77.0579
2911,flat,tulip violet,sector 69,1.92,15360.0,4,4,2,0.0,Relatively New,A69355858,1389.0,0,0,0,0,0,0,174,"28.3966° N, 77.0341° E",28.3966,77.0341
2912,flat,dlf express greens,manesar,1.5,6358.0,4,5,3+,10.0,New Property,Z29421515,2135.0,0,0,0,1,0,0,32,"28.3515° N, 76.9428° E",28.3515,76.9428
2913,flat,unitech uniworld city,sector 30,3.55,14991.0,3,5,3+,16.0,Old Property,T70168908,2367.0,0,0,0,1,0,2,141,"28.4604° N, 77.0579° E",28.4604,77.0579
2914,flat,afnhb jalvayu vihar,sector 30,0.85,12859.0,2,2,1,2.0,Old Property,T69338898,734.0,0,0,0,0,1,2,49,"28.4604° N, 77.0579° E",28.4604,77.0579
2915,flat,signature global solera,sector 107,0.5,4761.0,3,2,2,5.0,Relatively New,R55119848,850.0,0,0,0,0,1,0,35,"28.5052° N, 76.9729° E",28.5052,76.9729
2916,flat,tulip violet,sector 69,1.7,8432.0,4,4,2,10.0,New Property,M68278424,1819.0,0,0,0,0,0,0,125,"28.3966° N, 77.0341° E",28.3966,77.0341
2917,flat,ss the leaf,sector 85,1.31,7987.0,2,2,2,5.0,Relatively New,C69984480,1822.0,0,0,0,1,0,0,89,"28.4042° N, 76.9513° E",28.4042,76.9513
2918,flat,unitech fresco,sector 50,1.88,10479.0,3,3,3+,14.0,Moderately Old,S69864700,1790.0,0,0,0,0,1,2,174,"28.4178° N, 77.0628° E",28.4178,77.0628
2919,flat,experion windchants,sector 112,6.5,10416.0,4,5,3,11.0,Relatively New,X13182415,4800.0,0,0,0,0,0,0,55,"28.5189° N, 77.0183° E",28.5189,77.0183
2920,flat,godrej aria,sector 79,1.1,11482.0,2,2,3,9.0,New Property,K68598604,81.0,0,0,0,0,0,0,62,"28.3624° N, 76.9787° E",28.3624,76.9787
2921,house,independent,sector 4,0.5,9259.0,2,3,2,3.0,Old Property,G68499722,540.0,0,0,0,0,0,0,0,"28.4738° N, 77.0107° E",28.4738,77.0107
2922,flat,vatika emilia floors,sector 83,0.65,6190.0,2,2,2,1.0,Relatively New,T69340676,950.0,0,0,0,0,0,2,174,"28.3986° N, 76.9647° E",28.3986,76.9647
2923,flat,bestech spa signature,sector 81,4.4,12571.0,4,4,3+,6.0,New Property,E69200950,3700.0,1,1,0,1,1,1,49,"28.3867° N, 76.9485° E",28.3867,76.9485
2924,house,independent,sector 27,4.25,31481.0,5,5,3+,3.0,Relatively New,O70367590,1350.0,0,1,0,1,0,2,49,"28.4658° N, 77.0917° E",28.4658,77.0917
2925,flat,park view apartments,sector 15,1.6,11034.0,3,3,3+,2.0,Moderately Old,S69153060,1611.0,0,1,0,0,0,0,56,"28.4621° N, 77.0464° E",28.4621,77.0464
2926,flat,m3m golfestate,sector 65,5.5,16959.0,3,4,3,3.0,Relatively New,K68231824,2803.0,0,0,0,1,0,0,49,"28.4030° N, 77.0690° E",28.403,77.069
2927,flat,conscient heritage max,sector 102,2.15,10004.0,3,4,3+,18.0,Relatively New,E59899010,1945.0,1,0,0,1,0,2,134,"28.4750° N, 76.9715° E",28.475,76.9715
2928,flat,pivotal devaan,sector 84,0.37,6346.0,2,2,1,5.0,Relatively New,D69901750,532.0,0,0,0,0,0,0,73,"28.3979° N, 76.9736° E",28.3979,76.9736
2929,house,independent,sector 26,5.8,32222.0,4,3,2,2.0,Relatively New,Y69625246,1800.0,0,0,1,0,0,0,21,"28.4757° N, 77.1032° E",28.4757,77.1032
2930,flat,sare crescent parc royal greens phase 1,sector 92,0.65,4512.0,3,3,3,1.0,Moderately Old,X67610046,1304.0,0,0,0,0,0,0,91,"28.4079° N, 76.9153° E",28.4079,76.9153
2931,house,independent,sector 7,1.0,8818.0,2,2,0,0.0,Old Property,E70282850,126.0,1,0,0,0,0,0,7,"28.4644° N, 77.0143° E",28.4644,77.0143
2932,house,independent,sector 43,2.5,2885.0,7,7,3,4.0,Relatively New,E69112942,963.0,0,0,0,0,1,2,20,"28.4629° N, 77.0772° E",28.4629,77.0772
2933,flat,ss the leaf,sector 85,1.11,6851.0,2,2,3,8.0,Relatively New,U67564566,1630.0,0,0,1,0,0,0,174,"28.4042° N, 76.9513° E",28.4042,76.9513
2934,flat,godrej,sector 79,1.47,16256.0,2,2,3,9.0,New Property,Z69627792,93.0,1,0,0,0,0,0,99,"28.3624° N, 76.9787° E",28.3624,76.9787
2935,flat,dlf the ultima,sector 81,2.34,11185.0,3,4,3+,14.0,Relatively New,Q69657640,1760.0,0,0,0,1,0,1,174,"28.3867° N, 76.9485° E",28.3867,76.9485
2936,flat,emaar palm gardens,sector 83,1.75,9210.0,3,3,3,6.0,Relatively New,Z69391194,1600.0,0,0,0,1,0,2,174,"28.3986° N, 76.9647° E",28.3986,76.9647
2937,flat,experion the heartsong,sector 108,1.55,7738.0,3,3,3+,7.0,Relatively New,J69625416,1750.0,0,1,0,1,0,2,174,"28.5134° N, 76.9830° E",28.5134,76.983
2938,house,huda,sector 38,3.5,24005.0,3,2,3,2.0,Moderately Old,W70001722,1458.0,0,0,1,0,0,2,85,"28.4347° N, 77.0430° E",28.4347,77.043
2939,flat,vatika gurgaon,sector 83,1.1,6162.0,3,3,3+,5.0,Relatively New,M68325052,1600.0,0,0,0,0,0,2,96,"28.3986° N, 76.9647° E",28.3986,76.9647
2940,flat,smart world gems,sector 89,1.16,8151.0,3,3,2,3.0,Under Construction,W66156744,1581.0,1,0,0,0,0,0,68,"28.4253° N, 76.9439° E",28.4253,76.9439
2941,flat,signature global city,sector 37d,1.1,8494.0,3,3,2,2.0,Under Construction,T69935996,1439.0,0,0,0,0,0,0,36,"28.4478° N, 76.9703° E",28.4478,76.9703
2942,flat,emaar gurgaon greens,sector 102,1.4,8484.0,3,3,3,9.0,Relatively New,T57865864,1413.0,0,0,0,1,0,0,49,"28.4750° N, 76.9715° E",28.475,76.9715
2943,flat,sare crescent parc,sector 92,0.95,5013.0,4,5,3+,13.0,Relatively New,U67904092,1895.0,0,0,0,0,0,0,0,"28.4079° N, 76.9153° E",28.4079,76.9153
2944,flat,suncity heights,sector 54,3.25,14118.0,3,3,3+,0.0,Old Property,Y64134038,2558.0,0,1,0,0,0,2,120,"28.4348° N, 77.1089° E",28.4348,77.1089
2945,flat,bptp freedom park life,sector 57,5.5,8982.0,5,6,3+,19.0,Moderately Old,J59619536,5010.0,0,1,0,1,0,2,153,"28.4232° N, 77.0752° E",28.4232,77.0752
2946,house,independent,sector 55,1.64,10123.0,3,3,2,4.0,New Property,A68646462,1620.0,1,0,0,1,0,2,54,"28.4281° N, 77.1100° E",28.4281,77.11
2947,house,dlf pink town house,sector 24,1.9,3786.0,10,9,3+,3.0,Relatively New,C70372676,5018.0,0,0,0,0,1,1,29,"28.4939° N, 77.1038° E",28.4939,77.1038
2948,flat,emaar mgf the palm drive,sector 66,3.45,15681.0,3,4,3,6.0,Relatively New,Y69976046,2000.0,0,0,0,1,0,2,95,"28.3925° N, 77.0541° E",28.3925,77.0541
2949,flat,ss the leaf,sector 85,2.3,8179.0,4,4,3+,8.0,Relatively New,V69804904,2545.0,0,0,0,1,0,0,21,"28.4042° N, 76.9513° E",28.4042,76.9513
2950,flat,dlf regency park,sector 28,2.35,13224.0,3,4,3,8.0,Old Property,V69938846,1700.0,0,0,0,1,0,2,109,"28.4728° N, 77.0865° E",28.4728,77.0865
2951,flat,dlf regal gardens,sector 90,1.25,5931.0,3,3,3,18.0,Relatively New,S41137465,1557.0,0,0,0,0,1,0,72,"28.4085° N, 76.9369° E",28.4085,76.9369
2952,house,independent,sector 39,15.0,33333.0,5,5,3+,4.0,Moderately Old,U70196700,4500.0,0,0,0,1,0,2,27,"28.4434° N, 77.0515° E",28.4434,77.0515
2953,flat,ireo the grand arch,sector 58,2.2,13480.0,2,2,1,5.0,Relatively New,C69807488,1432.0,1,0,0,0,0,2,94,"28.4200° N, 77.1105° E",28.42,77.1105
2954,house,independent,sector 48,8.4,25926.0,4,4,3,2.0,Old Property,F69407586,3240.0,0,1,0,1,0,2,15,"28.4177° N, 77.0359° E",28.4177,77.0359
2955,flat,tulip white,sector 69,0.9,6000.0,3,2,3+,1.0,Relatively New,Z69619140,1326.0,0,0,0,0,0,2,149,"28.3966° N, 77.0341° E",28.3966,77.0341
2956,flat,emaar mgf the palm drive,sector 66,3.5,16470.0,3,4,3,6.0,Relatively New,H69848390,2150.0,0,0,0,1,0,0,68,"28.3925° N, 77.0541° E",28.3925,77.0541
2957,house,international city by sobha phase 1,sector 109,5.75,16428.0,4,4,2,3.0,Relatively New,F69558114,4800.0,0,0,0,1,0,0,146,"28.5073° N, 77.0089° E",28.5073,77.0089
2958,house,independent,sector 2,0.4,7619.0,2,2,1,1.0,Relatively New,A68153088,583.0,0,0,0,0,0,0,0,"28.5095° N, 77.0320° E",28.5095,77.032
2959,flat,the lions cghs,sector 56,2.1,8750.0,3,4,3+,8.0,Old Property,S70149132,2200.0,0,0,0,0,1,2,166,"28.4245° N, 77.0991° E",28.4245,77.0991
2960,flat,shree vardhman victoria,sector 70,1.1,8461.0,2,2,2,0.0,New Property,A70028014,1026.0,1,0,0,0,0,0,49,"28.3968° N, 77.0233° E",28.3968,77.0233
2961,flat,krrish provence estate,gwal pahari,5.25,9051.0,4,5,3+,2.0,New Property,I68212060,5249.0,1,1,0,1,0,0,49,"28.4484° N, 77.0210° E",28.4484,77.021
2962,house,vipul tatvam villa,sector 48,7.69,24069.0,4,5,3,2.0,Moderately Old,L68774854,3195.0,1,1,1,1,0,2,110,"28.4177° N, 77.0359° E",28.4177,77.0359
2963,flat,dlf new town heights,sector 90,1.51,6387.0,4,4,3+,6.0,Relatively New,G69632410,2362.0,0,1,0,1,0,2,142,"28.4085° N, 76.9369° E",28.4085,76.9369
2964,flat,shapoorji pallonji joyville gurugram,sector 102,1.4,11666.0,2,2,3,0.0,Relatively New,M61974474,1286.0,0,0,0,0,0,0,80,"28.4750° N, 76.9715° E",28.475,76.9715
2965,house,housing board colony,sector 28,5.5,30556.0,4,3,3,2.0,Old Property,G68229004,1800.0,0,1,0,0,1,2,22,"28.4728° N, 77.0865° E",28.4728,77.0865
2966,flat,ansal heights 86,sector 86,0.67,5100.0,2,2,1,10.0,Relatively New,J69288890,1231.0,0,0,0,0,0,0,115,"28.3986° N, 76.9384° E",28.3986,76.9384
2967,flat,tata primanti,sector 72,6.5,15294.0,4,4,3+,0.0,Relatively New,R69667342,3846.0,1,1,0,1,0,0,67,"28.4225° N, 77.0211° E",28.4225,77.0211
2968,flat,adani aangan galleria,sector 89,0.42,4941.0,2,2,2,3.0,Relatively New,S70051996,769.0,0,0,0,0,0,0,0,"28.4253° N, 76.9439° E",28.4253,76.9439
2969,flat,city shri ram apartments 1,sector 110,0.22,3666.0,2,1,1,1.0,Relatively New,F67426494,543.0,0,0,0,0,0,0,0,"28.5145° N, 77.0197° E",28.5145,77.0197
2970,flat,tulip violet,sector 69,1.38,8972.0,3,3,1,12.0,Relatively New,F69407494,1392.0,0,0,0,0,0,0,157,"28.3966° N, 77.0341° E",28.3966,77.0341
2971,flat,m3m golf hills phase 1,sector 79,1.7,10828.0,3,2,3,10.0,Relatively New,Q68462640,1570.0,0,0,0,0,0,0,0,"28.3624° N, 76.9787° E",28.3624,76.9787
2972,flat,smart world gems,sector 89,1.01,9156.0,2,2,2,4.0,Under Construction,P68810298,1226.0,1,0,0,0,0,0,38,"28.4253° N, 76.9439° E",28.4253,76.9439
2973,flat,emaar palm gardens,sector 83,1.8,9473.0,3,3,3,6.0,Relatively New,K69430594,1549.0,0,0,0,1,0,2,97,"28.3986° N, 76.9647° E",28.3986,76.9647
2974,flat,orchid island,sector 51,1.7,10651.0,3,4,3,2.0,Moderately Old,V69789902,1773.0,0,1,1,0,0,0,90,"28.4320° N, 77.0686° E",28.432,77.0686
2975,flat,m3m heights,sector 65,2.33,18477.0,2,2,3,35.0,Under Construction,E68308908,1141.0,0,0,0,0,0,2,49,"28.4030° N, 77.0690° E",28.403,77.069
2976,flat,emaar mgf palm hills,sector 77,1.5,12744.0,3,3,3,4.0,Relatively New,R68567906,1310.0,0,0,0,0,0,2,97,"28.3801° N, 76.9845° E",28.3801,76.9845
2977,flat,m3m capital,sector 113,2.87,12489.0,4,4,3+,3.0,Under Construction,Y69960736,2553.0,0,0,0,1,0,0,65,"28.5287° N, 77.0233° E",28.5287,77.0233
2978,flat,ireo skyon,sector 60,3.05,12788.0,3,3,3,9.0,Relatively New,O69439788,2300.0,0,0,0,1,0,2,165,"28.4003° N, 77.0975° E",28.4003,77.0975
2979,flat,bestech park view grand spa,sector 81,2.3,8646.0,3,4,3+,7.0,Relatively New,E69343314,2280.0,0,0,0,1,0,2,49,"28.3867° N, 76.9485° E",28.3867,76.9485
2980,flat,dlf the ultima,sector 81,2.7,12802.0,3,3,3,15.0,Relatively New,S69555438,2343.0,0,0,0,1,0,2,49,"28.3867° N, 76.9485° E",28.3867,76.9485
2981,flat,"m m residency, krishna colony, gurgaon",sector 7,0.54,5888.0,2,2,1,3.0,Relatively New,O66013964,1000.0,0,0,0,0,0,0,70,"28.4644° N, 77.0143° E",28.4644,77.0143
2982,flat,godrej aria,sector 79,0.96,13296.0,2,2,3,8.0,Relatively New,B69923090,1012.0,0,0,0,0,0,0,49,"28.3624° N, 76.9787° E",28.3624,76.9787
2983,flat,ild greens,sector 37c,1.05,7500.0,3,3,3,4.0,New Property,G59853278,1500.0,0,0,0,0,0,2,5,"28.4515° N, 76.9882° E",28.4515,76.9882
2984,flat,parsvnath green ville,sector 48,1.86,7654.0,3,3,3+,6.0,Moderately Old,K67331462,2199.0,0,0,0,1,0,2,94,"28.4177° N, 77.0359° E",28.4177,77.0359
2985,flat,sahara grace,sector 28,5.5,14612.0,4,5,3+,5.0,Moderately Old,A69275510,3406.0,0,0,0,1,1,2,8,"28.4728° N, 77.0865° E",28.4728,77.0865
2986,flat,smart world orchard,sector 61,2.55,15644.0,3,3,2,4.0,New Property,J69756200,1630.0,0,0,0,0,1,0,30,"28.4050° N, 77.0963° E",28.405,77.0963
2987,flat,alpha corp gurgaonone,sector 84,1.49,7590.0,3,3,3,6.0,Relatively New,A69430888,1833.0,0,0,0,1,0,0,28,"28.3979° N, 76.9736° E",28.3979,76.9736
2988,flat,huda housing board society,sector 52,0.45,9745.0,1,1,0,0.0,Moderately Old,Y57082274,513.0,0,1,0,0,0,2,43,"28.4379° N, 77.0785° E",28.4379,77.0785
2989,flat,indiabulls centrum park,sector 103,1.35,7541.0,3,3,3+,3.0,Relatively New,J69502274,1620.0,1,0,0,0,0,2,168,"28.4949° N, 76.9845° E",28.4949,76.9845
2990,flat,shapoorji pallonji joyville gurugram,sector 102,2.04,14068.0,3,3,3+,1.0,Relatively New,R61974850,1644.0,0,0,0,0,0,0,72,"28.4750° N, 76.9715° E",28.475,76.9715
2991,flat,lotus homz,sector 111,0.5,14838.0,1,1,1,2.0,Relatively New,F70175862,374.0,0,0,0,0,0,1,72,"28.5238° N, 77.0320° E",28.5238,77.032
2992,house,independent,sector 28,12.0,42194.0,4,5,3+,4.0,Relatively New,A69428298,2844.0,0,1,1,1,0,2,60,"28.4728° N, 77.0865° E",28.4728,77.0865
2993,flat,project krishna colony,sector 7,0.36,5142.0,2,2,1,0.0,Relatively New,F63124702,700.0,0,0,0,0,0,0,0,"28.4644° N, 77.0143° E",28.4644,77.0143
2994,flat,dlf the primus,sector 82a,2.25,10714.0,3,3,3+,29.0,Relatively New,Y62594040,2333.0,0,0,0,1,0,1,72,"28.3858° N, 76.9686° E",28.3858,76.9686
2995,flat,emaar imperial gardens,sector 102,1.7,8395.0,3,4,3+,8.0,Relatively New,M69505648,1750.0,0,1,0,1,0,2,174,"28.4750° N, 76.9715° E",28.475,76.9715
2996,flat,indiabulls centrum park,sector 103,1.2,8432.0,2,2,3,3.0,Moderately Old,V68887136,1288.0,0,0,0,0,0,0,26,"28.4949° N, 76.9845° E",28.4949,76.9845
2997,flat,ireo skyon,sector 60,2.15,23344.0,2,3,2,5.0,Relatively New,W69182584,1250.0,0,0,0,1,0,2,49,"28.4003° N, 77.0975° E",28.4003,77.0975
2998,house,dlf alameda,sector 73,17.0,35109.0,5,8,3,3.0,Relatively New,I69434116,9000.0,1,1,1,1,0,1,87,"28.4072° N, 77.0118° E",28.4072,77.0118
2999,flat,m3m woodshire,sector 107,1.7,6141.0,4,5,3+,9.0,Relatively New,D59910562,2505.0,0,0,0,1,0,0,79,"28.5052° N, 76.9729° E",28.5052,76.9729
3000,flat,experion the heartsong,sector 108,1.3,8344.0,3,3,3+,7.0,Relatively New,P69141374,1661.0,1,0,0,0,0,0,150,"28.5134° N, 76.9830° E",28.5134,76.983
3001,flat,ireo the corridors,sector 67a,1.6,9264.0,3,3,2,3.0,New Property,V69440184,1346.0,0,0,1,0,0,2,142,"28.3960° N, 77.0372° E",28.396,77.0372
3002,flat,shree arihant apartment,sector 54,1.55,8611.0,3,3,3,3.0,Moderately Old,U69772026,1900.0,0,0,0,1,0,2,109,"28.4348° N, 77.1089° E",28.4348,77.1089
3003,flat,godrej habitat,sector 3,1.2,8310.0,2,2,3,0.0,Under Construction,J67814918,1307.0,0,0,0,0,0,0,60,"28.4909° N, 77.0176° E",28.4909,77.0176
3004,flat,bestech park view residency,sector 2,1.01,7137.0,2,2,3,0.0,Moderately Old,C70072076,1281.0,0,0,0,0,0,0,92,"28.5095° N, 77.0320° E",28.5095,77.032
3005,flat,pioneer araya,sector 62,9.14,19488.0,4,6,3,16.0,Relatively New,N69067750,3932.0,1,0,1,1,0,2,146,"28.4139° N, 77.0886° E",28.4139,77.0886
3006,flat,alpha corp gurgaonone,sector 84,1.2,9448.0,2,2,1,6.0,Relatively New,Z61134056,1149.0,0,0,0,0,0,0,13,"28.3979° N, 76.9736° E",28.3979,76.9736
3007,flat,bptp terra,sector 37d,1.49,8105.0,3,3,3,20.0,Relatively New,H70022084,1707.0,0,0,0,0,1,0,49,"28.4478° N, 76.9703° E",28.4478,76.9703
3008,flat,dlf park place,sector 54,4.85,25867.0,3,4,3+,25.0,Relatively New,Z69409012,1875.0,0,0,0,1,0,2,26,"28.4348° N, 77.1089° E",28.4348,77.1089
3009,flat,microtek greenburg,sector 86,1.65,8707.0,3,4,3,8.0,Relatively New,J68748272,1715.0,0,0,0,1,0,0,124,"28.3986° N, 76.9384° E",28.3986,76.9384
3010,flat,m3m heights,sector 65,3.0,18000.0,3,3,3,20.0,Under Construction,H68313326,1667.0,0,0,0,0,0,0,60,"28.4030° N, 77.0690° E",28.403,77.069
3011,flat,tata gurgaon gateway,sector 113,1.75,10443.0,2,2,2,10.0,Relatively New,P69588138,1430.0,1,0,0,0,0,0,104,"28.5287° N, 77.0233° E",28.5287,77.0233
3012,flat,orchid petals,sector 49,4.79,11628.0,5,5,3+,14.0,Relatively New,Y70021990,3724.0,1,1,0,1,0,0,49,"28.4121° N, 77.0480° E",28.4121,77.048
3013,flat,dlf new town heights,sector 86,1.27,6580.0,3,4,3,19.0,Relatively New,B69623152,1800.0,0,1,0,1,0,0,126,"28.3986° N, 76.9384° E",28.3986,76.9384
3014,flat,signature global synera,sector 81,0.39,6500.0,2,2,2,6.0,Relatively New,F68280774,667.0,0,0,0,0,0,0,37,"28.3867° N, 76.9485° E",28.3867,76.9485
3015,flat,greenopolis,sector 89,1.3,6806.0,3,3,3+,1.0,New Property,B68526250,2122.0,0,0,0,1,0,0,35,"28.4253° N, 76.9439° E",28.4253,76.9439
3016,flat,shree vardhman victoria,sector 70,1.8,9230.0,3,4,3,2.0,New Property,Q67976434,1527.0,0,0,0,1,1,0,45,"28.3968° N, 77.0233° E",28.3968,77.0233
3017,flat,ireo skyon,sector 60,3.75,13392.0,4,5,3,15.0,Relatively New,B69175338,2534.0,0,0,0,1,0,0,167,"28.4003° N, 77.0975° E",28.4003,77.0975
3018,flat,pyramid urban,sector 67a,0.62,11854.0,2,2,2,2.0,Relatively New,T69865168,581.0,0,0,0,0,0,0,64,"28.3960° N, 77.0372° E",28.396,77.0372
3019,flat,emaar mgf emerald floors premier,sector 65,2.4,14545.0,3,3,3,3.0,Relatively New,X69990764,1600.0,1,0,0,1,0,2,49,"28.4030° N, 77.0690° E",28.403,77.069
3020,flat,dlf new town heights,sector 90,1.25,8638.0,3,4,3+,0.0,Old Property,C68168492,1608.0,0,0,0,1,0,1,31,"28.4085° N, 76.9369° E",28.4085,76.9369
3021,flat,meditech apartment,sector 56,2.45,8166.0,4,4,3+,1.0,Relatively New,W69731300,2900.0,0,0,0,0,1,2,118,"28.4245° N, 77.0991° E",28.4245,77.0991
3022,flat,pioneer araya,sector 62,9.2,19943.0,4,6,3,5.0,Relatively New,M69843270,3867.0,0,1,0,1,0,2,156,"28.4139° N, 77.0886° E",28.4139,77.0886
3023,flat,signature global the millennia,sector 37d,0.65,10906.0,2,2,3,0.0,New Property,X69385790,625.0,0,0,0,0,0,0,40,"28.4478° N, 76.9703° E",28.4478,76.9703
3024,flat,central park resorts,sector 48,15.0,22388.0,5,6,3+,17.0,Relatively New,G69746434,7444.0,1,1,0,1,0,1,45,"28.4177° N, 77.0359° E",28.4177,77.0359
3025,house,dlf city phase 1,sector 26,4.5,33333.0,3,3,2,2.0,Moderately Old,L70280308,1350.0,1,0,0,1,0,0,70,"28.4757° N, 77.1032° E",28.4757,77.1032
3026,flat,signature global solera,sector 107,0.49,8222.0,2,2,1,8.0,Relatively New,Y69403834,598.0,0,0,0,0,1,1,49,"28.5052° N, 76.9729° E",28.5052,76.9729
3027,flat,sidhartha ncr one phase,sector 95,0.55,4867.0,2,2,2,14.0,New Property,V66344198,1256.0,1,0,0,0,0,0,90,"28.4172° N, 76.9081° E",28.4172,76.9081
3028,flat,pyramid urban,sector 67a,0.53,8967.0,2,2,1,6.0,Relatively New,F69850864,657.0,0,0,0,0,1,2,49,"28.3960° N, 77.0372° E",28.396,77.0372
3029,flat,4s aradhya homes,sector 67a,1.9,8863.0,4,4,3,3.0,New Property,I68708876,1991.0,0,0,0,0,0,2,62,"28.3960° N, 77.0372° E",28.396,77.0372
3030,flat,signature global grand iva,sector 103,0.23,6527.0,1,1,1,4.0,Relatively New,Y66925870,400.0,0,0,0,0,0,0,23,"28.4949° N, 76.9845° E",28.4949,76.9845
3031,flat,microtek greenburg,sector 86,1.3,15294.0,2,3,3,5.0,Relatively New,Z70028220,944.0,1,0,0,0,0,2,45,"28.3986° N, 76.9384° E",28.3986,76.9384
3032,flat,hsiidc sidco aravali,manesar,0.86,3323.0,3,3,3+,3.0,Moderately Old,Y70128916,1900.0,0,0,0,1,0,0,81,"28.3515° N, 76.9428° E",28.3515,76.9428
3033,flat,dlf the skycourt,sector 86,1.56,8087.0,3,4,3+,17.0,Relatively New,L69657426,1580.0,0,0,1,0,0,0,174,"28.3986° N, 76.9384° E",28.3986,76.9384
3034,flat,bestech park view sanskruti,sector 92,1.6,7547.0,3,3,3,10.0,Relatively New,P69879580,1765.0,0,0,0,1,0,2,60,"28.4079° N, 76.9153° E",28.4079,76.9153
3035,house,independent,sector 9,3.2,13519.0,3,3,2,1.0,Old Property,H70047328,2367.0,0,0,0,0,0,2,36,"28.4603° N, 77.0000° E",28.4603,77.0
3036,flat,the lions cghs,sector 56,2.09,8708.0,4,4,3+,7.0,Relatively New,R69165780,2300.0,0,0,0,0,1,2,125,"28.4245° N, 77.0991° E",28.4245,77.0991
3037,flat,tulip ivory,sector 70,2.0,8333.0,4,5,3+,7.0,Moderately Old,T68593666,2169.0,0,0,0,1,0,2,174,"28.3968° N, 77.0233° E",28.3968,77.0233
3038,flat,shree vardhman victoria,sector 70,1.65,8461.0,3,4,3,12.0,Relatively New,F69682456,1765.0,0,0,1,1,0,0,56,"28.3968° N, 77.0233° E",28.3968,77.0233
3039,flat,tulip violet,sector 69,1.4,8920.0,3,3,1,12.0,Relatively New,D69354824,1419.0,0,1,0,0,0,0,86,"28.3966° N, 77.0341° E",28.3966,77.0341
3040,flat,orchid petals,sector 49,4.16,11700.0,5,4,3+,14.0,Relatively New,Z70022144,3219.0,1,0,0,1,0,0,40,"28.4121° N, 77.0480° E",28.4121,77.048
3041,flat,tata primanti,sector 72,5.0,11111.0,4,4,3+,2.0,Moderately Old,X69887156,4500.0,1,1,0,1,1,2,174,"28.4225° N, 77.0211° E",28.4225,77.0211
3042,flat,paras dews,sector 106,1.0,7220.0,2,2,3+,2.0,New Property,Z70158006,940.0,0,0,0,0,0,2,21,"28.5007° N, 77.0003° E",28.5007,77.0003
3043,flat,vatika lifestyle homes,sector 83,1.1,6267.0,3,3,2,8.0,Relatively New,Y69590980,1588.0,1,1,1,0,0,2,174,"28.3986° N, 76.9647° E",28.3986,76.9647
3044,house,unitech espace,sector 50,7.45,34491.0,4,4,3,3.0,Old Property,J69166182,4500.0,0,0,0,1,0,2,59,"28.4178° N, 77.0628° E",28.4178,77.0628
3045,flat,emaar gurgaon greens,sector 102,1.38,13495.0,3,3,3,6.0,Relatively New,O67892682,1315.0,0,0,0,1,0,2,128,"28.4750° N, 76.9715° E",28.475,76.9715
3046,house,ansal sushant lok 2,sector 56,3.4,22222.0,6,6,3+,2.0,Moderately Old,U69735660,1530.0,0,0,0,0,0,2,29,"28.4245° N, 77.0991° E",28.4245,77.0991
3047,flat,ss the leaf,sector 85,1.98,8256.0,3,4,3,12.0,Relatively New,D67564426,2399.0,0,0,1,0,0,0,174,"28.4042° N, 76.9513° E",28.4042,76.9513
3048,house,independent,sector 108,1.34,5000.0,1,1,0,1.0,Relatively New,K66384020,2680.0,0,0,0,0,0,0,0,"28.5134° N, 76.9830° E",28.5134,76.983
3049,flat,pyramid urban homes 2,sector 86,0.5,8319.0,2,2,1,2.0,Relatively New,D69281892,668.0,0,0,0,0,0,0,35,"28.3986° N, 76.9384° E",28.3986,76.9384
3050,house,independent,sector 3,1.5,10288.0,3,3,0,2.0,Old Property,H8775691,210.0,0,0,0,0,0,0,0,"28.4909° N, 77.0176° E",28.4909,77.0176
3051,flat,tulip violet,sector 69,1.28,8111.0,3,3,2,12.0,Relatively New,V69393430,1428.0,0,1,0,0,0,2,49,"28.3966° N, 77.0341° E",28.3966,77.0341
3052,house,independent,sector 3,0.37,7916.0,1,1,1,1.0,Relatively New,W68961024,480.0,0,0,0,0,0,0,0,"28.4909° N, 77.0176° E",28.4909,77.0176
3053,house,palam vihar extension west zone rwa,sector 2,0.65,5777.0,2,2,1,1.0,Moderately Old,E60561574,1125.0,0,0,1,0,0,0,23,"28.5095° N, 77.0320° E",28.5095,77.032
3054,house,independent,sector 4,0.8,11852.0,2,3,1,2.0,Moderately Old,L59493940,675.0,0,0,0,0,0,0,0,"28.4738° N, 77.0107° E",28.4738,77.0107
3055,house,independent,sector 57,3.49,20197.0,4,4,2,3.0,Moderately Old,L69405836,1728.0,1,1,0,1,0,2,49,"28.4232° N, 77.0752° E",28.4232,77.0752
3056,flat,conscient heritage max,sector 102,1.7,11333.0,3,4,3+,8.0,Relatively New,T69713280,1700.0,0,1,0,1,0,2,174,"28.4750° N, 76.9715° E",28.475,76.9715
3057,house,independent,sector 8,0.59,10085.0,2,2,2,2.0,Moderately Old,W64166806,585.0,0,0,0,0,1,0,7,"28.3738° N, 76.8970° E",28.3738,76.897
3058,flat,emaar mgf palm terraces,sector 66,4.5,10599.0,5,5,3+,11.0,New Property,N37432221,3321.0,0,0,0,1,0,0,105,"28.3925° N, 77.0541° E",28.3925,77.0541
3059,flat,shree vardhman flora,sector 90,0.65,4814.0,2,2,3,3.0,Relatively New,J65861506,1222.0,1,0,0,0,0,0,106,"28.4085° N, 76.9369° E",28.4085,76.9369
3060,flat,mapsko casa bella,sector 82,0.86,8120.0,3,3,3,5.0,Moderately Old,Y69685674,1234.0,1,0,0,0,0,2,120,"28.3935° N, 76.9600° E",28.3935,76.96
3061,flat,umang monsoon breeze,sector 78,1.1,5055.0,3,3,3+,9.0,Old Property,I66729154,2176.0,0,0,0,1,0,0,80,"28.3733° N, 76.9729° E",28.3733,76.9729
3062,house,independent,sector 4,0.65,10317.0,1,1,1,1.0,Moderately Old,A69481490,70.0,0,0,0,0,1,0,21,"28.4738° N, 77.0107° E",28.4738,77.0107
3063,house,unitech uniworld resorts,sector 33,11.75,23240.0,5,7,3+,3.0,Relatively New,S66359294,5056.0,0,0,0,1,0,0,80,"28.4420° N, 77.0207° E",28.442,77.0207
3064,house,emaar mgf marbella,sector 66,12.0,37037.0,5,5,3+,3.0,New Property,G55931988,3240.0,0,1,1,1,0,2,106,"28.3925° N, 77.0541° E",28.3925,77.0541
3065,flat,signature global solera,sector 107,0.28,5674.0,2,2,2,6.0,Relatively New,E69217168,543.0,0,0,0,0,0,0,45,"28.5052° N, 76.9729° E",28.5052,76.9729
3066,flat,paras dews,sector 106,0.88,6353.0,2,2,3+,1.0,Relatively New,M69727842,940.0,0,0,0,0,0,0,49,"28.5007° N, 77.0003° E",28.5007,77.0003
3067,flat,tata primanti,sector 72,3.3,15102.0,3,4,3+,15.0,New Property,W69748476,2185.0,0,0,0,1,0,1,174,"28.4225° N, 77.0211° E",28.4225,77.0211
3068,flat,adani m2k oyster grande,sector 102,2.5,7817.0,4,5,3+,10.0,Relatively New,U69504806,2600.0,0,1,0,1,0,2,174,"28.4750° N, 76.9715° E",28.475,76.9715
3069,house,independent,sector 45,8.5,26235.0,5,4,2,1.0,Moderately Old,C68028942,3240.0,0,1,0,1,0,2,49,"28.4466° N, 77.0660° E",28.4466,77.066
3070,flat,shree vardhman victoria,sector 70,1.75,8974.0,3,4,2,16.0,Relatively New,I69878502,1950.0,0,1,0,1,0,0,49,"28.3968° N, 77.0233° E",28.3968,77.0233
3071,flat,the close north,sector 50,2.65,11276.0,3,3,3+,3.0,Moderately Old,G69221508,2491.0,0,0,0,1,0,0,174,"28.4178° N, 77.0628° E",28.4178,77.0628
3072,flat,pareena laxmi apartments,sector 99a,0.32,6106.0,2,2,2,2.0,New Property,I68596870,473.0,0,0,0,0,0,0,50,"28.4561° N, 76.9542° E",28.4561,76.9542
3073,flat,dlf park place,sector 54,4.86,25920.0,3,4,3+,7.0,Relatively New,F69409432,1875.0,0,0,0,1,0,2,49,"28.4348° N, 77.1089° E",28.4348,77.1089
3074,flat,antriksh heights,sector 84,0.94,7000.0,3,2,3+,10.0,New Property,S69210858,1222.0,1,0,0,0,0,2,89,"28.3979° N, 76.9736° E",28.3979,76.9736
3075,house,independent,sector 28,8.4,34568.0,4,4,3+,2.0,Relatively New,D70213920,2430.0,0,1,1,1,0,2,139,"28.4728° N, 77.0865° E",28.4728,77.0865
3076,flat,dlf regal gardens,sector 90,1.25,7339.0,3,3,3,28.0,Moderately Old,O68651740,1541.0,0,0,0,1,0,0,38,"28.4085° N, 76.9369° E",28.4085,76.9369
3077,flat,emaar mgf palm hills,sector 77,1.09,5382.0,3,4,3+,5.0,Relatively New,L69723046,1833.0,0,0,0,1,1,2,167,"28.3801° N, 76.9845° E",28.3801,76.9845
3078,flat,m3m golfestate,sector 65,6.15,18331.0,3,4,2,20.0,Relatively New,L68803564,3355.0,0,0,0,0,0,0,34,"28.4030° N, 77.0690° E",28.403,77.069
3079,flat,godrej frontier,sector 80,1.4,6189.0,3,4,2,10.0,Moderately Old,N69444722,1854.0,0,1,1,0,0,0,111,"28.3659° N, 76.9557° E",28.3659,76.9557
3080,house,independent,sector 4,0.47,8012.0,2,1,1,1.0,Moderately Old,J68363212,624.0,0,0,1,0,0,0,0,"28.4738° N, 77.0107° E",28.4738,77.0107
3081,flat,m3m skywalk,sector 74,2.25,12500.0,3,3,3,5.0,Relatively New,S69816868,1900.0,1,0,0,0,0,0,174,"28.4158° N, 77.0118° E",28.4158,77.0118
3082,flat,m3m heights,sector 65,2.01,13500.0,2,2,3,8.0,New Property,T69385436,1482.0,1,0,0,0,0,0,44,"28.4030° N, 77.0690° E",28.403,77.069
3083,house,4s aradhya homes,sector 67a,1.83,6778.0,4,4,2,4.0,New Property,U68242934,2700.0,0,1,0,0,0,2,145,"28.3960° N, 77.0372° E",28.396,77.0372
3084,flat,shapoorji pallonji joyville gurugram,sector 102,1.35,9933.0,2,2,2,9.0,Relatively New,M69125514,1230.0,0,0,0,0,0,0,100,"28.4750° N, 76.9715° E",28.475,76.9715
3085,flat,m3m golfestate,sector 65,6.15,18287.0,3,3,3,23.0,Moderately Old,H69765162,3027.0,1,0,0,1,0,2,60,"28.4030° N, 77.0690° E",28.403,77.069
3086,house,unitech uniworld resorts,sector 33,11.0,26667.0,5,6,3,3.0,New Property,C35305315,4125.0,1,0,0,1,0,0,58,"28.4420° N, 77.0207° E",28.442,77.0207
3087,flat,mapsko paradise,sector 83,0.95,6300.0,3,3,3,1.0,Moderately Old,J65714748,1489.0,0,0,0,0,0,0,0,"28.3986° N, 76.9647° E",28.3986,76.9647
3088,flat,emaar palm gardens,sector 83,1.76,9263.0,3,3,3,5.0,Relatively New,M69824034,1600.0,0,0,0,1,0,2,174,"28.3986° N, 76.9647° E",28.3986,76.9647
3089,flat,ats tourmaline,sector 109,2.95,9365.0,4,5,3+,10.0,Relatively New,T69512580,2851.0,0,0,0,1,0,0,101,"28.5073° N, 77.0089° E",28.5073,77.0089
3090,flat,tulip violet,sector 69,1.51,9569.0,3,3,2,0.0,Relatively New,V68470842,1325.0,0,1,0,0,0,1,165,"28.3966° N, 77.0341° E",28.3966,77.0341
3091,flat,vatika city homes,sector 83,0.8,6060.0,2,2,2,8.0,Moderately Old,Q67948682,1195.0,0,0,1,0,0,0,22,"28.3986° N, 76.9647° E",28.3986,76.9647
3092,flat,smart world gems,sector 89,0.85,7706.0,2,2,2,2.0,Under Construction,M68877560,1226.0,1,0,0,0,0,0,45,"28.4253° N, 76.9439° E",28.4253,76.9439
3093,flat,emaar mgf emerald floors premier,sector 65,2.36,14303.0,3,3,3,0.0,Relatively New,E66198642,1493.0,1,0,0,1,0,2,159,"28.4030° N, 77.0690° E",28.403,77.069
3094,flat,m3m skywalk,sector 74,1.5,12500.0,2,2,3,17.0,Relatively New,B69816832,1300.0,0,0,1,0,0,0,174,"28.4158° N, 77.0118° E",28.4158,77.0118
3095,flat,supertech hues,sector 68,0.82,6950.0,2,2,3+,21.0,Under Construction,G39938621,1068.0,0,0,0,0,1,0,72,"28.3853° N, 77.0484° E",28.3853,77.0484
3096,flat,m3m golfestate,sector 65,5.9,17543.0,3,3,3,9.0,Moderately Old,Y70109168,3043.0,1,0,0,0,0,1,21,"28.4030° N, 77.0690° E",28.403,77.069
3097,flat,godrej summit,sector 104,1.2,8298.0,3,2,3+,16.0,Relatively New,S51643710,1607.0,1,1,0,0,0,2,142,"28.4788° N, 76.9960° E",28.4788,76.996
3098,flat,shree vardhman victoria,sector 70,1.6,8205.0,3,5,3,6.0,Relatively New,O69321432,1527.0,0,0,0,1,0,0,108,"28.3968° N, 77.0233° E",28.3968,77.0233
3099,flat,la vida by tata housing,sector 113,3.72,13984.0,5,4,3+,0.0,New Property,N70165386,2956.0,0,1,0,0,0,1,44,"28.5287° N, 77.0233° E",28.5287,77.0233
3100,house,independent,sector 45,17.0,37778.0,5,8,3+,3.0,Relatively New,T68644254,4500.0,1,1,1,1,0,1,152,"28.4466° N, 77.0660° E",28.4466,77.066
3101,house,international city by sobha phase 2,sector 109,6.44,26502.0,4,5,3+,3.0,New Property,H70194344,2430.0,1,1,1,1,0,0,138,"28.5073° N, 77.0089° E",28.5073,77.0089
3102,house,independent,sector 43,3.35,26973.0,1,1,0,1.0,Old Property,T64714338,1242.0,0,0,0,0,0,0,9,"28.4629° N, 77.0772° E",28.4629,77.0772
3103,flat,tarc maceo,sector 91,1.9,6975.0,4,4,3,9.0,Relatively New,B70084692,2465.0,0,0,0,1,0,0,120,"28.4014° N, 76.9225° E",28.4014,76.9225
3104,flat,ss residency,sector 12,0.53,4818.0,3,3,2,2.0,Relatively New,F55342964,995.0,0,0,0,0,0,2,14,"28.4723° N, 77.0320° E",28.4723,77.032
3105,house,independent,sector 10a,3.6,19608.0,3,4,3,3.0,Moderately Old,J69608530,1836.0,0,1,0,0,0,2,28,"28.4469° N, 77.0106° E",28.4469,77.0106
3106,flat,ats triumph,sector 104,1.75,7641.0,3,4,3+,12.0,Relatively New,R69157572,2036.0,1,1,0,1,1,2,21,"28.4788° N, 76.9960° E",28.4788,76.996
3107,flat,ireo victory valley,sector 67,3.05,12650.0,3,3,3+,21.0,Relatively New,F68711924,2029.0,0,0,0,1,0,2,157,"28.3859° N, 77.0608° E",28.3859,77.0608
3108,house,emaar emerald hills,sector 65,12.5,34722.0,4,4,3+,2.0,Relatively New,P69832028,3600.0,1,0,0,1,0,0,56,"28.4030° N, 77.0690° E",28.403,77.069
3109,flat,dlf new town heights,sector 90,1.99,7297.0,4,4,3+,9.0,Relatively New,P68756334,3030.0,0,1,0,1,0,2,102,"28.4085° N, 76.9369° E",28.4085,76.9369
3110,house,emaar mgf marbella,sector 66,8.8,41608.0,4,4,3+,3.0,Relatively New,T68077742,2115.0,0,1,1,1,0,0,107,"28.3925° N, 77.0541° E",28.3925,77.0541
3111,flat,emaar gurgaon greens,sector 102,1.55,9393.0,3,4,3,7.0,Relatively New,L69371102,1315.0,0,0,0,1,0,2,152,"28.4750° N, 76.9715° E",28.475,76.9715
3112,house,independent,sector 55,5.0,44444.0,2,9,3+,5.0,New Property,L69907826,1125.0,0,0,0,0,1,2,44,"28.4281° N, 77.1100° E",28.4281,77.11
3113,flat,suncity platinum towers,sector 28,6.2,23091.0,3,4,3+,21.0,Relatively New,H69546452,2000.0,0,0,0,1,0,2,160,"28.4728° N, 77.0865° E",28.4728,77.0865
3114,flat,vatika city,sector 49,2.65,11770.0,3,4,3,11.0,Moderately Old,H69430168,2251.0,0,1,0,1,0,2,140,"28.4121° N, 77.0480° E",28.4121,77.048
3115,flat,smart world orchard,sector 61,1.47,12250.0,2,2,2,2.0,Under Construction,S68849476,1333.0,1,0,0,0,0,0,76,"28.4050° N, 77.0963° E",28.405,77.0963
3116,flat,prime habitat,sector 99a,0.27,5432.0,2,2,1,4.0,New Property,H55001796,552.0,0,0,0,0,0,0,7,"28.4561° N, 76.9542° E",28.4561,76.9542
3117,flat,godrej frontier,sector 80,1.1,5705.0,3,3,3,8.0,Moderately Old,Q69444740,1580.0,0,0,0,1,0,0,111,"28.3659° N, 76.9557° E",28.3659,76.9557
3118,flat,unitech the residences,sector 33,1.55,9872.0,3,4,1,1.0,Relatively New,V65879520,1421.0,0,0,0,1,0,0,37,"28.4420° N, 77.0207° E",28.442,77.0207
3119,flat,ats triumph,sector 104,2.5,7936.0,4,4,3+,14.0,New Property,D68280420,2851.0,0,0,0,1,0,0,21,"28.4788° N, 76.9960° E",28.4788,76.996
3120,house,madan puri,sector 7,0.75,12500.0,3,5,3,3.0,Moderately Old,M63461930,600.0,0,0,0,0,0,0,0,"28.4644° N, 77.0143° E",28.4644,77.0143
3121,flat,unitech harmony,sector 50,2.6,9590.0,3,4,2,15.0,Relatively New,Y69284872,2700.0,0,0,0,1,1,2,174,"28.4178° N, 77.0628° E",28.4178,77.0628
3122,house,unitech espace,sector 50,11.29,34846.0,5,5,3+,2.0,Moderately Old,N69179202,3240.0,1,1,0,0,0,0,21,"28.4178° N, 77.0628° E",28.4178,77.0628
3123,flat,ss,sector 85,2.09,7432.0,4,4,3,8.0,Relatively New,L70088218,2600.0,1,1,0,1,0,0,49,"28.4042° N, 76.9513° E",28.4042,76.9513
3124,flat,chintels paradiso,sector 109,2.0,7604.0,4,4,2,11.0,Relatively New,C56670412,2380.0,0,1,0,1,0,0,64,"28.5073° N, 77.0089° E",28.5073,77.0089
3125,flat,mapsko mount ville,sector 79,1.5,8264.0,3,4,3+,11.0,Relatively New,Z70021140,1416.0,0,0,0,1,0,2,144,"28.3624° N, 76.9787° E",28.3624,76.9787
3126,house,dlf gardencity enclave,sector 93,1.3,11284.0,3,2,1,3.0,Relatively New,T69893008,1152.0,0,0,0,0,0,0,50,"28.4153° N, 76.9326° E",28.4153,76.9326
3127,flat,signature global the millennia,sector 37d,0.55,9166.0,2,2,3,3.0,New Property,Y56040354,610.0,0,0,0,0,0,0,71,"28.4478° N, 76.9703° E",28.4478,76.9703
3128,flat,mittal surya vihar,sector 21,0.8,7079.0,2,2,2,6.0,Old Property,T64784442,1256.0,0,0,0,0,0,0,0,"28.5134° N, 77.0723° E",28.5134,77.0723
3129,flat,signature global solera,sector 107,0.4,6644.0,2,2,1,7.0,Relatively New,V69442008,577.0,0,0,0,0,0,2,55,"28.5052° N, 76.9729° E",28.5052,76.9729
3130,flat,the close north,sector 50,2.51,11992.0,3,3,3,11.0,Moderately Old,R69466544,2093.0,0,1,1,0,0,2,109,"28.4178° N, 77.0628° E",28.4178,77.0628
3131,house,independent,sector 11,2.5,17857.0,5,4,3,1.0,Old Property,R66718122,1850.0,0,0,1,0,0,0,0,"28.4531° N, 77.0202° E",28.4531,77.0202
3132,flat,m3m the tree of life,sector 111,2.35,14551.0,3,3,3+,5.0,Under Construction,C67290172,1615.0,0,0,0,0,0,0,0,"28.5238° N, 77.0320° E",28.5238,77.032
3133,flat,m3m woodshire,sector 107,0.9,6590.0,2,2,3+,10.0,Relatively New,Q49874872,1236.0,0,0,0,0,1,2,49,"28.5052° N, 76.9729° E",28.5052,76.9729
3134,flat,emaar mgf emerald floors premier,sector 65,2.55,15454.0,3,3,3,3.0,Relatively New,K68787220,1650.0,1,0,0,1,0,0,21,"28.4030° N, 77.0690° E",28.403,77.069
3135,house,independent,sector 4,0.85,7522.0,3,3,0,1.0,Moderately Old,D69166642,1130.0,0,0,0,0,0,0,0,"28.4738° N, 77.0107° E",28.4738,77.0107
3136,flat,bestech park view city,sector 48,2.7,11713.0,3,3,3+,7.0,Relatively New,L69749636,2000.0,1,0,0,1,0,2,174,"28.4177° N, 77.0359° E",28.4177,77.0359
3137,house,independent,sector 17b,7.2,15926.0,4,4,2,1.0,Old Property,G57921422,4520.838,0,0,1,1,0,0,0,"28.4806° N, 77.0663° E",28.4806,77.0663
3138,house,unitech uniworld resorts,sector 33,8.0,17778.0,6,5,3+,4.0,Relatively New,W68021440,4500.0,0,0,0,0,0,0,0,"28.4420° N, 77.0207° E",28.442,77.0207
3139,house,independent,sector 14,4.5,20000.0,5,5,1,1.0,Relatively New,U69442134,2778.0,0,0,0,0,0,0,0,"28.4711° N, 77.0454° E",28.4711,77.0454
3140,flat,emaar palm heights,sector 77,1.75,11666.0,3,3,3+,11.0,Relatively New,B69603786,1900.0,0,0,0,1,0,0,94,"28.3801° N, 76.9845° E",28.3801,76.9845
3141,flat,bestech park view sanskruti,sector 92,1.83,7870.0,4,3,3,8.0,New Property,T69976534,2104.0,0,0,0,1,0,0,128,"28.4079° N, 76.9153° E",28.4079,76.9153
3142,flat,the close north,sector 50,2.35,11227.0,3,3,3,8.0,Moderately Old,Y69984822,2000.0,0,0,1,0,0,2,149,"28.4178° N, 77.0628° E",28.4178,77.0628
3143,flat,signature global the millennia 3,sector 37d,0.5,7142.0,3,3,2,2.0,Under Construction,V70119660,778.0,0,0,0,0,0,0,31,"28.4478° N, 76.9703° E",28.4478,76.9703
3144,flat,tulip violet,sector 69,1.6,10139.0,3,3,2,0.0,Relatively New,J69393258,1428.0,0,1,0,0,0,0,49,"28.3966° N, 77.0341° E",28.3966,77.0341
3145,flat,dlf new town heights,sector 90,1.88,6894.0,4,4,3+,20.0,Relatively New,Y69266094,2726.0,0,1,0,1,0,0,145,"28.4085° N, 76.9369° E",28.4085,76.9369
3146,flat,vipul lavanya,sector 81,0.6,6666.0,2,2,1,0.0,Under Construction,L69566220,814.0,0,0,0,0,0,0,0,"28.3867° N, 76.9485° E",28.3867,76.9485
3147,flat,pareena mi casa,sector 68,1.1,8835.0,2,2,3,11.0,New Property,O62756540,1127.0,0,0,0,0,0,0,95,"28.3853° N, 77.0484° E",28.3853,77.0484
3148,flat,smart world orchard,sector 61,1.55,13478.0,2,2,1,3.0,Under Construction,J69259248,1041.0,1,0,0,0,0,0,43,"28.4050° N, 77.0963° E",28.405,77.0963
3149,flat,ss the leaf,sector 85,1.75,7267.0,3,4,3,8.0,Relatively New,B69418558,2179.0,0,0,0,1,0,0,49,"28.4042° N, 76.9513° E",28.4042,76.9513
3150,flat,emaar mgf emerald estate,sector 65,1.7,21013.0,3,3,3,7.0,Relatively New,X65037590,1081.0,1,0,0,0,0,2,116,"28.4030° N, 77.0690° E",28.403,77.069
3151,flat,dlf the skycourt,sector 86,1.55,8031.0,3,3,1,12.0,Relatively New,S69597888,1900.0,0,1,0,0,0,2,153,"28.3986° N, 76.9384° E",28.3986,76.9384
3152,flat,vatika lifestyle homes,sector 83,1.05,5982.0,3,3,2,14.0,Relatively New,G69846948,1588.0,1,1,1,1,0,2,174,"28.3986° N, 76.9647° E",28.3986,76.9647
3153,flat,dlf the ultima,sector 81,2.25,10553.0,3,3,3+,6.0,New Property,A69084776,1929.0,0,0,0,1,0,1,168,"28.3867° N, 76.9485° E",28.3867,76.9485
3154,house,independent,sector 45,4.49,24455.0,3,9,3+,3.0,Moderately Old,L63995514,1836.0,0,0,0,0,1,2,90,"28.4466° N, 77.0660° E",28.4466,77.066
3155,flat,sunischit apartments,sector 54,1.75,7954.0,3,4,3+,5.0,Moderately Old,O69835796,1900.0,0,0,0,1,0,2,83,"28.4348° N, 77.1089° E",28.4348,77.1089
3156,flat,indiabulls centrum park,sector 103,1.33,8580.0,3,3,3+,8.0,Relatively New,E69048512,1671.0,1,0,0,0,0,0,150,"28.4949° N, 76.9845° E",28.4949,76.9845
3157,house,eros rosewood villas,sector 49,2.75,19841.0,3,3,1,2.0,Old Property,T69768202,1386.0,0,0,0,0,1,2,80,"28.4121° N, 77.0480° E",28.4121,77.048
3158,house,independent,sector 9,0.22,7407.0,2,2,2,1.0,Old Property,U69720456,37.0,0,0,0,0,0,0,0,"28.4603° N, 77.0000° E",28.4603,77.0
3159,flat,godrej air,sector 85,1.75,9589.0,3,3,2,27.0,Relatively New,X69040728,1825.0,0,0,0,0,0,0,44,"28.4042° N, 76.9513° E",28.4042,76.9513
3160,house,independent,sector 6,1.25,11574.0,2,5,1,2.0,New Property,S68260580,120.0,0,1,0,0,0,0,0,"28.4745° N, 77.0262° E",28.4745,77.0262
3161,flat,vatika the seven lamps,sector 82,1.0,6969.0,2,2,2,14.0,Relatively New,T50595014,1299.0,1,0,0,0,1,0,69,"28.3935° N, 76.9600° E",28.3935,76.96
3162,flat,central park resorts,sector 48,3.65,15240.0,3,3,3+,9.0,Relatively New,B34721721,2395.0,0,0,0,0,1,2,157,"28.4177° N, 77.0359° E",28.4177,77.0359
3163,flat,tulip violet,sector 69,1.55,9822.0,3,3,2,5.0,Relatively New,H69300358,1428.0,0,1,0,0,0,0,99,"28.3966° N, 77.0341° E",28.3966,77.0341
3164,flat,ss the leaf,sector 85,1.3,10483.0,2,2,3+,10.0,Relatively New,S69963366,1491.0,0,0,1,0,0,0,148,"28.4042° N, 76.9513° E",28.4042,76.9513
3165,flat,the close north,sector 50,2.92,11209.0,3,3,3,10.0,Moderately Old,A70103770,2600.0,0,0,0,1,0,2,174,"28.4178° N, 77.0628° E",28.4178,77.0628
3166,flat,experion windchants,sector 112,3.1,20666.0,2,2,3,9.0,Relatively New,F70095128,1500.0,1,0,1,1,0,2,80,"28.5189° N, 77.0183° E",28.5189,77.0183
3167,flat,ss the leaf,sector 85,2.15,8928.0,3,5,3,2.0,New Property,I68407694,2179.0,0,0,0,0,0,0,53,"28.4042° N, 76.9513° E",28.4042,76.9513
3168,flat,bptp terra,sector 37d,1.67,7622.0,4,4,3,11.0,Relatively New,G70095248,2091.0,0,0,0,0,0,2,149,"28.4478° N, 76.9703° E",28.4478,76.9703
3169,flat,ss the leaf,sector 85,1.84,7641.0,3,4,3,8.0,Relatively New,E69389662,2026.0,0,1,0,0,0,0,158,"28.4042° N, 76.9513° E",28.4042,76.9513
3170,flat,m3m woodshire,sector 107,0.98,6421.0,2,2,3,7.0,Relatively New,H69545194,1281.0,1,0,0,0,0,2,174,"28.5052° N, 76.9729° E",28.5052,76.9729
3171,house,independent,sector 9,0.5,6083.0,3,2,1,1.0,Old Property,V69857066,822.0,0,0,0,0,0,0,0,"28.4603° N, 77.0000° E",28.4603,77.0
3172,flat,ansal housing highland park,sector 103,1.1,6242.0,3,3,3+,7.0,New Property,L69361320,1500.0,0,0,0,0,0,0,87,"28.4949° N, 76.9845° E",28.4949,76.9845
3173,flat,dlf regal gardens,sector 90,1.65,7449.0,4,4,3+,15.0,Relatively New,Y69685488,2214.0,0,0,0,0,0,0,158,"28.4085° N, 76.9369° E",28.4085,76.9369
3174,flat,la vida by tata housing,sector 113,1.32,10344.0,2,2,2,3.0,Relatively New,I69730598,1199.0,0,0,0,0,0,0,49,"28.5287° N, 77.0233° E",28.5287,77.0233
3175,flat,bestech park view ananda,sector 81,1.35,7541.0,3,3,3+,8.0,Old Property,R70035130,1989.0,0,0,0,0,0,0,114,"28.3867° N, 76.9485° E",28.3867,76.9485
3176,flat,rof ananda,sector 95,0.55,5500.0,3,2,2,14.0,New Property,O69600598,866.0,1,0,0,0,0,1,30,"28.4172° N, 76.9081° E",28.4172,76.9081
3177,flat,emaar gurgaon greens,sector 102,1.45,8787.0,3,3,2,7.0,Relatively New,T69411388,1493.0,0,0,0,1,0,0,169,"28.4750° N, 76.9715° E",28.475,76.9715
3178,flat,vatika city,sector 49,1.85,10578.0,3,3,1,7.0,Moderately Old,N66583826,1471.12,0,1,1,0,0,0,158,"28.4121° N, 77.0480° E",28.4121,77.048
3179,house,ansal sushant lok plots,sector 43,5.8,29974.0,6,6,3,2.0,Relatively New,J69624624,1935.0,0,0,0,1,1,2,49,"28.4629° N, 77.0772° E",28.4629,77.0772
3180,flat,ats kocoon,sector 109,1.7,9742.0,3,3,3,22.0,Relatively New,Z50041228,1550.0,0,0,0,0,0,0,74,"28.5073° N, 77.0089° E",28.5073,77.0089
3181,house,independent,sector 2,19.5,27083.0,8,9,3+,2.0,New Property,W68241700,7200.0,1,1,0,1,0,0,122,"28.5095° N, 77.0320° E",28.5095,77.032
3182,flat,shapoorji pallonji joyville gurugram,sector 102,1.99,20664.0,2,2,2,14.0,New Property,V69824946,1145.0,0,0,0,0,0,0,152,"28.4750° N, 76.9715° E",28.475,76.9715
3183,house,anshul,sector 6,0.85,7727.0,2,2,0,4.0,Moderately Old,F67900556,1222.0,0,0,0,0,0,0,0,"28.4745° N, 77.0262° E",28.4745,77.0262
3184,flat,sobha city,sector 108,3.95,16859.0,4,5,3,25.0,Relatively New,R68822708,2343.0,0,0,0,0,0,0,59,"28.5134° N, 76.9830° E",28.5134,76.983
3185,flat,rof ananda,sector 95,0.2,5599.0,1,1,1,2.0,Relatively New,L69979122,407.0,0,1,0,0,0,0,53,"28.4172° N, 76.9081° E",28.4172,76.9081
3186,flat,ambience creacions,sector 22,2.0,14492.0,2,2,2,9.0,Relatively New,P68625470,1533.0,0,0,0,0,0,0,49,"28.5072° N, 77.0640° E",28.5072,77.064
3187,flat,tulip violet,sector 69,3.25,10105.0,4,5,3+,14.0,Relatively New,L69323084,2910.0,0,1,0,0,1,0,20,"28.3966° N, 77.0341° E",28.3966,77.0341
3188,flat,bestech park view ananda,sector 81,0.95,6985.0,2,2,2,13.0,Relatively New,Y69327112,1150.0,0,0,0,0,0,2,167,"28.3867° N, 76.9485° E",28.3867,76.9485
3189,flat,parsvnath exotica,sector 53,5.0,17271.0,3,4,3+,8.0,Relatively New,V70094774,2500.0,0,1,0,1,1,2,49,"28.4433° N, 77.0948° E",28.4433,77.0948
3190,flat,dlf the primus,sector 82a,1.8,13846.0,3,3,3+,10.0,Relatively New,I69085210,1545.0,0,0,0,1,0,1,174,"28.3858° N, 76.9686° E",28.3858,76.9686
3191,flat,vatika gurgaon,sector 83,1.18,6801.0,3,3,2,14.0,Relatively New,M69428292,1618.0,0,0,0,0,0,0,26,"28.3986° N, 76.9647° E",28.3986,76.9647
3192,flat,ansal api esencia,sector 67,1.2,7407.0,3,3,2,1.0,Relatively New,L68976432,200.0,0,0,0,0,0,0,49,"28.3859° N, 77.0608° E",28.3859,77.0608
3193,house,independent,sector 43,5.75,29716.0,4,4,2,2.0,Old Property,Z67860202,1935.0,0,1,1,1,0,0,34,"28.4629° N, 77.0772° E",28.4629,77.0772
3194,house,sushant lok 1 builder floors,sector 43,6.25,30728.0,7,7,3+,3.0,Moderately Old,P69506296,2034.0,1,0,1,1,0,0,46,"28.4629° N, 77.0772° E",28.4629,77.0772
3195,flat,m3m skycity,sector 65,2.0,15267.0,2,2,2,16.0,New Property,N67311426,1186.0,0,0,0,0,0,2,174,"28.4030° N, 77.0690° E",28.403,77.069
3196,flat,ambience creacions,sector 22,1.99,14420.0,2,2,2,9.0,New Property,M69440724,1285.0,1,1,0,1,0,0,20,"28.5072° N, 77.0640° E",28.5072,77.064
3197,house,independent,sector 43,5.5,28424.0,1,1,0,1.0,Old Property,D69146272,1935.0,0,0,0,0,1,0,12,"28.4629° N, 77.0772° E",28.4629,77.0772
3198,flat,godrej frontier,sector 80,1.4,6189.0,3,4,2,6.0,Moderately Old,J69270018,1922.0,0,1,0,1,0,0,111,"28.3659° N, 76.9557° E",28.3659,76.9557
3199,flat,kw royal court,sector 39,2.0,6250.0,5,4,3,9.0,Old Property,U69795940,3556.0,0,0,0,1,0,1,49,"28.4434° N, 77.0515° E",28.4434,77.0515
3200,flat,vatika the seven lamps,sector 82,0.94,6533.0,2,2,3+,9.0,Relatively New,Z69523524,1299.0,1,0,0,0,0,2,117,"28.3935° N, 76.9600° E",28.3935,76.96
3201,house,independent,sector 26,18.9,41833.0,6,8,2,3.0,Relatively New,A69373938,4518.0,1,1,1,1,0,2,120,"28.4757° N, 77.1032° E",28.4757,77.1032
3202,flat,tulip violet,sector 69,1.66,10134.0,3,3,2,0.0,Relatively New,R69722710,1482.0,0,0,0,0,0,0,157,"28.3966° N, 77.0341° E",28.3966,77.0341
3203,flat,ss the leaf,sector 85,1.91,5026.0,4,6,3,6.0,Relatively New,A65907466,3890.0,0,0,0,1,0,0,174,"28.4042° N, 76.9513° E",28.4042,76.9513
3204,flat,vatika lifestyle homes,sector 83,1.15,8214.0,3,3,1,7.0,Moderately Old,J65960942,1607.0,0,0,0,0,0,2,95,"28.3986° N, 76.9647° E",28.3986,76.9647
3205,house,independent,sector 105,0.65,9028.0,3,2,1,1.0,Relatively New,Q69876148,720.0,0,1,0,0,1,0,14,"28.4952° N, 77.0114° E",28.4952,77.0114
3206,flat,bestech park view city,sector 48,4.25,9334.0,4,5,3+,14.0,Moderately Old,R65933608,4120.0,1,0,0,0,0,2,81,"28.4177° N, 77.0359° E",28.4177,77.0359
3207,flat,emaar mgf emerald floors premier,sector 110,2.36,14303.0,3,3,3,2.0,Relatively New,I69303958,1524.0,1,0,0,1,0,2,136,"28.5145° N, 77.0197° E",28.5145,77.0197
3208,flat,bestech park view ananda,sector 81,0.95,10626.0,2,2,2,2.0,Relatively New,G57832326,1112.0,0,0,0,0,0,2,104,"28.3867° N, 76.9485° E",28.3867,76.9485
3209,flat,indiabulls centrum park,sector 103,1.34,7882.0,3,3,3+,12.0,Relatively New,C70002316,1725.0,1,1,1,1,0,2,38,"28.4949° N, 76.9845° E",28.4949,76.9845
3210,flat,microtek greenburg,sector 86,1.23,8310.0,2,2,3,13.0,Relatively New,V69168616,1339.0,1,0,0,0,0,0,6,"28.3986° N, 76.9384° E",28.3986,76.9384
3211,flat,m3m skycity,sector 65,2.85,15590.0,3,3,3,43.0,Under Construction,K68618946,1828.0,0,0,0,0,0,0,115,"28.4030° N, 77.0690° E",28.403,77.069
3212,flat,pareena mi casa,sector 68,1.15,9236.0,2,2,3,8.0,New Property,V69933972,1127.0,0,0,0,0,0,0,49,"28.3853° N, 77.0484° E",28.3853,77.0484
3213,flat,birla navya,sector 63a,3.5,25926.0,3,3,3,1.0,Under Construction,W63605720,1350.0,0,0,0,0,0,0,38,"28.3923° N, 77.0888° E",28.3923,77.0888
3214,house,independent,sector 23,5.0,16244.0,4,4,2,2.0,Old Property,P69758754,3078.0,0,0,0,0,0,0,7,"28.5121° N, 77.0478° E",28.5121,77.0478
3215,flat,mittal surya vihar,sector 21,1.4,5833.0,5,4,2,2.0,Moderately Old,T69301952,2172.0,0,0,0,0,0,0,0,"28.5134° N, 77.0723° E",28.5134,77.0723
3216,house,independent,sector 50,11.58,35741.0,5,5,3,2.0,Moderately Old,E69549126,3240.0,0,0,0,1,0,0,20,"28.4178° N, 77.0628° E",28.4178,77.0628
3217,flat,m3m golfestate,sector 65,7.0,18181.0,3,3,2,12.0,Moderately Old,A68297026,4278.0,0,0,1,0,0,0,60,"28.4030° N, 77.0690° E",28.403,77.069
3218,flat,la vida by tata housing,sector 113,1.9,18500.0,3,2,2,10.0,Relatively New,Y69198780,1285.0,0,1,0,0,0,2,174,"28.5287° N, 77.0233° E",28.5287,77.0233
3219,flat,gls avenue 51,sector 92,0.39,6077.0,3,3,3+,6.0,Relatively New,Z68627274,713.0,0,0,0,0,0,0,104,"28.4079° N, 76.9153° E",28.4079,76.9153
3220,flat,paras dews,sector 106,1.1,9734.0,3,4,3+,8.0,Relatively New,U68323394,1186.0,0,0,0,1,0,2,174,"28.5007° N, 77.0003° E",28.5007,77.0003
3221,house,satya the legend,sector 57,9.25,16577.0,5,5,3+,4.0,Relatively New,R69642358,5580.0,1,1,1,1,0,2,160,"28.4232° N, 77.0752° E",28.4232,77.0752
3222,flat,experion windchants,sector 112,3.29,11741.0,3,3,3+,2.0,Relatively New,R60457544,2225.56,0,0,0,1,0,2,152,"28.5189° N, 77.0183° E",28.5189,77.0183
3223,flat,m3m capital,sector 113,3.25,14142.0,4,4,3+,34.0,Under Construction,F68896920,2553.0,1,1,0,1,0,0,115,"28.5287° N, 77.0233° E",28.5287,77.0233
3224,flat,adani brahma samsara vilasa,sector 63,4.49,14254.0,4,4,3+,3.0,New Property,F69846748,3150.0,0,0,0,0,0,2,96,"28.3971° N, 77.0867° E",28.3971,77.0867
3225,house,independent,sector 3,0.55,6707.0,2,2,1,2.0,Moderately Old,S47744257,810.0,0,0,0,0,0,0,0,"28.4909° N, 77.0176° E",28.4909,77.0176
3226,house,independent,sector 11,4.0,19753.0,5,4,1,2.0,Moderately Old,U68068324,2025.0,0,0,0,0,0,0,0,"28.4531° N, 77.0202° E",28.4531,77.0202
3227,house,project mianwali colony,sector 12,2.0,14815.0,5,5,2,3.0,Old Property,P65742804,1350.0,0,0,0,0,0,0,0,"28.4723° N, 77.0320° E",28.4723,77.032
3228,flat,bestech park view sanskruti,sector 92,1.42,7760.0,3,3,2,10.0,Relatively New,N68749064,1738.0,0,0,0,0,0,0,117,"28.4079° N, 76.9153° E",28.4079,76.9153
3229,flat,ats kocoon,sector 109,2.95,10350.0,4,4,3+,7.0,Relatively New,Z69572988,3150.0,0,0,1,1,0,2,158,"28.5073° N, 77.0089° E",28.5073,77.0089
3230,flat,bptp terra,sector 37d,1.17,8297.0,2,2,2,0.0,Relatively New,W69273846,1276.0,0,0,0,0,0,0,107,"28.4478° N, 76.9703° E",28.4478,76.9703
3231,flat,chd avenue,sector 71,1.2,7407.0,3,3,3,4.0,Relatively New,N69115998,1466.0,0,0,0,0,1,2,49,"28.4104° N, 77.0281° E",28.4104,77.0281
3232,flat,experion the heartsong,sector 108,1.65,8237.0,3,4,3,3.0,Moderately Old,M68292792,1771.32,1,0,0,0,0,2,75,"28.5134° N, 76.9830° E",28.5134,76.983
3233,flat,ss the leaf,sector 85,2.05,7290.0,4,4,3+,4.0,Relatively New,T69980168,2500.0,0,0,0,1,0,2,49,"28.4042° N, 76.9513° E",28.4042,76.9513
3234,flat,vatika lifestyle homes,sector 83,1.04,5699.0,3,2,2,2.0,Moderately Old,P64577144,1500.0,0,0,0,0,0,0,95,"28.3986° N, 76.9647° E",28.3986,76.9647
3235,flat,unitech fresco,sector 50,1.82,9912.0,3,3,3+,14.0,Moderately Old,R70104422,1830.0,0,0,0,0,1,2,174,"28.4178° N, 77.0628° E",28.4178,77.0628
3236,flat,pyramid pride,sector 76,0.5,6578.0,2,2,1,8.0,Under Construction,M69302150,844.0,0,0,0,0,0,0,76,"28.3935° N, 76.9888° E",28.3935,76.9888
3237,flat,suncity vatsal valley,gwal pahari,1.28,9552.0,3,3,3,1.0,Relatively New,W69855192,1489.0,0,0,0,0,0,2,49,"28.4484° N, 77.0210° E",28.4484,77.021
3238,flat,m3m woodshire,sector 107,1.35,5717.0,3,4,3+,8.0,Relatively New,L57828948,1950.0,0,0,0,1,0,2,74,"28.5052° N, 76.9729° E",28.5052,76.9729
3239,house,independent,sector 105,1.15,3285.0,3,2,1,1.0,Moderately Old,F68803576,3889.0,0,0,0,0,0,0,0,"28.4952° N, 77.0114° E",28.4952,77.0114
3240,flat,dlf the icon,sector 43,5.25,20388.0,4,4,3,9.0,Old Property,J52249128,2570.0,0,1,0,1,1,0,135,"28.4629° N, 77.0772° E",28.4629,77.0772
3241,flat,ramprastha skyz,sector 37d,1.1,6376.0,3,3,3+,7.0,Under Construction,V68710666,1561.0,0,0,0,0,0,0,109,"28.4478° N, 76.9703° E",28.4478,76.9703
3242,flat,zara aavaas,sector 104,0.65,8519.0,3,2,2,7.0,New Property,X69156292,848.0,0,0,0,0,0,0,65,"28.4788° N, 76.9960° E",28.4788,76.996
3243,flat,tulip violet,sector 69,3.1,9822.0,4,6,3+,14.0,Relatively New,G69429952,2817.0,0,1,0,1,0,0,174,"28.3966° N, 77.0341° E",28.3966,77.0341
3244,flat,hero homes,sector 104,1.75,10361.0,3,3,3,2.0,Under Construction,Q68490110,1529.0,0,0,0,0,0,0,30,"28.4788° N, 76.9960° E",28.4788,76.996
3245,flat,raheja revanta,sector 78,1.2,10018.0,1,2,2,32.0,Under Construction,P59185856,823.0,0,0,0,0,0,0,39,"28.3733° N, 76.9729° E",28.3733,76.9729
3246,flat,tata gurgaon gateway,sector 113,3.21,11825.0,3,3,3,9.0,New Property,X69133318,2281.0,0,0,0,0,0,0,49,"28.5287° N, 77.0233° E",28.5287,77.0233
3247,flat,emaar digihomes,sector 62,2.1,13925.0,2,2,3,12.0,New Property,V70088016,1500.0,0,0,0,0,1,2,49,"28.4139° N, 77.0886° E",28.4139,77.0886
3248,flat,ireo victory valley,sector 67,2.87,11903.0,3,3,3+,16.0,Relatively New,Q69547376,2095.0,0,0,0,1,0,2,174,"28.3859° N, 77.0608° E",28.3859,77.0608
3249,house,independent,sector 57,4.75,28788.0,3,3,3,2.0,Moderately Old,G70375184,1650.0,0,0,1,0,0,2,96,"28.4232° N, 77.0752° E",28.4232,77.0752
3250,flat,signature global grand iva,sector 103,0.5,6250.0,2,2,2,10.0,Relatively New,X69787428,698.0,0,0,0,0,0,0,8,"28.4949° N, 76.9845° E",28.4949,76.9845
3251,house,independent,sector 23,2.9,11600.0,4,4,3,2.0,Relatively New,J69794574,2500.0,0,0,0,1,0,2,43,"28.5121° N, 77.0478° E",28.5121,77.0478
3252,flat,smart world gems,sector 89,0.9,8159.0,2,2,2,3.0,New Property,D69952094,998.0,1,0,0,0,1,0,95,"28.4253° N, 76.9439° E",28.4253,76.9439
3253,house,u block dlf phase 3 road no 21,sector 24,1.6,3292.0,7,5,3+,4.0,Old Property,I59218166,540.0,0,0,0,0,0,0,0,"28.4939° N, 77.1038° E",28.4939,77.1038
3254,flat,m3m merlin,sector 67,3.5,14843.0,3,4,3+,15.0,Relatively New,U69847684,2134.0,0,0,0,1,0,2,158,"28.3859° N, 77.0608° E",28.3859,77.0608
3255,flat,siddhi vinayak apartments,sector 55,1.44,9600.0,3,3,2,6.0,Moderately Old,W67445304,1700.0,0,0,0,0,1,2,47,"28.4281° N, 77.1100° E",28.4281,77.11
3256,flat,indiabulls enigma,sector 110,4.49,11572.0,5,5,3+,4.0,Relatively New,A69959136,3511.0,0,0,0,1,0,0,165,"28.5145° N, 77.0197° E",28.5145,77.0197
3257,flat,godrej nature plus serenity,sector 33,1.45,8677.0,3,2,3,3.0,Under Construction,S69637792,1512.0,0,0,0,0,0,0,49,"28.4420° N, 77.0207° E",28.442,77.0207
3258,house,independent,sector 5,3.5,14787.0,5,4,2,2.0,Old Property,Q70384908,2367.0,0,1,0,0,1,0,36,"28.4794° N, 77.0176° E",28.4794,77.0176
3259,flat,pivotal devaan,sector 84,0.3,6666.0,1,1,1,14.0,New Property,F68728864,500.0,0,0,0,0,0,2,22,"28.3979° N, 76.9736° E",28.3979,76.9736
3260,flat,experion the heartsong,sector 108,0.9,7014.0,2,3,3,2.0,Relatively New,A66498092,978.23,0,0,0,1,0,0,94,"28.5134° N, 76.9830° E",28.5134,76.983
3261,flat,corona optus,sector 37c,1.43,7185.0,3,3,3+,2.0,Relatively New,N70044190,1845.0,1,0,0,1,1,0,49,"28.4515° N, 76.9882° E",28.4515,76.9882
3262,flat,vatika the seven lamps,sector 82,0.86,6022.0,2,2,2,12.0,Relatively New,K69141940,1294.0,1,0,0,0,0,2,135,"28.3935° N, 76.9600° E",28.3935,76.96
3263,flat,m3m heights,sector 65,2.86,14000.0,3,3,3,45.0,Under Construction,O70175164,2267.0,0,0,0,1,0,0,48,"28.4030° N, 77.0690° E",28.403,77.069
3264,flat,bestech park view city,sector 48,1.8,10250.0,3,4,3,3.0,Moderately Old,I64914368,1951.0,1,0,0,0,0,2,76,"28.4177° N, 77.0359° E",28.4177,77.0359
3265,house,independent,sector 3,0.8,8155.0,2,4,1,2.0,Moderately Old,J55756986,981.0,0,0,0,0,0,0,0,"28.4909° N, 77.0176° E",28.4909,77.0176
3266,flat,dlf park place,sector 54,4.85,30180.0,3,4,3+,6.0,Moderately Old,Y69723018,1607.0,0,0,0,1,0,1,158,"28.4348° N, 77.1089° E",28.4348,77.1089
3267,flat,supertech araville,sector 79,0.8,5266.0,2,2,2,12.0,New Property,G68851842,1688.0,1,0,0,0,0,0,49,"28.3624° N, 76.9787° E",28.3624,76.9787
3268,flat,tulip violet,sector 69,1.38,8966.0,3,3,1,12.0,Relatively New,B69355010,1392.0,0,1,0,0,0,0,86,"28.3966° N, 77.0341° E",28.3966,77.0341
3269,flat,dlf the primus,sector 82a,1.85,10176.0,3,3,3,15.0,Moderately Old,R69271406,1677.0,0,0,0,0,1,0,38,"28.3858° N, 76.9686° E",28.3858,76.9686
3270,flat,chintamani,sector 103,1.57,8509.0,3,3,3,1.0,Relatively New,K69908978,1845.0,0,0,0,0,0,0,0,"28.4949° N, 76.9845° E",28.4949,76.9845
3271,flat,smart world orchard,sector 61,2.0,12911.0,3,3,2,3.0,New Property,Q69870078,1721.0,0,0,0,0,1,0,61,"28.4050° N, 77.0963° E",28.405,77.0963
